id, pesel, Contract date, Permanence date
TnAed14DIn3Ext2A,26616784563,2019-09-06,2019-10-27
Iemv8WAXcxT9602N,19496763769,2019-03-26,2019-05-10
EiyynYUc2NzeCIPB,84969413644,2019-09-29,2019-11-02
JwMSyUkMXKvn7kMl,85975651547,2019-02-08,2019-04-29
FqtQpJus6lj35hAX,38825325448,2019-09-16,2019-09-17
AsxColWaqbJJN1li,46648884214,2019-10-23,2019-10-28
JMEjlPRO4nd4CL0e,49134928447,2019-01-01,2019-07-30
7uASRu8qkjqD30yx,33693715581,2019-08-29,2019-10-24
gf7GepQLt7eThKSk,63412729917,2019-01-19,2019-10-20
af009QtFDVL9e1ae,41811388357,2019-10-19,2019-10-22
nZwdRF9YjtGfnD47,12489285358,2019-06-04,2019-08-05
YgeQzz9nrKvIaPSO,11523442189,2018-08-15,2018-10-29
rvzmTi0khMIslrgO,86419654721,2019-07-25,2019-08-11
RuaPIk6RlkdM0iBE,73123577779,2019-03-19,2019-06-27
O0Wl7wQkxjKKjnVD,63256771558,2019-02-25,2019-02-26
rQ40K6qZBhr3Jjnq,87984731659,2018-10-19,2019-10-05
ZIZXKiLmPEdydey8,97696871564,2019-04-05,2019-05-07
tM4W1Qtx2ozkjf3G,31911753859,2019-07-11,2019-10-16
rU0b06rhmNNqoxHZ,15689565815,2019-09-05,2019-10-12
cHk5T50CFHEkCmfF,84211992625,2019-09-25,2019-10-19
58G8Adi9tj1EiO47,49239464362,2019-05-08,2019-08-03
UlxPBYqpjscvb2dO,58589111183,2019-06-10,2019-09-18
kA9QB2t3K1mEJFpR,13713544386,2018-11-20,2019-03-12
a7BpvR6h5c5DFwLx,89133873886,2018-09-27,2018-10-26
GN9sagGJIEO71fet,79135639133,2018-12-05,2019-05-11
Vue6DOxkSTrHdxVu,33543733584,2019-08-09,2019-09-12
Cb3PCiEKFGMe9XmS,81582849198,2019-01-11,2019-08-21
Thh7fP2r3lZ8yofz,73572619261,2019-04-21,2019-09-05
Xx7234rXCYeSBAGL,94448323494,2019-03-28,2019-04-16
N1qM6eWJ5EqJXUP7,15151243496,2019-02-20,2019-08-20
xC3YqDFmwO81pW2p,35542549629,2018-10-12,2019-07-07
dB1jg6MtQF4Q8Jwf,61663967186,2018-12-03,2019-05-28
tBIS7p7dTODSkACD,52293387196,2019-06-17,2019-10-16
vb5VOoebfxwvoRQf,28324521951,2019-04-23,2019-06-03
j8fqGGU1cGabyFhY,15593111338,2018-08-22,2019-07-25
glW6cQ2N2mixuAQC,96731458293,2018-11-26,2019-07-13
kvnD80Be9OUTANcr,99614186246,2019-08-19,2019-09-21
8OFRU3Hj76OKzX6v,48745965452,2018-11-18,2019-06-28
wZ5LlmDBPdkIlBBj,43939987733,2019-05-18,2019-08-09
Rp1fPkcl4xZr5DqR,98521227715,2018-08-29,2019-01-20
47Z2wpm2aSbjK7Bf,44811576231,2019-05-24,2019-11-04
Ikv1KXLJ3yxwuFBM,21155225571,2019-11-01,2019-11-01
x5ZLtdK7nTWrXKpX,32941235594,2018-11-26,2019-10-16
Hu2II5PWLjNoNu7G,57329986158,2018-11-05,2018-11-23
8ALnLQqX9bltrDjB,96659672625,2019-09-05,2019-09-30
8ThI8ZIaIDWViG8F,46533449695,2018-12-22,2019-05-16
HnTqlEdwhbamhFoU,91855966129,2019-06-19,2019-09-03
iFIvKLLbWGDpbV3d,22624362492,2019-08-10,2019-09-10
mQRobsW15ANhuM5d,25737817862,2019-10-08,2019-10-14
a3evq4E80frXmPYx,39633291169,2019-03-02,2019-08-10
om4HzueCkb7jixR4,11485496951,2018-09-21,2019-07-31
EdXsnSdlF6XgVC8I,71664249292,2018-12-06,2019-01-26
CuxSizNQfYBipjUo,73279944655,2019-08-16,2019-08-21
l3athPd8a2oQTkzh,71856294747,2018-11-29,2019-07-29
P5KeTRNodejIwAiR,32412151932,2018-09-18,2019-01-30
nZoIasLoZssGisMw,98776658816,2019-01-07,2019-02-10
FYRgFsx64nu0f7xy,28352357524,2019-09-17,2019-09-26
MTHZLq5f6JlyQZLL,88424715268,2019-10-08,2019-10-13
INnSycVO9jjrlAb8,45715232394,2019-02-08,2019-03-02
KUKoRWzUI4PDdWDF,64775396581,2018-11-13,2019-04-11
FjNTKxNqFIL0mFui,44252378117,2018-12-04,2019-09-08
UwRe9AEEwIArBzBD,83969542933,2018-08-22,2019-01-31
91G2mCqQuXX3i7ra,96946112884,2019-07-01,2019-09-19
jebPh0DPWKJWH7le,38199235235,2019-01-19,2019-04-07
rMIzNOj4gLDJACkD,97496758613,2019-07-24,2019-08-21
rfn4JdHZh19alLaJ,86685418484,2019-03-29,2019-04-05
aIKDA8Ll9CAEWxFn,22793233362,2019-01-07,2019-03-27
5cx4sLqjysWom0gD,59579474777,2019-02-15,2019-06-13
ucR1VbGd3p2VkzsR,29198724844,2019-01-07,2019-03-16
VTkUFE90sKAlYszd,21397351829,2019-01-08,2019-07-06
xIbMNmkVGhmgz7Lm,32637115128,2019-10-08,2019-11-04
nGooR4oRJ5wJZgph,29844986975,2018-08-10,2019-09-03
jJoucIntcDA0MxzQ,42419788957,2019-11-01,2019-11-02
Z57HbRjuppLTtwho,55278174536,2019-01-16,2019-02-23
EHobA9pC1OAZssvZ,95374648194,2018-10-15,2018-11-19
4dWMii1qULsbkBpD,49261525533,2019-04-18,2019-06-01
Y4HHQArIjGI75Wfu,51614437743,2019-07-25,2019-10-29
D8OyjFPoQfd8mTdd,33884714992,2018-09-13,2019-03-02
HRKr2lLNGOofbOOB,43348458193,2019-01-10,2019-07-17
lugT5rrjk1XE4gCK,18338577528,2019-09-22,2019-10-12
I9JzuMgvzxKHDgKD,95913314463,2019-03-23,2019-04-21
cAPYXhc9OfUFCyya,78927451511,2019-10-12,2019-10-27
LIOAoxcW7LCEZbGg,97855628139,2019-05-27,2019-08-07
W6zniUP2JRH5x0hI,71774812866,2019-10-21,2019-11-01
abGdLaImgirKB7AQ,28883863236,2019-04-08,2019-04-18
NdBUFLR3BTP7nyXo,49451483163,2018-11-30,2019-07-11
G0dDwRTTQ5sZ14vF,61169774755,2019-02-04,2019-06-04
G8UMvAjRUF8FI2Xj,31677939521,2019-10-13,2019-11-02
QygoYCzsTJQZLRGz,33858566691,2018-12-08,2019-05-20
mLGZpGB9Pj1WKpQL,86731788915,2019-01-17,2019-09-06
1V9uO9XCizTKsPEm,82652982983,2019-09-28,2019-10-14
UWQQy9JfGOfIA5Xa,22626819513,2019-09-26,2019-10-19
tHcqwys4GDWEDJa4,47573686784,2019-07-07,2019-10-29
TLL4akQHgiOcY3Ex,85569916749,2019-07-10,2019-08-27
Fa0cjj2z2m4s5Wdz,41828984464,2019-05-31,2019-06-02
ekKPnhWQEPoXuI6M,31734388787,2018-09-25,2019-01-19
Xs2c7O3MLmqSlkc7,76794715554,2018-12-10,2018-12-14
BCfmpX3d5gf1vHI9,72286218367,2019-07-25,2019-09-03
EMe9KIiApHyLwa9g,13231527112,2018-10-12,2018-10-18
hqmab24fwvGokP0Z,54194921568,2019-08-28,2019-09-18
8nSDMEWc35jTfqfv,28795819745,2019-03-28,2019-09-27
BI3n99qpf6IB7tsK,48748637389,2019-02-15,2019-05-16
60Wx11RIIODu5T8J,77981882223,2019-07-22,2019-09-24
2jfMahWlyHXvtqaB,34459851426,2019-01-23,2019-05-08
LUoCGGbBkcMxoiAz,99832185481,2019-07-11,2019-09-09
RHa9XJQhJeyX6hUU,49215712435,2018-08-10,2019-07-02
uyLmEQErZzAmOUqy,23677734329,2018-10-30,2019-07-08
FeOeHmTj1Kv8nOs9,73986754267,2019-10-05,2019-10-10
YPOblUMKhFU0emls,19275158221,2019-02-28,2019-03-07
MsLWt4rsAj97mgao,89848257936,2019-05-31,2019-10-23
906AZhAkRb4G6e86,18563213798,2018-11-23,2019-10-08
9zASp3RRNDNUGxmn,82478252368,2019-06-16,2019-08-08
AK3NqhEf5VgxyP9m,56552719796,2019-04-29,2019-10-10
aK8sYqVJ5iAz4rqm,21283972542,2019-09-13,2019-10-17
1Zhgbnrf6kD2BMPv,73314153612,2019-04-08,2019-05-17
hyff8HRcZ3Je1tpe,11249495282,2019-11-01,2019-11-03
Xrvtu0qJanTk35Jb,98428957451,2019-08-02,2019-10-13
bRJuMOLyjdNYdwkY,99748478842,2019-08-02,2019-11-02
sDZUe9WhiEBLbSuV,77122771662,2019-03-21,2019-04-17
C7vzyuLrUBTDgAlw,15764548678,2019-07-23,2019-08-31
Jpdd9bR2KMrEP47B,96835269475,2019-03-21,2019-05-27
q9HBbziiAmhhmNVP,66644179395,2019-10-28,2019-11-04
utRKXcBMHLo2klxS,88149347114,2019-04-11,2019-06-19
llAQP7m5hHQk1LDb,69231725983,2018-11-04,2019-09-10
VRalsI5Yunbh3Fqg,27313784996,2019-07-08,2019-10-27
L6vVRoXTMncbc0pq,36162183918,2019-10-12,2019-10-20
8INOAZehiG4w8qEL,46633593891,2019-02-09,2019-05-29
N8IKt2ytBAggdVW5,37268419896,2019-05-13,2019-06-30
xr8Rx2mvsUD5XHkh,19522238731,2019-06-30,2019-08-02
x82VdaTDpYfHuS5i,78142979217,2019-02-27,2019-03-15
VR4o3pmc5geELiJE,11122153989,2018-10-19,2019-06-25
4sCxTWJ52MiV2MMU,51269675228,2019-08-23,2019-09-17
MiHKgTFBAhLi8FfV,13192923252,2019-03-04,2019-07-24
g5MNvuDTlb40MZkV,14576535759,2018-12-03,2019-04-05
UcIv1MePoVhnwYr0,35652412226,2018-12-02,2019-09-05
CYBRc49WMDsOKo6z,71186169373,2019-07-29,2019-09-10
9TFGxBYrqOLH6PmN,46456244547,2019-08-13,2019-10-13
6Z9l6cbvOAClF4UX,62956518998,2018-11-04,2018-12-30
gkjJGoBd4ZyJ3H0a,34117178989,2019-01-21,2019-03-27
NYgzuYXcApqwo5PC,85267896388,2019-10-12,2019-10-20
8AuBuXp4t3d7beNr,49278676882,2019-03-16,2019-05-05
73HhEBETwuYN5ZQW,86845389319,2018-11-08,2019-01-18
jnWzB02fbWkxOPpt,54269815554,2019-02-11,2019-04-22
QxlGDdRyfrcGeWrz,98598144318,2019-10-15,2019-10-20
GvB3Uy3JaE63pmJu,24149476277,2019-05-30,2019-08-16
5C59JLKnV5lTcZIF,53174475239,2019-01-20,2019-09-06
Yf4JkJ5gGR7I8RX6,44222525656,2018-11-29,2019-06-22
xo7dVv87P87ZnTq5,24384271397,2018-08-19,2019-09-23
AqUuxissuzIAfdsk,83537785125,2018-11-01,2018-11-05
4pbDu7N7oHToTMig,36832351359,2019-07-11,2019-08-02
0E5loYefdO7q9viH,97324178221,2018-08-24,2018-10-08
NLiJzclm9w7FDFqB,91996469482,2019-05-19,2019-10-09
GkfhklRcmB9AJBeY,28471933184,2018-11-26,2019-09-16
x6cp3TogjxDs20GI,85564123294,2018-08-26,2019-08-02
yGCnDDJsUG9LRaGS,94513952192,2019-06-06,2019-08-14
m9eDWJARyzthvkPk,47421346956,2019-10-05,2019-11-04
fgpyfcScFD5YdRtQ,42623244131,2018-09-10,2019-01-03
i2qWdy6tvaiEBzvX,55461253986,2019-09-21,2019-09-24
BFqWeGp8AvnJrA9n,15462553552,2018-08-18,2018-09-01
wiUuPXmtwEnyjzoG,26924533898,2019-10-20,2019-10-27
VpAfzFDTUvpnTy96,72193435162,2019-01-28,2019-04-04
vbga8AXK9zwMdqHM,64653115155,2019-08-07,2019-09-13
BU56D9F8ocRb852C,78521626782,2019-05-10,2019-09-03
0NibkPsDDZoOxwjw,53389587685,2019-03-14,2019-04-25
iufSgTXZXbK58Uce,88488599266,2019-04-28,2019-04-30
k7HjbtfToqLcF413,88219216616,2019-02-09,2019-05-09
Vi22sEfE8VgcfpkH,73458366976,2019-02-10,2019-06-19
g3GnA18p9vs0qZyU,94729474746,2018-12-15,2019-04-16
qOvYDoRYRgNBWdeP,77249552276,2019-09-10,2019-10-06
uC0TsTZtES1zXUSW,97145453319,2019-05-22,2019-09-12
CB8geFS1sUJ5VVEi,52966669462,2019-06-16,2019-09-15
zUR8RbT0YCTtc5V7,59186523977,2019-04-16,2019-09-10
4eDJS9hVX0ezRC5W,57985125224,2019-05-06,2019-08-09
5MiY05svz0FgaAQL,85915469658,2019-05-08,2019-10-16
WgvstUPIEkLQAmFW,54453345867,2019-04-24,2019-09-18
mxmhI9cThuj09wWo,11764825941,2019-04-17,2019-08-02
BOnBollf6VIwTBlm,55323313293,2019-03-14,2019-06-21
AAueUE3kj7SeI8lN,11857286346,2019-02-11,2019-03-03
BNZD3dIQmR1zPMTL,42143594167,2019-06-17,2019-08-24
mozVihUHF9htrHpi,41246478233,2019-04-04,2019-06-26
zEmZMWyo2YijmCdQ,55559416593,2019-10-21,2019-10-28
s1ayEBG7thHu0Uo0,81471118684,2019-05-30,2019-07-06
Z8oKuyIkCF8VuqA1,27555371313,2019-02-22,2019-05-21
FZYEZaghs2TfnBPh,58574848285,2019-05-16,2019-11-03
cmPv4kWS8KZz6yxM,44398281656,2019-03-22,2019-06-27
IixkiV0MFfG4Wvb8,48499274985,2019-10-23,2019-11-02
eoqrAXa6vg8vF0I1,37949997113,2019-04-16,2019-04-21
jz3XwdjMVxhHPpOw,58541112129,2018-11-27,2019-08-27
Ebivd9GGmiGsfu8d,82913625757,2019-10-25,2019-11-03
60xLz55Errh8ix7J,16777993637,2019-08-08,2019-09-23
KWDMJEKyIhaHGaUH,73469199334,2018-10-21,2019-05-01
oBE5PZe1N9p1bPr3,13497452722,2018-08-24,2019-01-03
4ceCoSe1BmQh301L,62853942149,2018-08-21,2019-08-21
g0C8YfiO0bsyvBnH,49953429661,2019-05-12,2019-07-08
d9p7qVEzDi3y3ANb,19582815237,2018-12-23,2019-08-18
sHqoR8V6YU95cmid,84984842287,2019-09-21,2019-10-07
iaJAtee1EhrGFmw7,16679868662,2018-08-18,2018-11-07
3OOy0NZZOjzJRBve,45252368388,2019-10-15,2019-10-31
Rv2W5l0M1R3kI7i3,53942525267,2019-08-06,2019-09-29
5p25JgeGxJ6Kk0LT,86866274231,2018-12-08,2018-12-21
whTIa1Vae3auQcv4,64972179966,2019-05-18,2019-05-31
LtmXPkncQGD3F2ly,16878452999,2019-09-12,2019-11-05
I8DUeQL7u4Y51gNX,88841681279,2019-05-18,2019-08-16
3Pw86eTi5Jlo888S,35911688251,2019-02-19,2019-05-02
YCs6PbTKXXfWYCL7,53929441865,2019-08-14,2019-10-02
yJL4X8dd461ejH0o,65544946757,2019-06-22,2019-10-25
5NKPigLEeApfFmCw,75567299181,2019-05-30,2019-10-28
muYmlZx3MvgmaJIM,67191977228,2018-12-31,2019-08-11
mwb26igCVbspSAB0,36215237577,2018-12-10,2019-10-23
uzcdM8lmpJwXW9Gg,61789774321,2019-02-26,2019-09-02
EzusWxqRORpMTlik,78134339444,2019-06-19,2019-07-28
TA3EJd9KFFI90VUp,76929369896,2019-08-01,2019-10-16
vPGl1rCE8p4GeAoP,94743323274,2019-07-19,2019-08-14
MOggtakZu8sAna82,23927822587,2018-10-08,2018-10-22
tuL5sL2l66chk6Mp,41786135368,2019-10-12,2019-10-23
JA7UAKkDhMHLOhaN,62984837545,2019-06-28,2019-11-07
A1fslxAB6RI9ttvi,94866888495,2018-12-29,2019-04-01
cXjPGcRRQPj6bGA5,77397956272,2019-10-08,2019-10-10
AfJvkAHueZUqSH82,38927827715,2019-02-25,2019-07-23
N1BlaMeeYH94HSDM,18732932677,2019-10-13,2019-11-09
7xidZSH7nDZzZyr2,43188315951,2019-04-19,2019-06-19
6v3HElfZ6sKLs6DB,88185865399,2018-09-19,2019-10-05
qgkjitGcmAcsW9kP,63879186156,2018-08-13,2019-02-13
rzVWNWFfco8ZlACj,95976213261,2019-05-16,2019-07-02
H0E0NQ5QgBKDFrLg,49433932225,2019-01-23,2019-08-23
YUjwaFxx43AUXTh2,46832533891,2018-12-27,2019-01-06
4vLncfgZZBl0A8v2,32815336619,2019-01-25,2019-07-02
IEPyYXckQnARYBcg,34144889236,2019-08-28,2019-09-05
yHjNdoTHNP2AyLJz,74984715226,2018-08-11,2019-08-23
TW4wix6OXjy4ofGv,13863668481,2018-11-03,2019-08-20
1G53y22uFb1eDwwb,28995766262,2018-09-24,2019-06-24
Dg1Djk7oTSy00pQO,83246819496,2019-06-04,2019-07-08
i6Dpf4xALFTFXmEq,85595656193,2019-07-10,2019-08-10
R1jx0IZHSeIB8OTQ,83813389489,2019-04-04,2019-05-05
Sp8yW8T8oEf6DL5N,79113684255,2019-07-31,2019-09-07
PXAYkSmQQhUDcMma,32883382359,2018-08-27,2019-01-09
toYTlBUXKOx8A6sz,15845447728,2018-12-21,2019-09-20
Fbx2DkMMdTEuYdbg,75536592115,2018-12-02,2019-07-29
HggKih0he77fg8mH,51949371577,2019-07-09,2019-09-30
qWMtCvrFVZ8lIt0e,37969163789,2018-09-28,2019-05-09
nN9ctw733vjHSTsS,19545346873,2018-08-29,2019-03-20
F9YpAlirohKUeyNP,84364142276,2019-01-15,2019-07-10
s028RgYPyxu6H9tn,95913456159,2019-08-08,2019-09-15
sXzNLXnhPoEdXAkg,31726511824,2019-08-04,2019-10-10
GBKiFqKnY9rQ0L1Z,61182193757,2018-09-24,2019-04-26
gsp37gTato33KI0o,76215453655,2018-08-18,2019-05-01
lqQvxeybxINUksX8,48532531985,2019-03-04,2019-08-25
VQGMN7WzZvaAMpcp,72949953424,2019-04-03,2019-07-21
qJCxHzV8HS2S57M5,58913717341,2019-06-27,2019-08-01
8CZqi3w8Qttmn9B8,89398836826,2019-01-25,2019-03-14
LFgXr3gwrC5BPnGj,46581159623,2019-05-31,2019-08-10
XehyrKwJyEEukAzo,17769194929,2018-10-07,2019-09-08
JRPMkiMdRopnItFH,63222891392,2019-07-24,2019-10-12
L9H7aQgpuvHjZ2XR,79334676764,2019-06-26,2019-08-23
Fxo9DTS6gL6AeM95,23155899531,2019-02-18,2019-08-16
vIaKA1Pr7r25dnHG,48483761688,2018-12-17,2019-06-08
6mYkFRZnK3MAvFuY,81251339933,2018-12-25,2019-09-06
vYSrZHY27eG4Jy48,96733263823,2019-08-02,2019-09-24
4egDjRxWVoWD1cwS,94554116376,2019-02-27,2019-09-18
H2NzM28C6nmNHvA3,68774445824,2019-02-26,2019-10-02
9GdboCPshcYRV3Zd,17346128878,2018-09-10,2018-09-17
f0LsFzB7SRIv5OCU,52598496335,2018-10-16,2019-08-22
1u82heZIkcKNeel6,58849966479,2019-05-04,2019-07-12
0F9mAe5OjsrhKhEu,32853844233,2018-12-05,2019-09-18
8LsRzFgTzUgbIdMi,21167851372,2019-10-24,2019-10-24
fSy38VvljNCQPtpE,28914974669,2019-11-02,2019-11-04
ufKIIGOsICs4Znvr,12443994839,2019-01-16,2019-02-04
PaavESFyObGmPApH,65745516181,2018-11-13,2019-09-17
OK6b3tKy3Q6alOs4,61793343788,2019-06-26,2019-08-30
qeNLuAuAYrNKsFJr,36467285996,2019-01-10,2019-07-21
60DZmiHvRMQQexyg,31754112744,2018-12-18,2019-06-27
tSu8lSR26oL3YJkn,99956474668,2019-03-29,2019-10-31
X5DJJgcIBNR5jKkH,95343839222,2019-03-21,2019-06-06
ZRwZV8QzQ07cXhgi,76319912671,2018-09-03,2019-07-29
G5rfFIKhDIZx1Pmr,39652932235,2018-08-13,2018-10-29
DHrNXaYp1PGLBJxe,81559152996,2018-09-14,2019-08-31
WvphV924dqaDEhrt,29693432558,2019-11-01,2019-11-08
xDwWwEiUQ0OBMmHU,48593629518,2018-12-12,2019-02-06
gfBSWCz1qXGbvXbj,55394293487,2019-09-01,2019-10-05
A25XKFFu6Rh7nAVL,75865569213,2019-07-19,2019-08-27
xTP1I0m9zxv2WbNj,71175494739,2019-08-13,2019-09-13
q1MgBOs7xCNwqYua,85641226662,2018-12-28,2019-05-12
Y5AWAWFngLGvpVvh,23367519543,2018-11-08,2019-06-29
ii30vExoIOAbynTK,12632872841,2019-07-25,2019-09-24
jTLEPEEwy4StA8Tf,77313468674,2018-12-05,2019-10-17
4HuQRX5mAsyjsjuz,65895933674,2018-12-26,2019-04-20
ujExuKkh3g5zjWpZ,44184973645,2019-10-02,2019-10-04
4RJNkehaK9sXtEve,82386558471,2018-12-22,2019-09-11
5HDh8Pa183tF5vow,57755365298,2018-11-10,2019-10-20
HTdj2zyionsOZgUP,42753741328,2019-08-11,2019-10-27
JkACpQtzFOgNWWKI,75118842881,2018-09-17,2019-06-28
hjfo0CYB1k3Eeq3G,19297469155,2019-11-05,2019-11-10
Rtp9nCl5WRGoQvWr,52162452546,2019-08-07,2019-10-30
mNFCh3rM5lXkAbdC,23123989998,2019-03-30,2019-04-17
KORUhMD1o8k8OA7G,64679289851,2019-04-22,2019-10-10
PlZviCob0s7S0qzB,53433593158,2019-09-02,2019-11-06
TE0MtNsxTXb2Ci3a,51395685543,2019-05-09,2019-05-18
Ur0PBYWQd9njFvMg,83358862449,2018-11-13,2019-06-05
ygpkJwxpFZNOfMCV,61249747748,2018-08-18,2018-11-15
CtzQuoKWVjzXs0yU,89636464552,2019-10-17,2019-10-22
tR9eYgeJwaKtUFde,98882329356,2018-10-11,2019-09-02
AN93tuOjSsfc2fLq,27545735526,2019-10-10,2019-10-23
VJ4N8O1e5omg9LTe,48722519959,2019-07-28,2019-08-23
VntR8qR6U0JhGZm4,48911591157,2019-03-18,2019-10-17
nUQxbYNBKrdSaFTO,76915846174,2018-05-06,2018-07-23
WYUXgEPA52rPtXyx,22225114283,2017-07-20,2018-07-24
dVYwOGABDhKiSqI5,46225894529,2018-05-24,2018-08-24
iAssmjjXYgHtmjzD,48231813274,2017-11-28,2019-04-20
BWIfMDay2WFBjuCF,69146884648,2018-02-05,2018-12-17
8V4FESWBGvfat5qs,87213246113,2018-05-11,2019-04-17
ac7PplVvVdVq0q90,24126995697,2018-10-01,2019-09-09
HeMmy3zaibu24o65,49119796118,2018-12-10,2019-01-26
2c6yKClUtUw1HV9s,57341362536,2018-11-13,2019-08-06
hUWbr0PYWzbkCFsS,19984114663,2019-05-19,2019-10-15
ekvcWtaP388S2NOD,71761788175,2018-03-14,2019-11-01
05ae55gLZPAOXxcR,22322697881,2017-10-09,2018-10-03
czL8vmy9ubBX58UL,82733396546,2018-05-18,2018-10-31
U4BdbhZEgvHdH7Tv,36496436141,2018-11-18,2018-12-04
3HrJvlLsmLl0kMhb,19355564852,2017-09-30,2019-10-27
rNIjOVdQ6u3NAWp5,89223182465,2019-04-22,2019-11-02
Y74lhR29RDCutPIG,64114655259,2019-09-21,2019-09-23
uCin1n4Z1VMp9muO,77847752741,2017-09-17,2018-05-27
mzOBexDyrZFNw7Fb,91472838534,2018-03-05,2019-09-22
jTbl4vDAmItvNd2n,54977965567,2018-12-31,2019-10-29
iD5mpGv2JKrMHCoR,42714438815,2018-07-13,2019-07-28
de2ckHtLIaNmr8vD,52253492813,2018-04-11,2018-07-14
q7u2dqVUta86ZHgE,84948712243,2018-09-19,2018-10-07
dOOKfTLHMAtQoM1E,75775659262,2018-04-30,2019-05-19
jS3BI7mIfQC4Z7Dn,17757663413,2018-08-07,2019-09-10
kFeH7WJ7HvnZq0Pd,62947421874,2019-08-30,2019-09-17
AUzkr3QQhezmwm80,19748619571,2018-02-18,2019-07-30
SVibmj62EDXpfTyg,82574181731,2018-11-26,2019-03-07
ppNpHkAVBgYBwtSR,39214379577,2019-07-05,2019-10-11
pc9PYEmx5BhPDY8j,28668178252,2018-01-23,2018-06-10
xKUl4n9w1hEU7DTY,41399586418,2018-06-03,2019-09-05
eU49rah2niTEZUcT,21132922328,2019-10-18,2019-10-29
ngEwVRlp2ik1kAxv,44483345735,2017-12-14,2018-11-15
UVev3IEYdNBMZmT0,81851994276,2019-03-09,2019-04-22
SKLyMxphdoHREBH3,32825573297,2018-03-08,2019-06-23
PxVQpnBGtKxMhRDg,49399788646,2019-04-23,2019-09-25
4WM3LkV6XpnS9ROS,49232163484,2019-04-23,2019-04-29
DtxiLqxDVTtsuI2b,81842282877,2017-11-06,2019-06-10
P2GSU72nsqIMReii,53752117132,2018-04-11,2019-06-01
J1d5o2YMriWZ1Lso,29394844624,2019-07-10,2019-10-29
Rtju8fkKfPmax2Lo,79553922116,2018-05-05,2018-09-05
9989vXVUsQCvAVN3,49715691715,2019-10-05,2019-10-31
RVvOVeCYKQnFKEBQ,23519821624,2018-03-21,2018-06-22
AiF8wp1lXRPAfE3K,53691816659,2018-05-17,2018-09-08
mHTwQGhehzxCpS8Q,16629599819,2018-12-16,2019-05-27
DPVlyLS1Y4PJBKUo,25617344861,2019-05-31,2019-06-13
Qm8iLV1HDMx2U0up,78578514374,2018-12-09,2019-03-23
k3XdbVnvsKF1uF6j,85616159391,2019-05-29,2019-08-12
wfGA4RSBhIpn7qkz,98851225721,2019-03-26,2019-09-12
nzMmF9lQtnuLa8jb,67983244466,2017-09-18,2018-01-07
wtFL8Yjavod4JNsA,12459754648,2018-06-20,2018-10-21
GMZQ6nEhdWnuzLGL,69438365537,2019-10-03,2019-10-29
X0Es8Co5nCwix1W4,46936781831,2017-09-23,2019-08-11
esQqOFg0vZ0Cwv2T,31839763164,2018-10-18,2019-10-16
rLvK0HBv9T0Wcger,75779413385,2018-02-28,2018-05-09
ys4GEqlvyCnXBX4k,79364577665,2019-09-26,2019-11-10
OoV5D9H3uANDgoAk,92878868937,2019-09-25,2019-10-03
2jJkJAhyQDiffcpR,43868669189,2019-08-19,2019-09-16
FPYiGfwlQiTAJqPL,61794497677,2019-05-26,2019-09-03
hTonZP4fXxwosbFW,21162719822,2017-12-27,2018-05-31
eUxUv4oVt6NPORA8,55525551432,2018-05-15,2019-10-25
Q8TZd83fplXBsDD3,25891675232,2018-04-19,2018-05-17
ULPVA6pPJd4NWYdI,45263567849,2019-05-13,2019-07-12
uSyZ8v61E8OgqI0B,25547781676,2018-06-03,2018-08-27
Px3Wf3ls6WFTbgsM,23568965571,2019-06-17,2019-07-05
tC32NN2rIJiLEo44,23143638964,2019-09-14,2019-09-30
qvNcV1oUNOEJDIf0,78392142949,2019-08-29,2019-10-22
U31Avu4SWgrJMeOn,97745211262,2019-03-06,2019-10-18
nolLGVcRoBnCFzkz,16674651812,2019-06-12,2019-10-18
eUQYuiXKpjhCIATc,73572381598,2018-01-25,2019-03-17
2naFTChhmGEiwtli,92718112964,2019-07-04,2019-07-12
KmqCcRxQg0lh8BpN,26542193877,2019-11-05,2019-11-09
A1PDcenqGOBHSNmE,35386553373,2019-02-07,2019-08-18
XBkCMueDhbwdWVbW,44263431558,2019-10-25,2019-11-04
akyyZp81nZkoJnjb,71934516295,2018-06-28,2019-05-02
4w75XWHZJirqm8Fj,97883935312,2019-03-17,2019-05-24
zwIHLG6sLgNqY8sm,37743755246,2018-11-16,2019-10-15
TbYwBOrZP9ma1bu1,76653725678,2019-08-16,2019-09-13
AJ6749DRuoA0XVq7,44583213336,2018-04-02,2018-04-14
2n9ao8nZkqShcRCZ,15499686232,2017-09-21,2017-12-14
eT2grNDQfc5PulB2,72757876989,2019-08-22,2019-09-08
DVbM0SnfmtgfIpow,56192113398,2019-06-26,2019-07-01
dj1VcwAUq3MzKPaS,23895799517,2019-03-31,2019-09-27
gJzspyaSlVLEbNTh,52391548761,2018-03-19,2019-05-26
a5m22F4d1H2hobF3,69641479439,2018-11-21,2019-03-07
pNGO0AiNtMuGzfDg,44325376453,2019-03-04,2019-04-15
hryvhIY3PwwhkYA7,64995937165,2019-01-11,2019-11-09
nTMDzLWMbV4en3k6,93865688557,2017-08-20,2018-08-10
izEIg1ONaXsOJqk7,22798748413,2018-03-01,2018-10-30
LvHWLAJPd6Wvq8Ay,77259123939,2019-07-03,2019-11-09
BVYxR9ay1UdgI6qh,91759647144,2018-03-02,2018-12-28
r19B6Xa169wrczLL,66181269589,2018-11-27,2019-08-20
XIIMWMBoQoZMzq5K,89382497973,2018-12-16,2019-01-31
Y6xM15RaCuq20jU4,73497341957,2018-07-31,2019-10-30
JHu1cvkHJj15aQql,88935824234,2018-09-19,2018-12-16
R2lNo0dRaD7zrqbZ,59771927587,2019-07-17,2019-08-08
MxTaEg6eNKmcjyM7,82139413245,2019-04-14,2019-08-10
vGJaYZlMcatJxe1d,81156183375,2019-06-19,2019-08-20
LCPXszQgqQWRSTtN,91291552244,2018-12-05,2019-05-08
pDMcD50jSvJZFiV4,87935669892,2019-04-23,2019-11-21
5UPoSNX0HbW0JaoD,43896881549,2018-07-02,2018-12-03
1vlEL90HGTKnLcW2,68824826163,2017-11-14,2017-12-08
5HX2C1Yd7PqE29Za,78716919714,2019-07-24,2019-10-18
ONPTFD1kViBTLcmD,53652891415,2019-06-06,2019-08-13
4OoP3lbKjcuoB3V2,36588545567,2018-01-22,2019-09-15
3l5NsUscjCggczgw,37283816198,2019-01-24,2019-10-08
SL8RVXQqjcnveKAf,68931181566,2019-09-25,2019-11-10
ccC7hLIj5doja7O7,61226166574,2019-02-05,2019-10-30
27qwMKP87BEmNXOJ,46674679491,2018-08-25,2018-10-27
GUN3Q8dzoudkuLrj,39775541669,2017-09-25,2019-06-30
j0ef74LVNjIB88H1,45727763342,2017-06-01,2018-05-09
LtshJ3YBSG3FlMX8,59473961784,2019-08-23,2019-09-23
mRTjhBs1n9WXLZRP,23218891615,2017-07-12,2018-05-24
0rbAaNMmu9AjdMxm,84729916372,2019-05-25,2019-09-17
71Rg2wIoR9pX65ZR,69315884645,2019-09-22,2019-11-23
OUNM1MPkcZgmi0I5,11258318837,2018-04-24,2019-05-08
Z1ki0SiCjL7M2J5f,63237539267,2018-02-26,2019-05-09
fWYiFAqJA8WVQwp4,29233864877,2019-05-17,2019-06-24
AOUlMbNLT6V4kZBx,87628868974,2016-11-27,2019-07-11
BpOppjTo1cOkRhOY,15149857815,2018-07-26,2018-09-28
Ml3uLv6bPCwCUoy1,28415568568,2017-11-28,2019-10-29
vNjAKjUoaMpLB5L1,18433222714,2018-03-02,2019-03-23
26tADJjQqj872u4k,56713762947,2017-03-24,2018-07-31
0dqZo43rdny9kB2L,93869767672,2018-09-11,2018-09-28
1RBD48GG8XKiOG7p,88861215387,2019-06-07,2019-06-07
e31aOoqbDMrkVCKg,83246514857,2018-03-31,2018-04-16
wSzIxBzKR5kPdJyI,17222323146,2017-09-09,2019-02-06
u7A5NRRIUuV4BLX2,54918488646,2019-07-14,2019-10-27
j87nGZT20rMVvmoO,84849535872,2019-07-29,2019-11-22
NDSU9FQ0vFlQK2W8,77367931994,2016-10-23,2018-02-17
FAH2FN4GhdNFeHUc,43536941511,2017-10-19,2018-04-06
f0TwukE0Za1K66p2,13821751767,2017-03-24,2018-05-23
OVn4aLK3RaaWoL73,55499699456,2019-09-06,2019-11-10
JwVF2X63k7XtOPgT,55284432668,2018-03-29,2018-09-26
xjXlXQ2ahHLAVNbQ,81535581538,2016-07-17,2016-12-24
2Vr20gWavURugvCR,17829985811,2018-09-21,2019-04-28
vgq2VXMlrWnkMOl7,21587365428,2019-05-06,2019-05-07
Z5bn72IGIboZJh94,56897358366,2018-10-22,2019-08-19
Cffh4vHZf8Ut4Rv5,26994886958,2017-10-31,2018-11-22
LuK9EAkwlX7j6x8k,81451655677,2019-07-01,2019-08-06
b6pyQAXtkeMr6sY1,82652945377,2018-05-07,2018-11-23
3NL7cE5j3YOed6Ej,12479612958,2019-05-09,2019-10-19
NzbPH8BkgBPj8ICh,15696881227,2017-08-19,2019-07-23
qDuFMSiMvBAxn0rL,59966134818,2019-02-24,2019-11-23
9yXE4moqvGUwwfmc,57182759469,2018-09-28,2019-05-18
wQvTo8rz8a09CUcz,69687477851,2017-03-19,2018-01-04
Y9qW79trSF3CviHf,66725456744,2018-09-17,2019-07-05
vMNv6A2erpAGo0pb,92836354449,2017-11-08,2019-10-09
XE1ew76945iPyjJh,25739612777,2018-12-20,2019-11-23
DtqoH2PN0Q6Io0Y8,66195682448,2019-01-11,2019-10-06
EdoOp4Q2BM3ydnMg,61493717566,2019-09-28,2019-11-23
eVo4h3dRivDgBl5V,34972417263,2017-11-24,2018-01-30
w9qgMZVBPLxUwbtQ,18673934627,2018-06-02,2018-11-11
cvRLvryQ32zX1tXp,17112282857,2018-08-04,2018-10-25
faGdkqdatFhM6fWH,14282953166,2019-09-11,2019-09-22
ScjXZLThwOGREaFA,82545212177,2019-08-18,2019-08-22
6sdOCPOeg5mga4AW,94174421423,2019-06-15,2019-07-10
Sh7VDmBG0pwWt0U6,55641843632,2017-11-17,2018-07-08
ENyQlOoRijz9FHbX,77963374533,2019-10-17,2019-11-25
aGTOJY4Gooa3TT5t,27763622725,2019-04-05,2019-04-26
msn17iHWyCil1Mfb,38162834413,2017-06-14,2017-10-09
huHJdgtPPK4BBlLT,22777768869,2019-02-28,2019-08-20
Cp9D8PHdQePLsI2t,11797916842,2018-10-01,2019-06-19
H8jkMg1KgYVCdRNh,13514134344,2019-04-07,2019-11-26
cC677iJJH6DXJBWN,26239412375,2019-01-17,2019-01-17
1H7GBdn9qu6xUtM6,92975514119,2018-01-14,2018-10-03
VaCqK752Hp1mp5sY,39872997546,2018-12-06,2019-09-13
XjuZc7S5cep15DS2,32751362346,2017-11-29,2019-07-10
9aV47ohWQlZVevyE,75398535372,2017-11-25,2019-02-21
WqFIfGslKwnvGJCA,78333864424,2018-08-24,2019-05-22
cbQhGthPTPK3fQPj,89914721956,2019-10-22,2019-11-19
BIfFzyYOny6UlA5H,62224551493,2019-07-09,2019-07-20
meskJk41Ao5yY7uY,65325686619,2017-11-17,2019-07-18
xH4EFRmHboOrpOBJ,19739417363,2018-12-25,2019-06-02
XDe5puA2uixWu980,62986258597,2019-05-26,2019-11-05
EPQYLVQDAaWM0V1i,39757179724,2019-05-21,2019-07-22
oNes9HMv8wQs0o7y,11416948265,2019-04-23,2019-06-28
YYQBzkrpan8CvA1t,65877967935,2016-08-12,2018-05-26
v6XIP9GfOBLUHTW4,38146489633,2019-02-27,2019-08-25
OEwSf5ciwQ5ptv0l,31427385284,2017-09-19,2018-07-08
Omu42WLrNp6cbEWD,23234976213,2019-04-19,2019-06-07
4rGqTy7GGLZmgyY1,31744338789,2018-08-26,2019-10-14
SVcjne3wS7Q2Sd3d,67485318839,2016-10-14,2017-04-08
hEjHl60mBShZyHMe,56771121686,2018-05-13,2019-09-23
WtYnQdbWFp75LRal,92993923868,2019-08-10,2019-11-06
apmegQ9Y9PDbZzyK,77892719839,2019-08-13,2019-10-04
Hn2VxVlVyM3TLggn,33123452825,2017-10-05,2017-12-26
npSP1vR8apAyJCG7,88929348755,2017-07-21,2019-07-09
UW37CnEcYqBVc72C,64585744791,2018-08-08,2019-10-29
CXkHY98uE2dZ4Cvy,44194956474,2019-09-23,2019-10-29
5VLWFRh16LH0K9kx,72199545865,2019-10-16,2019-11-04
vAzCSnOwBRMKrVK0,92691979127,2019-07-27,2019-09-25
O27O2Ps7soyMylu4,28117153791,2019-08-04,2019-10-13
734KrzJs2XkYOL92,76739756174,2019-05-04,2019-06-14
fDIHa0qgDKGSgL4A,44978875492,2018-12-27,2019-05-24
7235wmOOBTfdDCdj,69432276235,2018-03-05,2018-12-07
lrejWIm86iy6uMFD,18151981498,2018-11-26,2019-08-30
gLZhSfKCXdhxVUwI,92991758335,2018-03-20,2019-04-13
r7Gc1N42zuPNcG7w,36936832516,2019-05-29,2019-06-25
na33gMBYppBeQERQ,43253836217,2018-05-22,2019-03-15
1GNDa1XJfCGVIucF,56261791414,2019-02-04,2019-05-15
wjl2iXmuxNCM5Gyj,98485311847,2019-06-20,2019-08-05
W55nZuHlkuOtjs6L,96621365966,2019-02-17,2019-08-18
glN9DNjdNcpUTPNR,17933347964,2018-10-31,2019-01-18
VMo0NNV3KGOhqn7Y,68957264325,2019-03-31,2019-08-07
xCwGO0VHIhFGqNDu,62695588224,2019-10-31,2019-11-25
Oa0qWy2jpJbjD1Mc,74567781473,2019-04-01,2019-08-07
gneXFZMrWepMa9WU,25377384396,2019-11-18,2019-11-20
1LVM3ZETnFBKevyG,43825623784,2019-06-09,2019-10-24
syK6bj8ySlroVapN,18234278112,2019-06-06,2019-09-09
758bJCNMTTY86CA4,18987882224,2019-04-23,2019-11-24
8iS6kWxm9ixkMZSN,48181937733,2016-08-12,2019-05-10
aNu5WND4iSjSncYA,54623355768,2019-10-14,2019-11-24
mnoP1KeOZUNZFCmc,21297855399,2019-01-08,2019-11-26
p2Nu1ow4Zgbi8vHg,11951244629,2018-12-15,2019-06-24
Zeqgsnka9ij9hNC2,43898913132,2018-04-22,2019-08-04
kMDb60E0ijO4I8Ht,41735696322,2019-05-28,2019-11-03
wQW9V8JhBIpJ1Z3e,85497919912,2019-07-22,2019-11-06
hPj5AyZEoaRIgcpC,79367284988,2017-01-29,2018-10-27
QSGwXA5d0UPD1InP,66729449181,2018-03-26,2018-06-13
UqvzcY01wUKBHvGf,49696521278,2016-10-20,2017-06-15
QioE6itA6JAoZO41,37792295716,2017-04-29,2018-01-05
r9r79nE8ecf8LnjW,69671151739,2019-04-06,2019-05-18
8Skuoh79kqaQueqE,36579663327,2019-05-14,2019-09-11
9XheDp2S6ta0p69H,39144126663,2016-10-14,2018-09-24
gHXTsfnqX8A4KXDi,56394151439,2017-06-17,2017-12-30
XLbFP5IwYYrm2opl,68585817533,2018-10-19,2019-04-12
ijcKJ4RXdrxuu8W2,16773622471,2017-11-23,2018-09-12
fq6jorCapdvaGy3w,55137475771,2018-11-24,2019-01-01
UiZBmjjDcMgeYB7z,16886588315,2017-07-21,2017-10-16
gU1FUsrmDpT6tz2O,69361521673,2017-12-10,2019-06-08
cX4naV4e5UD7lY4a,28341264124,2019-07-29,2019-10-04
kgpKHKGchGADwhkM,84861526725,2018-10-16,2019-11-24
RsMQc0xXmLllgvkg,39591137768,2017-01-28,2017-11-16
VduNosm7CM7TlPGx,58988927588,2019-06-29,2019-07-19
VHoVqpJItsNvGEWo,94219595329,2019-02-06,2019-07-08
OHCKKhWFM3gYWoAp,22524237641,2019-02-08,2019-03-15
m3qnKuQZm4h0LeTg,67444265798,2018-05-14,2018-11-18
WfPhQg15LYYfBO9z,92817478954,2019-03-05,2019-05-15
93sYwWygysEDu7Kp,39517163615,2018-08-21,2019-06-23
L7oL6Ut8AC7mvX8Y,44324899179,2019-04-01,2019-08-20
RiLLX1AO0i4mo6I5,71977236418,2018-12-17,2019-11-24
bXTQyZjLlovpvgw0,45896898546,2018-01-09,2018-03-22
zAm6lRf83SyVeHaC,48135663883,2019-10-02,2019-10-15
EJXDdJSLzSgj2l6Q,94555571697,2016-10-19,2018-05-13
oFJwnAgWzciwTNw9,73996713573,2019-07-31,2019-09-04
9clEqZGXX6wx33Qk,17419674367,2019-03-20,2019-04-18
1ureXXw5eY5gcMMI,75599654667,2018-12-20,2019-11-07
c8QQEqqfvmXWgJsG,48842792539,2018-12-01,2019-03-29
t7zl40bbDF7LiG6P,49616776594,2019-09-16,2019-09-21
smHrLmg5a7jJS2aU,55438489387,2017-02-05,2019-02-02
9B5Kpnu9Rgk46HL2,34827897443,2019-07-14,2019-08-15
Dq06AafUp59Wqu9d,64854534834,2016-11-15,2016-12-28
Kpcxfbw1nUilk3G4,67542991332,2018-02-16,2018-09-06
Yx63ixgFecGlyw3R,46374965927,2018-11-27,2019-07-29
orCXAVF2vIRR2ReU,31165911399,2019-02-21,2019-09-08
WD2SWwFEcI5FzXzi,72765647371,2016-10-06,2018-03-16
g4ia4NhtU11MAhXd,68367349949,2018-12-11,2019-02-19
6TXDVFpuncx8F6w6,87247357779,2017-01-07,2017-05-08
eJMywCvmL4Zl3YWs,54717412715,2019-03-06,2019-11-21
FRYGCVWSWjfvIuRi,77768341192,2018-02-02,2019-08-14
nNUm60wJTHy4ThgM,87811183197,2017-10-12,2018-02-14
sRO32TLD2HQasxDh,85321749337,2016-08-25,2019-03-11
t0lrPeKO2x8wTrAt,55877932451,2019-10-06,2019-10-28
aNRxTPCtahDqLUtF,66997914339,2019-09-28,2019-11-14
J5dwipA74DnO7RaN,15576312696,2019-11-14,2019-11-25
bc57g3ffJZzHKRUI,74779616565,2018-03-13,2019-01-27
ILbfzf4hZedsygRq,83972872931,2019-08-05,2019-09-17
KJjIcx5j8JAQiT1e,95161411372,2018-10-31,2019-10-29
gSk2Gcvf7ypIgwYb,38645349628,2019-10-21,2019-11-18
RJakmLIiBJSoInaz,11344591974,2019-03-23,2019-10-12
rlz7oiHgZIcMjXPZ,28935952112,2018-03-03,2018-07-26
rRH1LYdpi6irnhgV,86492553624,2018-10-17,2019-08-04
62bL7AL0h5Kq7Kbq,78331393445,2019-08-22,2019-09-25
nk8cjbp36qkp0hg7,14544547172,2019-11-03,2019-11-11
eUGi0wAXfPpFuVFx,99671898746,2018-05-19,2018-07-30
IYPhdsEj584T7M0U,59912526134,2018-10-14,2019-07-22
ts5vkNfSQhfxdAJP,19741677213,2019-07-14,2019-08-05
GrHtHxpGug201fJk,42638456343,2019-04-17,2019-10-01
ZXfK5UstPrnDV7mU,13444263599,2018-09-03,2018-10-25
pUGh6kFUjNYFf9pt,57923457567,2019-01-18,2019-04-09
MvQPdF80jLh8tZyy,52452978129,2017-12-10,2019-06-26
q4MPQSh0LRVBUfvE,59153684299,2019-11-22,2019-11-26
aPkhXEoPEwlAPvZN,15312222471,2019-04-26,2019-09-22
DoPCuOxS5h8A3f4F,49879288259,2018-04-16,2018-09-15
DvZQGuAURF3n6iug,79891761538,2019-09-19,2019-10-15
Y7RCWY78l6K4sRkX,33175238784,2019-05-20,2019-10-14
HtMYgzMiyaZIt3nr,17918767892,2017-10-27,2019-11-08
oAGZImXM0ZgVkJTz,42911994987,2019-10-12,2019-10-23
tROXqxnk7yzcf4p6,98971881247,2017-11-21,2018-01-23
1HBPUUdEiAolmmnJ,23894682722,2018-08-06,2018-09-26
MTlpExDTJiHi2Kpt,45323479413,2018-05-16,2018-10-15
r7bQMbjnJeUFxYlb,44514529625,2019-04-30,2019-06-22
XAYQwKeoDoR02MeU,64729143565,2019-04-23,2019-07-20
r7vY8DLJZ5qH7a9V,13226515515,2017-11-28,2018-08-30
5p7DXrITdM6DelJt,57997426342,2016-11-14,2016-11-27
Vftz5jlW5OMxlR6L,51137117714,2019-03-12,2019-06-21
hy1wkFKcn2blApIb,73795449758,2018-05-09,2019-03-30
ljYyv4yyDTv9J0lq,47272728543,2019-09-10,2019-09-11
2Gfg2FI9kqSdCOdo,48239584584,2018-02-02,2018-06-19
5k92kJlgZT8SlO01,88418579648,2017-11-15,2019-10-23
hnlaMP9Tsjdy7H1N,79347564355,2018-11-01,2019-11-04
ibBdHNLn5TcQ6rkY,47791239499,2018-11-14,2019-03-15
iYQbnxwpDotW5ZeG,34243332817,2019-02-27,2019-11-01
s599OT9xAP6mBFuE,55177883539,2018-06-17,2019-04-09
1m2TcZ2smqXbXgst,52652524595,2019-07-05,2019-08-20
LtsVrfIkBlbTAhfH,95845985242,2019-08-01,2019-11-11
Z04gUoqmKBDvQFhW,41193354575,2018-02-09,2019-02-08
ItGTpMI2jJaqant7,99368214836,2018-11-13,2019-06-29
YnpY4MR91ZGYKB2F,15192949358,2019-06-02,2019-07-25
bj9Ss4siAjhRc22l,89959177345,2016-09-11,2018-05-23
XIZts81oRvGsKnGq,53577453397,2018-12-18,2019-05-11
TJ32ulRMTtwWT5t8,73286368669,2018-09-07,2018-12-31
kRbVPE2ZTGvK9h2G,53671767123,2017-12-24,2018-03-28
RCoinyOvXj3JdyDr,49887672587,2018-09-26,2019-08-12
MduNfjQG327YFskd,29164858895,2017-08-22,2019-10-02
yFrG4etBZGMia0Of,89644898966,2017-08-03,2019-05-05
nju1eJYOLTyI9pob,61237872274,2019-08-13,2019-09-20
PWiSZj9XxoynmPa3,14858611828,2018-09-19,2019-09-03
Js8MFS5vOhhzu3h6,99969231491,2018-08-15,2019-03-06
dMGxlXB4zwv9d72N,39621147188,2019-04-07,2019-04-10
zCSIAYNsIOxNqwT4,22731812341,2019-08-07,2019-11-11
qLWztY9Fh9Rnj5Aa,72857947656,2019-04-08,2019-10-15
eutfXvfzBqSdF8eo,11593911624,2019-11-02,2019-11-27
pjxYhFLgzkPvqwV1,63348652215,2017-11-26,2019-04-19
w9ACSXRdFSQzOG7j,28299949596,2019-05-13,2019-11-24
bCrOTfSowVRzeGV9,93239591986,2018-09-14,2019-02-20
XjrhkBtXJDngiQWa,17483224692,2018-02-22,2018-09-20
ow4mTpZZgdhXWgg2,39677364358,2019-02-19,2019-11-23
t89pksTBpgUizCms,97675325391,2016-06-18,2018-06-14
X1ttErSAaAPCLhQ2,28127299623,2018-04-09,2019-04-12
AwMogxE5QEYaAohI,26334748989,2017-11-10,2019-11-14
xw3uQ78s1h8CrVHY,89965727591,2018-09-27,2018-12-08
mbJDIQ0dF8X7gRnx,75953957418,2019-07-26,2019-11-24
q5B0NAL0GgTreLRI,86471523482,2017-01-02,2019-01-25
8KHfXU8q5JVm8BXC,23851955719,2018-09-02,2019-11-12
dsI351tYo60PNX4t,86256898149,2019-04-14,2019-11-10
4e9WBecriQU0WcvS,28456161613,2017-09-14,2019-07-15
VzY6c5dxn3FTO41A,18198928582,2019-04-06,2019-07-05
EkBpOIVW3WDqYoW1,61832225367,2019-08-21,2019-08-30
6y9eBzZirPVuDXuT,13347997922,2018-05-24,2019-09-18
DHP5gLdKdHrINItL,82792451657,2018-11-12,2019-02-24
9CjEkDHBPq7psi0p,99423732418,2018-09-26,2019-04-02
RS6nuhc55UWyEecE,22493636377,2018-12-29,2019-09-21
VqUEFjYvZH7dudbk,72646829559,2019-06-27,2019-10-20
Z3U2r3r68bqBLlwK,21971945164,2019-08-08,2019-10-19
82ml1HT9uu6OIlfY,76186726949,2018-05-13,2018-12-26
oJbhzeDadGEW9cO6,11325844351,2018-11-20,2018-12-21
8j7YRy5qMsG9xDVQ,28554449248,2018-12-15,2019-03-14
eXyHzObJQmJM4WJN,57374376925,2018-06-24,2019-05-13
6tmj1Rq0IDR9LBre,93827669845,2019-06-23,2019-10-31
wojHnEJZj5mTD9CO,72237275554,2019-03-20,2019-06-05
bmhUXhW7lqbv9Y48,93465239279,2018-10-09,2018-12-01
Skm2VV7pIZhSQocX,52163976147,2019-11-01,2019-11-05
xAqPJ3rzJ4KYzpbS,95185452513,2017-01-29,2019-04-06
VcVwB1fXWhnkOHfp,91624792391,2017-10-13,2019-04-16
wGSNUc3KcsrXytmN,86895149466,2019-11-17,2019-11-26
Qu2yIpFvXZKxxPYt,97858332235,2019-11-25,2019-11-25
64Jz0Zlo6xAnvwhv,81455965771,2018-07-23,2018-10-17
6GHM1rh5Z5yoyPZU,48648994541,2017-07-09,2018-11-11
6K3VdkFSkgKqwQN4,57976684897,2018-03-20,2019-04-03
aaVewmrECP48oAxT,37925842599,2019-08-13,2019-09-22
WbmvvpYOlHIb8oNP,37184692298,2019-04-21,2019-07-02
cPnTNBzyk8i3OLxh,44953961626,2018-06-10,2018-11-02
NBHbnRrqTLz5w8eI,61567356227,2018-08-25,2019-07-20
M4cRzy7JLlX4Dy84,79263329368,2017-01-05,2017-09-26
082g9afPz2LDxDEq,84778343141,2019-08-13,2019-10-22
ZUlNA7Sk7Y0OfGvh,88577956969,2018-09-21,2019-11-20
VY9VRKSzUTHl3Psn,57851235776,2018-10-25,2019-10-03
bw7EIXKRHLhgrBtI,28821733918,2018-06-17,2018-10-08
BBdBw1cpKVs3hqVT,73176997838,2018-09-30,2018-11-17
1oGNmpTZs8YrzVRC,25464334196,2019-02-05,2019-11-17
zA4P7oTGgzLDP29h,71655784612,2016-09-25,2016-10-14
85QlSM0PXQkxJypC,81115546395,2018-08-03,2019-05-27
ymbdw0lKWkEYIoam,95875751149,2019-04-03,2019-11-03
8aq8VFRDXMBxbZC3,29536497797,2019-07-06,2019-11-17
Mt9wgjCqCqcpWad5,14893128365,2018-10-06,2018-11-29
Y7FuImOnXGWVTJg6,13197531123,2018-02-18,2018-07-18
Wg2halpU0wjwUGAC,47842395715,2019-11-10,2019-11-20
mZev9u5UnLYTJhuW,56684522592,2017-08-05,2019-06-11
EH1xCBb069tAFSGa,87968477242,2019-10-14,2019-10-22
9OngydVa5kE9kzrS,19635382631,2018-12-25,2019-03-21
DXqAmQUdSWnNk0n2,39173472897,2016-10-27,2017-03-19
hKT1BIf8K4nhBpA6,41519439486,2017-08-19,2018-07-30
j4rtbLBrRADJ4jBq,12767139969,2019-05-23,2019-09-11
FYtVEzciL2Bm0Tdl,67684625997,2018-10-07,2019-05-30
SNQb4SaNuHvfYkIr,99764737778,2018-11-19,2019-10-12
uhao0KKQ6eBmbmCA,75894617945,2018-11-22,2018-12-31
2YT28ay4OjATjnNr,79937633285,2018-09-09,2019-02-15
lTW4y1Y0qIWWlK5b,39215879762,2019-07-10,2019-09-24
N2vkLQVqEqWX1FeP,41217885995,2016-10-20,2017-11-18
T2wLfOLvUOzSeBeg,86128951949,2019-07-06,2019-11-10
n3I5suvdDTuLiA0F,35364336616,2019-03-27,2019-04-01
wKGuu8hejt5K68pp,99884244859,2016-08-03,2019-08-25
gvWaCgfvhusdVh0L,29269781125,2017-02-17,2019-02-17
pFMJoXZu0coGIbqZ,89727972742,2017-12-11,2019-02-16
Vlv5tQJqqejJ3fWE,36993481459,2019-05-01,2019-08-25
cDsLaAQGp9d1vATc,12769789816,2019-06-27,2019-06-29
duFf2R3Xy3F51c7S,27826657126,2017-08-30,2017-11-25
6c4FQvqr2bxOxzp4,77611821792,2019-01-20,2019-09-26
8x9FQAjunlfdjiIz,95189862418,2017-11-02,2018-11-01
UgoZyjqcDm2It980,63238338121,2019-01-03,2019-02-06
jQJ7Hoizoba5DhOL,92426743965,2016-06-28,2018-05-11
3GwyykeDkY19jKVZ,56549365773,2016-09-17,2017-08-30
xGUf9DKMn2jSTjOX,62536186895,2018-05-20,2019-04-13
D3xcWRQUvLWBg67h,64676297413,2019-08-10,2019-09-11
z4chpZhIdOErCcb3,15523856219,2017-10-01,2018-04-08
P422vGigMXenlkX0,17617255745,2017-02-16,2019-01-13
5JWq9nwHc6lsvn3d,14215256654,2017-08-10,2019-01-13
yVLBX7hBLH576el9,62587994874,2019-11-17,2019-11-27
QzKvEuMXbIhptAhA,62427954892,2017-01-13,2019-07-13
IFPiZtKHiKj7hbPT,69275871868,2018-08-16,2019-04-22
TZBnm06cWSCMVsZQ,53783636538,2018-06-20,2019-05-15
jPECljhAVGVJqekh,42825256515,2018-12-24,2019-01-10
7l5mZTSW2k18dKa6,26179525999,2019-02-27,2019-06-10
mi5agqnShwuoyNA3,25241922521,2016-07-17,2018-09-17
vIVyCJVqLXzO38YS,63665883862,2018-02-17,2019-05-03
LtixcXW8lVaEcVQp,74447798247,2019-05-24,2019-06-13
5NdvvsDfFjCZzT2h,92963695875,2018-01-04,2018-05-02
fGmQDIgCSHfn8gpR,49243763219,2018-05-09,2018-09-28
d1heaqgL1cfB6hdY,48468377396,2019-06-09,2019-10-23
fS5pm4JEfFkvKCHN,34972163168,2019-11-21,2019-11-27
JG1Tf8syLdQAxkXl,56427842889,2018-09-02,2019-04-13
igsr0rOz4f8VnkAJ,32238419154,2019-05-12,2019-09-05
hk3sdwIC62UNFFdz,93238916111,2019-09-16,2019-10-24
7zjmZWs1lyLAJma3,55629382718,2019-06-06,2019-07-04
8bUmbiwGEX8ViufL,72999663891,2017-02-07,2017-11-24
mg7hLGFh8yBqHwQ1,43146288848,2019-11-16,2019-11-18
YmEIS2Qfk83K04io,11985326267,2019-01-01,2019-03-02
gIQxCaHOx75nGA0z,58986749711,2017-04-27,2019-02-06
Z2mEBlyA5UBlmxqY,34789533381,2019-01-17,2019-04-25
21JI42h9TXbk2U3f,44154621894,2019-01-10,2019-04-10
qkU41dyyHo0pl65w,39115717516,2019-03-27,2019-10-04
AA8kU3i4a1Am28nY,98123374952,2018-10-27,2018-10-30
pkcjZSZpsGURgGbK,67835177314,2017-01-03,2019-09-19
e0WY0jvvLxJ2MuKP,71663114252,2019-09-14,2019-10-01
dhKZFR3MJxp5uWKL,94138412639,2019-07-13,2019-07-16
z5bUC6GcvkGNkKoL,77619975941,2019-04-20,2019-11-03
Lo8klDbNLbzGa1Hc,49182944287,2018-09-09,2019-04-24
MMYRT6g5hemfyDxr,22325219958,2019-10-01,2019-10-04
9vMPHTY8Ou2Puxbe,69875948686,2018-10-12,2018-11-30
jAIg9cNg3jInwfzO,43269932668,2017-02-17,2019-04-12
h45XJ9opEzwnlNvc,85999671189,2018-06-04,2018-12-27
MC8BS2JH8xSSgXEm,73484217343,2019-03-12,2019-04-08
fP9TAOaBmLBIbVHA,35793672977,2018-04-07,2019-08-09
Tq0xHnWgEaxICSUa,93133113217,2019-03-18,2019-11-21
rlEvYKRsY0YNSwNA,12595661451,2016-11-13,2017-07-10
maSLst0gIbWlA3Fu,35235612292,2018-10-24,2019-10-11
K1j950ihhGnSQBDQ,62198889821,2019-06-18,2019-08-12
dfP7pHBm8QsopXAG,87851484519,2019-08-28,2019-11-18
dtf4R99oD5pFgWOq,23742864616,2018-07-28,2019-10-12
KGYreq2NKDVail5X,85353741983,2018-07-28,2018-08-21
8VghlcZdxGVwzFLo,85199483391,2019-01-11,2019-06-20
NMpzOI16Q2bBvVXn,58954238375,2019-11-18,2019-11-26
09Lvh5UVyk72F1Iw,83837468466,2019-01-07,2019-07-19
ogf3s23xUTg096LW,55878182662,2018-11-14,2019-10-14
gv7JJ8Uf2jM29XPL,34158553368,2019-02-02,2019-10-04
LlNXfkHqG8v4QsNA,33766915756,2019-06-08,2019-11-03
VGssBsmbz4Ov6Lzb,86895686825,2018-10-31,2019-08-20
Y3sA786a5vUbzld5,81347594618,2019-06-30,2019-09-27
MNseUOfxjOAbDps4,18786562762,2018-03-09,2019-05-22
hmAM27a39OYBQqd6,46152515663,2017-03-06,2017-05-14
KIzeo4myEzk7rHzz,89338226696,2019-03-12,2019-06-15
cCpdnFVRDWN5U4O9,17786676249,2019-07-02,2019-10-26
Ttc3FjIYMD9qft3B,73384981777,2017-09-11,2019-09-05
P6aGQKhv3sQB0WRg,59252911887,2019-09-26,2019-11-23
75y7HqXOAsJT2UMR,52817331855,2019-04-15,2019-08-08
RcljxdR6ZlXRFqwZ,86255278975,2019-08-21,2019-11-13
E9ZvA7KFIGJvv051,83526837548,2017-10-26,2018-02-10
nxNy3qwpZghli2YN,57469663324,2018-09-24,2019-10-30
toRxfpuu8MOSiOjR,89638875897,2019-04-25,2019-10-18
ia64qzuphTIeDemj,68827756663,2018-12-11,2019-06-06
45kYJ6IM7ZswG4yW,15445678599,2019-03-25,2019-06-24
JxrGmE3q4fkeyOPl,93363342796,2019-01-27,2019-04-28
aA44AOBVGkRHU7I2,71864922815,2018-03-26,2018-07-15
HVP4v24ivVPx0rTn,83748972148,2018-04-05,2018-12-06
z4rIGsCJPJglbIjh,38395166922,2019-02-03,2019-10-24
azuJCCc1uX2Fg9Q3,99854418475,2019-03-23,2019-07-29
2RX8iTltJ0LvaLWx,43327939258,2018-02-16,2019-06-15
posBaLNVLsLVUtqD,86494613937,2017-07-12,2019-01-10
HlTMIKUH5viOGvq7,99241797886,2019-10-27,2019-11-18
2gyzDWgvEjBdc8yO,64883694528,2017-07-20,2018-01-24
Y5swdQs5KDDdoZLp,81929863117,2018-12-01,2019-11-01
khT78ZwPu5WMsYeJ,63756187242,2019-01-22,2019-04-17
jsh9kE006L9KGekb,79429312598,2019-04-29,2019-05-28
Ayl3H5R40bEuS3cC,14216857787,2019-05-21,2019-09-21
BJU2STH2n9u4cAJU,67789489161,2019-07-13,2019-08-24
fUXrFrEymHEny4eQ,29445842858,2018-05-30,2019-04-27
bp3CZlyuF26D57CL,75935343824,2017-10-24,2019-08-17
qUqNYCk0oiO1hj7P,79953281414,2018-10-27,2019-05-17
cSM1CNHeeZa7NLSC,72591426896,2019-05-29,2019-06-02
w9nqfHyKm34tz9ju,29538797477,2018-07-12,2019-03-24
g1FWhrRcCyHPX0Lg,18357559367,2017-01-19,2018-06-21
sGLp1yW2DoLycw94,13756593852,2018-06-24,2019-09-16
GJwSQZsO91ckS1gQ,81187712272,2019-07-05,2019-10-19
J27ez2jq009Lewfk,11759619973,2019-11-12,2019-11-16
GIAkL3Ie4Oyw5tOV,57837469813,2018-08-04,2018-11-09
G7eZExLIImw5BO05,55468637927,2018-08-12,2018-09-29
SEgL4az3bPkyshk0,69237278651,2019-05-08,2019-10-16
cUw9S4ACPAyW3tll,72715655854,2019-09-18,2019-10-23
2Tm5Oqd8m7u19OkW,99929263182,2018-02-24,2019-05-23
GUjgM5ZYMe1gzKoc,66679311585,2019-01-15,2019-11-06
xIPzyQaJnCDUXF8A,27742469273,2019-10-06,2019-10-21
YyeXb0fbaHNzoaKR,85473581195,2019-01-07,2019-07-04
BdqQSv9Gy5FU1Whl,71695535752,2018-11-09,2018-11-12
BgU9WlFoB1Fv5U3V,47593764313,2019-11-17,2019-11-20
QINzOIeEiaYcKccv,48911128536,2018-10-31,2019-07-30
dj6SGe00pcfQpdsD,96973815324,2017-06-11,2017-10-20
NwQJ0xy0rhMcn8zi,95313685128,2016-07-27,2017-09-04
xirov1qTxm67eUQS,78956393439,2019-02-04,2019-05-11
2Cc2tJ9yCvWN7zkg,92436588474,2018-05-27,2019-07-29
CxIVfQo6xXs44hcG,68592111783,2018-01-31,2019-07-23
0vkNtVwkdEiwfcnp,28512835647,2019-04-22,2019-07-08
Gv7mk4aomVvAVvTl,17821176412,2019-05-10,2019-11-16
7xD3KK8qB7fuvoRl,86427396325,2017-07-10,2019-02-09
k3W7wAn5cVsEe9V6,69415982768,2019-09-28,2019-11-03
u39Gt23BzJbTLLnv,12636694691,2019-10-09,2019-10-09
lLACVbIvZ7YflzCE,65422167291,2018-12-17,2019-04-09
36xgZXGRTIS2iLwB,42786664713,2019-05-14,2019-09-11
WTNfU2lFDvsL8IqF,39161292391,2017-12-04,2018-09-05
z1I2eVn8nPlkSAC8,35227426136,2019-08-27,2019-09-06
fuTutxCuhmGGFK6I,33624497545,2019-09-07,2019-10-03
zk6d99TCnLUBTi7a,42972829643,2016-07-28,2018-06-21
XMClsmQrYsVj7ozN,93894299831,2017-12-18,2018-10-30
17R9Ec9ua0ekBBb7,66591481237,2016-11-20,2018-10-12
aHMYGcThekv936L6,91822789487,2018-12-20,2019-04-27
2oFrBVHoSGD6e6Jr,43383876364,2018-12-31,2019-10-25
imACCjRlA7mTLc9I,38558675931,2017-12-20,2019-11-13
suJ7kXlJxH6DC9XJ,32492113179,2019-10-23,2019-11-14
d14lay99lRV8sPGX,38472884512,2019-11-05,2019-11-26
FsJUNAfB9RuZB3fu,49739699919,2018-09-11,2019-11-23
XgRAnFhrHErkyNAi,18551522228,2019-01-11,2019-06-22
88IATx34y0lBYINa,15347887844,2019-03-16,2019-05-05
OWLuJaR3CqcKybzu,88812776783,2017-05-05,2019-07-04
NU5DBY3chDXkA8Fj,92149532916,2019-02-03,2019-02-26
lTBQISpx1Nkdbmk7,81616772451,2018-06-28,2018-11-16
sGKqNbVOvNp5ovqb,39542899622,2017-12-12,2018-05-20
ZPQLmBjbYqo2Cvp2,46992464957,2016-10-01,2017-09-05
1rlZJfwZPVapWD9b,56481552992,2019-06-16,2019-07-04
BWTvql3dSZDHbge6,42765855488,2018-01-24,2019-10-25
yhhgcw8IFr37GY1d,72821868946,2016-07-04,2018-04-03
kD7qiKrfLGuCve8M,23369324894,2017-12-15,2018-05-12
CEwHb7QAgDpqXUvB,63382877337,2017-11-04,2018-08-28
aIMrvzwr8DK4svf7,51376692827,2018-12-06,2019-02-19
TQdqGlS83h6TltqP,99196521266,2019-04-06,2019-11-14
Od4ELY0bFO3l2Amc,56319168317,2017-09-18,2018-12-09
FTgACtfCi7RKHxYg,28487731973,2017-12-09,2018-09-23
DaRq3mD2D6mJjVid,17398979456,2018-11-22,2019-02-07
Rv14zqcBa4H5fvKR,86394573875,2018-11-01,2019-11-10
9apvwvNsS37kpkRc,25833146294,2019-07-10,2019-08-19
fmqp6x0pFJU4gbnO,11855724794,2018-07-09,2018-08-14
pUFY3uhuCKpRPH8y,95493893817,2019-10-01,2019-10-06
7gQ7uttvyBjG4FCo,29659288596,2017-11-10,2018-10-09
u61xONq6sR6Rt4Ez,87814132548,2018-07-01,2019-11-05
bbVIFoZlbVmQRpl8,21775179315,2019-10-14,2019-10-29
5ZWeaDyNNLSSlnum,63774549697,2018-08-16,2018-10-19
d1cozWEho8DXWBGm,47332349935,2016-11-14,2018-12-18
thN80I4n1qfLgLeF,47816449747,2018-10-20,2019-10-21
07eVu5VkIlwX5SRw,58765478252,2018-08-18,2019-03-22
EZkn9CjB306ERrHo,75188545896,2019-04-30,2019-06-07
1a2RD0lWT64JcgKR,45337437164,2019-09-27,2019-11-23
iNBZcdhkuzhlOSRB,65699656334,2018-11-20,2019-06-12
yHrUAE6vJolCfYoT,99528625143,2019-01-24,2019-02-22
BxNVdTFYYXbfeJOE,64655464648,2019-06-23,2019-08-01
gBKIYEokKeBoh145,73334636624,2019-09-17,2019-11-26
pjObUJJNHO9leiNM,74667493126,2019-05-15,2019-08-05
kLjMLkbUt2RKwmtS,56185915321,2019-09-07,2019-11-19
9PKXXuMhjnslJc6J,11831449159,2019-03-29,2019-04-14
ZxeoqKvFsjwnRU9H,92978398942,2019-01-14,2019-09-28
ruJKHz83F1f12N6g,57751478913,2018-03-03,2018-10-04
3NEJnMYz8SfSOrvI,27539136114,2018-07-20,2019-11-08
Ycz2MgDNPyU0O95c,21762438352,2019-06-20,2019-09-17
uC1DUVa4Mt4VVGGi,66327493673,2019-11-18,2019-11-23
Z0lhxorysnWrePPe,28783775858,2017-07-29,2019-10-25
iuZUHTUn8mQyS0xD,95814833813,2019-08-20,2019-10-03
Jg5FcFWx7Lw4Maa2,12654538585,2019-09-16,2019-10-30
qnckYNhuUtsxpQPs,38883832232,2019-06-06,2019-10-15
ueWC95RMjfjTWf0t,14595235822,2019-03-21,2019-04-16
PR6BAdgswZw76Gn2,81239898627,2017-02-07,2019-01-07
rSWL7yVMMaV4PrWN,32866623613,2018-09-22,2019-10-26
mELhg2YvECsyBagU,19226726819,2018-12-19,2019-07-24
mr4BJDdCsV5lLF9Z,95782123772,2019-09-07,2019-09-08
MwZbAaOLlKjaxtaT,88727366613,2018-12-13,2019-01-29
8dlBsfxZjVv5Xtm1,73769343146,2018-11-28,2019-02-10
vrqRuoqig3voiNMB,18966784356,2018-10-13,2019-09-26
UYGypGUYXo3wUG9Q,85548799188,2017-10-20,2018-06-29
lrRYtz8CxRcKoQ45,99922896694,2017-09-26,2019-06-27
YooEVljKw3njnYmQ,85133569337,2019-05-17,2019-07-16
MSvFrkfjDRSzgela,82192518481,2017-03-15,2018-10-31
Uuo9s3edE6yUk5jV,56391838192,2019-03-16,2019-05-26
Utc16lcqcMHpwAtW,44659727629,2018-12-14,2019-02-09
WvaJq68wno1qTova,16492397137,2019-10-30,2019-11-21
NegLkLK1FPHDneC8,69824671138,2018-04-28,2019-06-10
eHUaPD2POBdn2Tbj,92279585932,2019-04-22,2019-07-22
JhszD71kNk0AGovL,59344913631,2018-08-01,2019-02-12
fDwohp8BxYFNIw7g,67123381573,2019-01-18,2019-02-09
2jkmgoJaP1TfIRsc,53933979446,2019-03-16,2019-04-17
HzuQHYVRvcQCUZYi,19423118841,2019-11-26,2019-11-26
oFRkabLD9QiPq6ch,92639367618,2019-07-22,2019-10-09
JYNDS7C21XcwflDQ,72688984613,2019-05-09,2019-10-28
3NjCy4gUoOWzeFAT,12913131532,2019-10-11,2019-10-20
3eW9Pz8NhnYg0Mrv,11118337977,2018-04-24,2018-11-05
pyZq2dcxRM7d2OP3,92525823878,2018-09-26,2018-10-05
nyll9ABUIxNuJxx6,66826417252,2019-08-02,2019-09-23
kPXwYjjuLSkv4Bpk,84411764724,2019-06-07,2019-09-30
HzHYTHiPux0rUsJA,57246348812,2019-08-08,2019-11-07
kJaHQHTre9z3AGFA,71888632731,2019-05-06,2019-09-02
777VbnNdmIBGgkfe,56268853421,2016-11-04,2018-07-16
b5wlYcAUf5zA37HK,74612555776,2019-08-28,2019-09-22
paoBxycyDbv9a8Ul,86582935664,2017-05-08,2017-11-29
ewubQno7gKiPSi1D,37956534187,2016-11-05,2016-12-18
TrCH0agQ52ZN2mZr,68477281965,2018-08-24,2018-11-26
dLn7biTVoM4N0epp,93986415612,2017-05-08,2017-08-16
kbuUarMa4mz87d8s,99353915851,2019-06-19,2019-09-28
0M3xwZX0sg3vwdVu,42369716294,2018-09-06,2019-03-31
6mtSxYaXa2anyJh2,56245144937,2019-07-11,2019-11-07
bRK5U7huBK0RbBnG,97577325681,2017-08-26,2018-03-21
udQd3I1oXF66YQF4,98536236675,2019-09-05,2019-10-09
HNXehX993onUdbbA,71714539531,2018-11-15,2019-02-01
wp7IPHgRI1728jWF,29466554548,2019-03-02,2019-08-21
P9uGF6ggyoigzOtm,75321183282,2019-05-20,2019-09-27
BuytAicWXxezxvhZ,57876893621,2019-08-30,2019-11-03
whsVF10U478OBG97,15316528982,2019-07-05,2019-09-13
w0ZrHj4vemA1Zn0j,68396785897,2019-11-16,2019-11-22
xXyBhjH4uhOvpTbd,65614112885,2019-03-24,2019-10-25
NisxojzHHx4kBC8w,87419732926,2017-09-14,2018-03-21
axKhFMAyEeVo79iB,18352357337,2018-09-24,2019-01-08
zpEWzYqK92tYEyOX,31739231223,2016-09-09,2019-04-03
Oj6U7xTBtecDylOE,51215797911,2019-05-16,2019-05-26
dkK2pOJwylX7waFT,12747774471,2019-08-31,2019-10-14
V81pgUTOST71sa9c,53222966471,2018-03-11,2019-06-07
vTxxKdXWHATHeb6G,68357742761,2019-03-08,2019-05-13
l36H09Xv8M3PohqJ,38591274716,2018-11-30,2018-11-30
Eeli2aFWzajJwchy,74854627555,2019-04-13,2019-11-20
1jtBnrFrlNdocjx9,62366652143,2017-10-21,2017-12-02
Bn5MmV9YcP7GGrpX,37339851817,2018-12-03,2019-04-30
DIPCUQGKAewWd4N6,94342759988,2016-10-08,2017-10-10
ge25As7UbkdrIgmH,45631649291,2019-06-04,2019-09-16
8xT7yrABd6QxVLiT,63924796469,2019-11-25,2019-11-26
yIsaKyY0qr0GOLoj,13412665536,2017-03-15,2017-06-29
iia1RMRHtDQxBGzC,12382747344,2019-02-22,2019-07-29
xqplmrF9f6k5Q7Xg,92262291529,2018-11-06,2018-12-21
sOsgHsz0ONRFtawY,62263169441,2018-08-07,2019-04-01
fQ19JPo0ulbgXF6r,25545528265,2017-07-07,2019-07-22
XORe3vDwIHh8bxz5,85738425232,2019-02-10,2019-10-05
gAIzj0SP5ARFOE5X,95567516338,2019-02-27,2019-11-06
Err5QPUnmcKPpqlW,52233851126,2019-05-10,2019-06-20
AdVUoWNGWisnxAAR,92726681656,2016-10-03,2016-12-23
BK7PKktB1KlkvEN2,16446385699,2019-03-03,2019-07-28
OPkmtitU4Nrk5llJ,27161363185,2018-12-04,2019-08-18
X3aVDKCTs2tGpK0X,46831253942,2019-04-21,2019-09-28
H7jpZ56uwQlfmRmM,46599158459,2017-09-21,2018-08-23
nTCBjD84mB6AgJQk,19671673561,2017-06-18,2018-01-04
lWLLk8rT6jdbDaAS,59385255743,2018-01-21,2018-03-09
VD4Wnj3gY5wh0GWJ,58336637348,2019-05-13,2019-09-15
Mzq6OL1Mm9WVPJzH,44264349322,2019-08-23,2019-11-16
EQDoH8fWmIL1ZF0M,94576842945,2018-12-09,2019-11-15
B0IkGIoYvtv0nvbw,55326398166,2019-05-19,2019-07-23
r6FzBKyteTcgAXjX,25731364836,2019-02-24,2019-06-16
LFPzOFOYmDNfdqVt,48964163238,2019-01-01,2019-06-20
9PjvZEo0crFZBk7g,51853165684,2019-08-26,2019-11-11
jZk4yspG35KsSLPa,57999541133,2018-04-07,2019-08-13
vKDJNdOCYZ93bewa,11195175754,2019-05-07,2019-08-18
SA7tc87dg29oPpTP,43277618328,2018-09-05,2018-10-16
XkYxNnqP2N1SMwZ6,47224346615,2018-06-24,2019-07-22
gZHnVYfWiIWkI82n,96982847896,2018-11-02,2019-09-16
Qzn1L9XdhaPtpbp5,75778421446,2019-06-17,2019-08-27
ohzQpaconcu3vOaZ,93434188115,2018-10-02,2019-07-12
PbBh70tYY3KVszLE,47647332764,2016-08-11,2017-06-28
gyHMqE9urMBo1jSs,72286451853,2017-07-04,2019-04-27
2Sld7Z7Du6xIBqn1,48953822122,2019-11-02,2019-11-24
M0s1tiw3HsqobWif,38723315177,2019-02-24,2019-07-05
gZ8HBhNwI8rTmf4y,25287115244,2018-11-03,2019-10-23
XydXv4txwTRlItFV,22346315279,2018-12-16,2019-02-18
5q1cIi6jtSI2SdHS,18137458153,2019-03-14,2019-07-28
YCLqgbPi2BAppwuq,88718673926,2017-01-02,2019-01-25
Ew9XpLTE0CLfDbtx,79645329339,2019-09-04,2019-11-10
zeocK7C20JQg8wTB,35957721492,2019-02-03,2019-06-15
KbeDSSuz2Lu7IQXG,12145974918,2019-02-08,2019-06-29
13I8Fme0EDM5TKuj,66589772551,2019-01-24,2019-04-19
NelaojzWhzJbcSj3,93769197355,2019-11-01,2019-11-05
1vXyb8NeJXi96jgE,17651595168,2018-04-19,2018-08-26
xhRDm9qd54yOebQa,32618129828,2019-11-01,2019-11-24
nz0vMuoxkNJadKfD,91652591681,2019-07-15,2019-10-06
RXFy5i9WcZWLoCbt,93486342472,2016-07-16,2017-03-24
07jQJbPHHsrD6NDI,46736241722,2018-08-15,2019-07-30
aVU33YQLLCmktmFG,16963253996,2019-01-19,2019-10-10
IxsfmKMtHhvyl51w,42491576567,2017-12-07,2019-08-19
74MXaGF4lvxL6NUp,96268652598,2018-03-16,2019-01-10
675r8mpXDXWxfrA9,39567947493,2019-02-12,2019-10-03
rgdSeRXmnExngbGK,83341721968,2019-05-16,2019-09-28
qFdHSSLPJGyR5pOs,12428827436,2019-08-01,2019-10-27
76ZUTuyHYMC5u0p0,37984882585,2018-09-14,2019-04-01
Xa9DKa4jRxa6181X,25527676833,2019-11-01,2019-11-12
IRwG5LG1h0KFNcPH,47746925946,2019-01-26,2019-10-07
PNxeBMGTvulNf3Mz,93717772986,2019-10-21,2019-10-28
DJov1uVeJNyl0SXa,tqdLvAh8aN7eRAoi,2018-12-10,2019-03-20,120,20
8KJLgOTWZegnTpmt,Kjo9mLuF0LOKGrGE,2018-11-11,2019-01-16,120,20
jRucEKmYgmpGVici,9ihicbHgpN0PbwSb,2017-10-13,2019-07-21,120,20
HaAZhjq0JmRyFH79,2tfdYaA13MbZiGa9,2019-05-12,2019-11-10,100,15
lkSqHqGdDHo0LhNr,fuMTVSRnXgpWh9nq,2018-07-06,2019-07-16,120,20
VpGSE4M7h0kiBJ8l,iSiy7dmw7dSci3aB,2016-07-21,2019-03-24,100,15
J5ToOIpidJENB6uS,cA2p1IjPAOC8XkLq,2019-03-31,2019-04-21,-1,25
I1T77FNJg6iLYTBQ,vVduevcOYwjiBDXi,2019-04-12,2019-05-06,-1,25
OFwl1DWY0UOtITiX,1L2seNllQi7VvUUf,2018-03-01,2019-10-26,120,20
p52DVTJwPVSPCeEA,Pprlh54Adm1644OE,2019-07-16,2019-08-18,-1,25
zavOFjqnsJHDYMXq,KystvNTaJRi5eKZw,2019-11-24,2019-11-26,-1,25
W6huJC0wf1kdY0PX,uuIcYAmsUmuqakEv,2019-11-12,2019-11-22,120,20
CsboQuP4sIjnG5KE,XgCntKItq0gIy9my,2019-02-22,2019-07-06,120,20
fjQnrNz9GYlW0IG7,83DweSi477RaMlYY,2017-07-29,2018-08-18,120,20
Q6LFPmbAXX14lNSE,wOJ0hBu1mfibNJoT,2019-10-06,2019-10-29,100,15
3bReAag4VkXvnY1e,lA5vf1Lnc6cHkCMO,2019-11-25,2019-11-27,-1,25
C98pvq2WTlWQq6KD,ZCmb0gA16PlzE5Xs,2018-10-24,2019-10-06,100,15
COC5mdEAOurC7oBt,1515qfTuEaLUHhe8,2018-04-14,2018-10-27,120,20
gzdp0s2sxvTmm8wz,IUVmvsQc6zVnUxn8,2019-05-13,2019-08-12,-1,25
5JMGoRK4Ut8bJSBZ,Ku8ycNq1Dw7uT81T,2016-11-22,2017-09-21,100,15
akaKiJ6sfmVfqVLE,zu49IOuhC6rGrRlb,2016-07-05,2017-05-03,100,15
JaGQNMDuOCSGMwxQ,9DhSfHTPuaFadRzW,2019-04-11,2019-09-08,-1,25
SoviIFBvdyOcCpkx,pAoj6bORT49jbsmE,2018-03-20,2019-08-07,120,20
VXjEygP7FSLlexd0,dBwGiFruyjQYURzM,2019-06-21,2019-07-10,100,15
PEQKXklpWvsPs9y5,F11FsMPRfUpvvUoo,2019-05-11,2019-11-26,-1,25
8ncI4TD8jPaolmrM,GOg7wZw8PUnm1qe1,2018-11-22,2018-12-20,120,20
hgGh2dZx1GXAD9ln,bxlp40bygfEbjdhV,2018-11-08,2019-07-28,-1,25
FLe5VBvddTunaJpx,0IRV4rsr5TkeU43b,2019-05-11,2019-11-11,100,15
PSZgYAteoOaCHIbX,qB0pV0njugsstr3g,2019-11-19,2019-11-21,120,20
v8Q5V7eks0wG9cQn,SEVSnOPBfpVECDAk,2018-08-12,2018-10-10,-1,25
NQRQ5gkBCtMiBEu4,QG3Xs6dId0UFqIJP,2019-01-18,2019-08-19,120,20
zFSK8FWXZUm0knLu,zhL4Or2xudPt0BzV,2018-09-09,2018-10-23,-1,25
XFGcqnYZZGFSPFpo,ux0QYGDNmZzGQNxN,2019-04-17,2019-10-01,-1,25
8iqRKA0TomNoq9g8,uwSDKnnwEvuKayqa,2017-03-13,2018-12-30,100,15
VWcJ6qZx1hj2ofcP,orezcL2vQt8MmSUc,2018-12-02,2019-11-24,-1,25
Fp0BBhRLSwuo1fCN,KTWWECT7IfJo5dMF,2017-04-26,2018-09-20,100,15
XcSHiR6lc8mrN3Vh,G9UuXtYxajNzIOK7,2019-07-08,2019-10-06,100,15
Qe4FqkZQni10bars,1rB4NThtY5dmp5XK,2019-07-05,2019-11-16,100,15
Vxrp9IjgXyA4PNFE,f7MH5o4FC4c4TSzq,2019-05-17,2019-07-02,-1,25
4bPaopxRGDok1Bfr,7PnGVhpg2Esbtpl0,2019-04-13,2019-04-22,100,15
wnWj6nfX5smLlDNj,ueCxbGKe1RmIs0Pt,2018-12-10,2019-09-24,-1,25
UmkS3O8K1bjPaHa8,pX6qYEF7bgigyyk1,2018-09-15,2019-02-01,100,15
v6KYbn9IFI8fmwPA,oFUDlktECkuczJVA,2018-10-07,2018-11-01,100,15
J7OjS78wN6TFwOn4,1X9BJGNCDZH09dT4,2017-02-08,2018-04-23,100,15
LxwOxIguwIB7uAkp,FeK8EP5CvlVJwPFd,2018-09-10,2018-11-18,120,20
i6moWO56UGyk1cvG,YZ1YEJ3XJS2hEryO,2019-01-24,2019-03-15,-1,25
Zi99qdJ9gSXpKXDH,o1V8BgbIYoK0r7sK,2018-11-14,2018-12-22,-1,25
XDL4JsadRyAgZxos,HJl44QQyX8ApFOq6,2017-02-26,2019-07-23,100,15
9g8KgNSr8qs1cYaJ,kYN3OFoOzhlhoKxi,2017-12-12,2019-04-03,120,20
XRCDTnc6Bfy8fAak,0rQkYpbu22XGs44f,2018-06-02,2018-10-15,120,20
TcmOteiXpe9xeS4Q,lQQw3DfTBj2Ky9D1,2019-01-06,2019-06-25,-1,25
VLuUzVFYQejttZWy,HBig1nNDCN8x2Vod,2019-05-09,2019-05-28,-1,25
txaRLQ5oYPs89DM9,eZVbPMtHEMjQ1QVd,2016-07-25,2018-07-04,100,15
HQzZVGJ2xaEo8qLT,jyMODbRkd7F9qEml,2016-09-27,2018-05-20,100,15
kXj5XKnHoq9tgTkh,AZxc0Lo1Gcc0GIU6,2018-09-18,2019-10-10,-1,25
A2sUcegcDgCqRFI1,DVJCf17mZCK2YaBh,2017-12-14,2019-08-21,120,20
782j01GmbstW1C2y,zu6XZF08nVsMtO9e,2017-06-14,2018-12-24,100,15
Jq247PYVz7jjEKNK,9Qm425j5C8ABEJjh,2018-01-23,2019-10-16,100,15
kBrwqy3GaVwiNe07,zAlfRTPWaln6UoBq,2019-06-04,2019-11-15,-1,25
yQUzgcG9qzJNBEqU,yOGOILTvOZquK5sm,2018-12-09,2019-06-11,100,15
f7mur4R72EL9GRUK,0e16lub3fe27RwvG,2019-07-21,2019-11-21,120,20
XKaMCpAW3fKMYpX1,rBin3M19F2hMmhQN,2018-06-18,2018-08-11,100,15
pmjKQcKrLgH0XR9a,UxeTKHRy3iYoMTD6,2019-04-18,2019-10-19,-1,25
LbVhUj5GRfJnGU2t,9P9AI8vQgjLnYtnY,2018-04-16,2019-05-11,100,15
vuA9WV6xlWiFlNLA,lSAUN8ndGc6Odt2B,2019-09-21,2019-10-03,-1,25
UbiJ2G2CtPfY0thc,eRxm0XnzZWncoT2R,2018-09-29,2019-09-22,120,20
ntVggtchxwZLvIQs,4GH0fRO2lSK4Uf4S,2017-07-12,2019-05-20,120,20
54kqqpN3lGAIQFsv,yy0wEhljOi1Wf2bX,2019-02-22,2019-09-15,-1,25
iPeu9Tg6usyA1T80,fy4JVnZigiODp1ea,2019-10-28,2019-11-03,100,15
gOX38BuQC2h0qacV,jCrlZXb2R2nJyHG6,2018-10-11,2018-10-25,-1,25
CKidnUrmCVq9Mg2J,XppT4HPV0rlQQaCq,2016-12-14,2019-01-05,100,15
3OhMjEBeqVoaIhnY,eXXURM6WMAV48ugw,2019-01-05,2019-11-24,-1,25
UIvKkt34sjDy9BxF,I1iFGIKkZLE7iZwW,2018-03-03,2019-06-23,100,15
7HTi1VlSntjpLSLo,0c8OV6I4ClHDHL9W,2018-10-21,2019-04-04,120,20
1gvV2TsUGkFLz7ZQ,Jj54XSovIl1OIfoy,2018-11-19,2019-07-20,-1,25
lXa24i99MYkc1YRM,1H0c5BxM6fE9d8yj,2018-04-17,2019-09-18,120,20
I8d5k2qaDayUY0uD,ZQ2xxsowo97YpXsJ,2018-09-12,2019-10-02,-1,25
x5U4GKWhV946UbrX,3bgnD2VIPDW0r4iQ,2018-11-13,2019-08-27,-1,25
xAJHscTUVP8JhCbL,MLgw05ycrgX84z65,2019-09-19,2019-10-04,120,20
pffvjXXvV8eT0Tg0,qGsFdTovdILxa2ji,2019-02-15,2019-10-13,120,20
uKocNFUu6WsnRiWh,HEDBXqUJ8tRWaA8B,2019-06-23,2019-07-21,-1,25
fLCk5U8RqveBx9JA,SP56liCgDCFouWKr,2018-10-31,2018-12-14,100,15
B3FAU3M3NENaGYhE,KSFk3Ra6w65A2Iqv,2019-10-13,2019-11-08,100,15
bQnpfyGAlabbUzwk,rosw72GDAAyPo2N6,2019-02-05,2019-04-18,120,20
RQKNyUvXMBKK8ufu,ysqLUpYqLuJYnq6D,2017-07-12,2018-04-30,100,15
C43snOmjHnBCozlo,TqBmlYV61wklg9RV,2019-01-14,2019-11-07,120,20
XMVuWmfcANM7etBe,qiGZu92GT3SQZiPt,2018-04-04,2019-09-25,100,15
a2afjz21I9J5CENF,ng6vQI3CIfB3gqbE,2019-04-04,2019-10-23,-1,25
VxDuRm7PB8w4WPs4,zSrvvAUxI0eJYomu,2018-11-30,2019-02-13,120,20
1BJlTHVfU89fi9Gr,F0c3wvBw7m0S1kFa,2019-07-13,2019-07-22,-1,25
CO9gDLqcShftnRPm,osFurTkYEbplRDdk,2019-04-28,2019-05-10,120,20
hK5CuB455UwCCGrM,RWAbGJGOVHf3Usog,2019-11-25,2019-11-26,120,20
AhrBe4diQqZlqjdU,Rx9VCktGUWgtL5fo,2019-03-13,2019-08-13,120,20
tXr4bfFgYdlu4E5V,glRAE5lNTb8MAieI,2018-12-29,2019-03-02,120,20
VPobjUZlDlGuKQOH,fhsKQJ1TUrgUI3fY,2019-02-03,2019-10-14,-1,25
s7CmAx2WiqRix15p,oS5aAV9wvCJHM6gS,2019-03-16,2019-05-17,120,20
TJGioCDdPLwdKsLw,nuVq79nDJbvMGZqk,2019-02-22,2019-10-13,100,15
xSdJWCzrYE0OYLxY,BlLFVe6A6zSn04x7,2018-12-20,2019-03-18,-1,25
5yOe4YFYZiesCmlC,UL4FZoyAWWdSrvOE,2018-08-31,2018-11-15,120,20
A3g0U77gGqmSNqoe,gBhKNFLqlwjdLJ8c,2019-06-11,2019-10-26,-1,25
