0,1,2018,January,2018-1-1
1,1,2018,January,2018-1-2
2,1,2018,January,2018-1-3
3,1,2018,January,2018-1-4
4,1,2018,January,2018-1-5
5,1,2018,January,2018-1-6
6,1,2018,January,2018-1-7
7,1,2018,January,2018-1-8
8,1,2018,January,2018-1-9
9,1,2018,January,2018-1-10
10,1,2018,January,2018-1-11
11,1,2018,January,2018-1-12
12,1,2018,January,2018-1-13
13,1,2018,January,2018-1-14
14,1,2018,January,2018-1-15
15,1,2018,January,2018-1-16
16,1,2018,January,2018-1-17
17,1,2018,January,2018-1-18
18,1,2018,January,2018-1-19
19,1,2018,January,2018-1-20
20,1,2018,January,2018-1-21
21,1,2018,January,2018-1-22
22,1,2018,January,2018-1-23
23,1,2018,January,2018-1-24
24,1,2018,January,2018-1-25
25,1,2018,January,2018-1-26
26,1,2018,January,2018-1-27
27,1,2018,January,2018-1-28
28,1,2018,January,2018-1-29
29,1,2018,January,2018-1-30
30,1,2018,February,2018-2-1
31,1,2018,February,2018-2-2
32,1,2018,February,2018-2-3
33,1,2018,February,2018-2-4
34,1,2018,February,2018-2-5
35,1,2018,February,2018-2-6
36,1,2018,February,2018-2-7
37,1,2018,February,2018-2-8
38,1,2018,February,2018-2-9
39,1,2018,February,2018-2-10
40,1,2018,February,2018-2-11
41,1,2018,February,2018-2-12
42,1,2018,February,2018-2-13
43,1,2018,February,2018-2-14
44,1,2018,February,2018-2-15
45,1,2018,February,2018-2-16
46,1,2018,February,2018-2-17
47,1,2018,February,2018-2-18
48,1,2018,February,2018-2-19
49,1,2018,February,2018-2-20
50,1,2018,February,2018-2-21
51,1,2018,February,2018-2-22
52,1,2018,February,2018-2-23
53,1,2018,February,2018-2-24
54,1,2018,February,2018-2-25
55,1,2018,February,2018-2-26
56,1,2018,February,2018-2-27
57,1,2018,February,2018-2-28
58,1,2018,February,2018-2-29
59,1,2018,February,2018-2-30
60,1,2018,March,2018-3-1
61,1,2018,March,2018-3-2
62,1,2018,March,2018-3-3
63,1,2018,March,2018-3-4
64,1,2018,March,2018-3-5
65,1,2018,March,2018-3-6
66,1,2018,March,2018-3-7
67,1,2018,March,2018-3-8
68,1,2018,March,2018-3-9
69,1,2018,March,2018-3-10
70,1,2018,March,2018-3-11
71,1,2018,March,2018-3-12
72,1,2018,March,2018-3-13
73,1,2018,March,2018-3-14
74,1,2018,March,2018-3-15
75,1,2018,March,2018-3-16
76,1,2018,March,2018-3-17
77,1,2018,March,2018-3-18
78,1,2018,March,2018-3-19
79,1,2018,March,2018-3-20
80,1,2018,March,2018-3-21
81,1,2018,March,2018-3-22
82,1,2018,March,2018-3-23
83,1,2018,March,2018-3-24
84,1,2018,March,2018-3-25
85,1,2018,March,2018-3-26
86,1,2018,March,2018-3-27
87,1,2018,March,2018-3-28
88,1,2018,March,2018-3-29
89,1,2018,March,2018-3-30
90,2,2018,April,2018-4-1
91,2,2018,April,2018-4-2
92,2,2018,April,2018-4-3
93,2,2018,April,2018-4-4
94,2,2018,April,2018-4-5
95,2,2018,April,2018-4-6
96,2,2018,April,2018-4-7
97,2,2018,April,2018-4-8
98,2,2018,April,2018-4-9
99,2,2018,April,2018-4-10
100,2,2018,April,2018-4-11
101,2,2018,April,2018-4-12
102,2,2018,April,2018-4-13
103,2,2018,April,2018-4-14
104,2,2018,April,2018-4-15
105,2,2018,April,2018-4-16
106,2,2018,April,2018-4-17
107,2,2018,April,2018-4-18
108,2,2018,April,2018-4-19
109,2,2018,April,2018-4-20
110,2,2018,April,2018-4-21
111,2,2018,April,2018-4-22
112,2,2018,April,2018-4-23
113,2,2018,April,2018-4-24
114,2,2018,April,2018-4-25
115,2,2018,April,2018-4-26
116,2,2018,April,2018-4-27
117,2,2018,April,2018-4-28
118,2,2018,April,2018-4-29
119,2,2018,April,2018-4-30
120,2,2018,May,2018-5-1
121,2,2018,May,2018-5-2
122,2,2018,May,2018-5-3
123,2,2018,May,2018-5-4
124,2,2018,May,2018-5-5
125,2,2018,May,2018-5-6
126,2,2018,May,2018-5-7
127,2,2018,May,2018-5-8
128,2,2018,May,2018-5-9
129,2,2018,May,2018-5-10
130,2,2018,May,2018-5-11
131,2,2018,May,2018-5-12
132,2,2018,May,2018-5-13
133,2,2018,May,2018-5-14
134,2,2018,May,2018-5-15
135,2,2018,May,2018-5-16
136,2,2018,May,2018-5-17
137,2,2018,May,2018-5-18
138,2,2018,May,2018-5-19
139,2,2018,May,2018-5-20
140,2,2018,May,2018-5-21
141,2,2018,May,2018-5-22
142,2,2018,May,2018-5-23
143,2,2018,May,2018-5-24
144,2,2018,May,2018-5-25
145,2,2018,May,2018-5-26
146,2,2018,May,2018-5-27
147,2,2018,May,2018-5-28
148,2,2018,May,2018-5-29
149,2,2018,May,2018-5-30
150,2,2018,June,2018-6-1
151,2,2018,June,2018-6-2
152,2,2018,June,2018-6-3
153,2,2018,June,2018-6-4
154,2,2018,June,2018-6-5
155,2,2018,June,2018-6-6
156,2,2018,June,2018-6-7
157,2,2018,June,2018-6-8
158,2,2018,June,2018-6-9
159,2,2018,June,2018-6-10
160,2,2018,June,2018-6-11
161,2,2018,June,2018-6-12
162,2,2018,June,2018-6-13
163,2,2018,June,2018-6-14
164,2,2018,June,2018-6-15
165,2,2018,June,2018-6-16
166,2,2018,June,2018-6-17
167,2,2018,June,2018-6-18
168,2,2018,June,2018-6-19
169,2,2018,June,2018-6-20
170,2,2018,June,2018-6-21
171,2,2018,June,2018-6-22
172,2,2018,June,2018-6-23
173,2,2018,June,2018-6-24
174,2,2018,June,2018-6-25
175,2,2018,June,2018-6-26
176,2,2018,June,2018-6-27
177,2,2018,June,2018-6-28
178,2,2018,June,2018-6-29
179,2,2018,June,2018-6-30
180,3,2018,July,2018-7-1
181,3,2018,July,2018-7-2
182,3,2018,July,2018-7-3
183,3,2018,July,2018-7-4
184,3,2018,July,2018-7-5
185,3,2018,July,2018-7-6
186,3,2018,July,2018-7-7
187,3,2018,July,2018-7-8
188,3,2018,July,2018-7-9
189,3,2018,July,2018-7-10
190,3,2018,July,2018-7-11
191,3,2018,July,2018-7-12
192,3,2018,July,2018-7-13
193,3,2018,July,2018-7-14
194,3,2018,July,2018-7-15
195,3,2018,July,2018-7-16
196,3,2018,July,2018-7-17
197,3,2018,July,2018-7-18
198,3,2018,July,2018-7-19
199,3,2018,July,2018-7-20
200,3,2018,July,2018-7-21
201,3,2018,July,2018-7-22
202,3,2018,July,2018-7-23
203,3,2018,July,2018-7-24
204,3,2018,July,2018-7-25
205,3,2018,July,2018-7-26
206,3,2018,July,2018-7-27
207,3,2018,July,2018-7-28
208,3,2018,July,2018-7-29
209,3,2018,July,2018-7-30
210,3,2018,August,2018-8-1
211,3,2018,August,2018-8-2
212,3,2018,August,2018-8-3
213,3,2018,August,2018-8-4
214,3,2018,August,2018-8-5
215,3,2018,August,2018-8-6
216,3,2018,August,2018-8-7
217,3,2018,August,2018-8-8
218,3,2018,August,2018-8-9
219,3,2018,August,2018-8-10
220,3,2018,August,2018-8-11
221,3,2018,August,2018-8-12
222,3,2018,August,2018-8-13
223,3,2018,August,2018-8-14
224,3,2018,August,2018-8-15
225,3,2018,August,2018-8-16
226,3,2018,August,2018-8-17
227,3,2018,August,2018-8-18
228,3,2018,August,2018-8-19
229,3,2018,August,2018-8-20
230,3,2018,August,2018-8-21
231,3,2018,August,2018-8-22
232,3,2018,August,2018-8-23
233,3,2018,August,2018-8-24
234,3,2018,August,2018-8-25
235,3,2018,August,2018-8-26
236,3,2018,August,2018-8-27
237,3,2018,August,2018-8-28
238,3,2018,August,2018-8-29
239,3,2018,August,2018-8-30
240,3,2018,September,2018-9-1
241,3,2018,September,2018-9-2
242,3,2018,September,2018-9-3
243,3,2018,September,2018-9-4
244,3,2018,September,2018-9-5
245,3,2018,September,2018-9-6
246,3,2018,September,2018-9-7
247,3,2018,September,2018-9-8
248,3,2018,September,2018-9-9
249,3,2018,September,2018-9-10
250,3,2018,September,2018-9-11
251,3,2018,September,2018-9-12
252,3,2018,September,2018-9-13
253,3,2018,September,2018-9-14
254,3,2018,September,2018-9-15
255,3,2018,September,2018-9-16
256,3,2018,September,2018-9-17
257,3,2018,September,2018-9-18
258,3,2018,September,2018-9-19
259,3,2018,September,2018-9-20
260,3,2018,September,2018-9-21
261,3,2018,September,2018-9-22
262,3,2018,September,2018-9-23
263,3,2018,September,2018-9-24
264,3,2018,September,2018-9-25
265,3,2018,September,2018-9-26
266,3,2018,September,2018-9-27
267,3,2018,September,2018-9-28
268,3,2018,September,2018-9-29
269,3,2018,September,2018-9-30
270,4,2018,October,2018-10-1
271,4,2018,October,2018-10-2
272,4,2018,October,2018-10-3
273,4,2018,October,2018-10-4
274,4,2018,October,2018-10-5
275,4,2018,October,2018-10-6
276,4,2018,October,2018-10-7
277,4,2018,October,2018-10-8
278,4,2018,October,2018-10-9
279,4,2018,October,2018-10-10
280,4,2018,October,2018-10-11
281,4,2018,October,2018-10-12
282,4,2018,October,2018-10-13
283,4,2018,October,2018-10-14
284,4,2018,October,2018-10-15
285,4,2018,October,2018-10-16
286,4,2018,October,2018-10-17
287,4,2018,October,2018-10-18
288,4,2018,October,2018-10-19
289,4,2018,October,2018-10-20
290,4,2018,October,2018-10-21
291,4,2018,October,2018-10-22
292,4,2018,October,2018-10-23
293,4,2018,October,2018-10-24
294,4,2018,October,2018-10-25
295,4,2018,October,2018-10-26
296,4,2018,October,2018-10-27
297,4,2018,October,2018-10-28
298,4,2018,October,2018-10-29
299,4,2018,October,2018-10-30
300,4,2018,November,2018-11-1
301,4,2018,November,2018-11-2
302,4,2018,November,2018-11-3
303,4,2018,November,2018-11-4
304,4,2018,November,2018-11-5
305,4,2018,November,2018-11-6
306,4,2018,November,2018-11-7
307,4,2018,November,2018-11-8
308,4,2018,November,2018-11-9
309,4,2018,November,2018-11-10
310,4,2018,November,2018-11-11
311,4,2018,November,2018-11-12
312,4,2018,November,2018-11-13
313,4,2018,November,2018-11-14
314,4,2018,November,2018-11-15
315,4,2018,November,2018-11-16
316,4,2018,November,2018-11-17
317,4,2018,November,2018-11-18
318,4,2018,November,2018-11-19
319,4,2018,November,2018-11-20
320,4,2018,November,2018-11-21
321,4,2018,November,2018-11-22
322,4,2018,November,2018-11-23
323,4,2018,November,2018-11-24
324,4,2018,November,2018-11-25
325,4,2018,November,2018-11-26
326,4,2018,November,2018-11-27
327,4,2018,November,2018-11-28
328,4,2018,November,2018-11-29
329,4,2018,November,2018-11-30
330,1,2019,January,2019-1-1
331,1,2019,January,2019-1-2
332,1,2019,January,2019-1-3
333,1,2019,January,2019-1-4
334,1,2019,January,2019-1-5
335,1,2019,January,2019-1-6
336,1,2019,January,2019-1-7
337,1,2019,January,2019-1-8
338,1,2019,January,2019-1-9
339,1,2019,January,2019-1-10
340,1,2019,January,2019-1-11
341,1,2019,January,2019-1-12
342,1,2019,January,2019-1-13
343,1,2019,January,2019-1-14
344,1,2019,January,2019-1-15
345,1,2019,January,2019-1-16
346,1,2019,January,2019-1-17
347,1,2019,January,2019-1-18
348,1,2019,January,2019-1-19
349,1,2019,January,2019-1-20
350,1,2019,January,2019-1-21
351,1,2019,January,2019-1-22
352,1,2019,January,2019-1-23
353,1,2019,January,2019-1-24
354,1,2019,January,2019-1-25
355,1,2019,January,2019-1-26
356,1,2019,January,2019-1-27
357,1,2019,January,2019-1-28
358,1,2019,January,2019-1-29
359,1,2019,January,2019-1-30
360,1,2019,February,2019-2-1
361,1,2019,February,2019-2-2
362,1,2019,February,2019-2-3
363,1,2019,February,2019-2-4
364,1,2019,February,2019-2-5
365,1,2019,February,2019-2-6
366,1,2019,February,2019-2-7
367,1,2019,February,2019-2-8
368,1,2019,February,2019-2-9
369,1,2019,February,2019-2-10
370,1,2019,February,2019-2-11
371,1,2019,February,2019-2-12
372,1,2019,February,2019-2-13
373,1,2019,February,2019-2-14
374,1,2019,February,2019-2-15
375,1,2019,February,2019-2-16
376,1,2019,February,2019-2-17
377,1,2019,February,2019-2-18
378,1,2019,February,2019-2-19
379,1,2019,February,2019-2-20
380,1,2019,February,2019-2-21
381,1,2019,February,2019-2-22
382,1,2019,February,2019-2-23
383,1,2019,February,2019-2-24
384,1,2019,February,2019-2-25
385,1,2019,February,2019-2-26
386,1,2019,February,2019-2-27
387,1,2019,February,2019-2-28
388,1,2019,February,2019-2-29
389,1,2019,February,2019-2-30
390,1,2019,March,2019-3-1
391,1,2019,March,2019-3-2
392,1,2019,March,2019-3-3
393,1,2019,March,2019-3-4
394,1,2019,March,2019-3-5
395,1,2019,March,2019-3-6
396,1,2019,March,2019-3-7
397,1,2019,March,2019-3-8
398,1,2019,March,2019-3-9
399,1,2019,March,2019-3-10
400,1,2019,March,2019-3-11
401,1,2019,March,2019-3-12
402,1,2019,March,2019-3-13
403,1,2019,March,2019-3-14
404,1,2019,March,2019-3-15
405,1,2019,March,2019-3-16
406,1,2019,March,2019-3-17
407,1,2019,March,2019-3-18
408,1,2019,March,2019-3-19
409,1,2019,March,2019-3-20
410,1,2019,March,2019-3-21
411,1,2019,March,2019-3-22
412,1,2019,March,2019-3-23
413,1,2019,March,2019-3-24
414,1,2019,March,2019-3-25
415,1,2019,March,2019-3-26
416,1,2019,March,2019-3-27
417,1,2019,March,2019-3-28
418,1,2019,March,2019-3-29
419,1,2019,March,2019-3-30
420,2,2019,April,2019-4-1
421,2,2019,April,2019-4-2
422,2,2019,April,2019-4-3
423,2,2019,April,2019-4-4
424,2,2019,April,2019-4-5
425,2,2019,April,2019-4-6
426,2,2019,April,2019-4-7
427,2,2019,April,2019-4-8
428,2,2019,April,2019-4-9
429,2,2019,April,2019-4-10
430,2,2019,April,2019-4-11
431,2,2019,April,2019-4-12
432,2,2019,April,2019-4-13
433,2,2019,April,2019-4-14
434,2,2019,April,2019-4-15
435,2,2019,April,2019-4-16
436,2,2019,April,2019-4-17
437,2,2019,April,2019-4-18
438,2,2019,April,2019-4-19
439,2,2019,April,2019-4-20
440,2,2019,April,2019-4-21
441,2,2019,April,2019-4-22
442,2,2019,April,2019-4-23
443,2,2019,April,2019-4-24
444,2,2019,April,2019-4-25
445,2,2019,April,2019-4-26
446,2,2019,April,2019-4-27
447,2,2019,April,2019-4-28
448,2,2019,April,2019-4-29
449,2,2019,April,2019-4-30
450,2,2019,May,2019-5-1
451,2,2019,May,2019-5-2
452,2,2019,May,2019-5-3
453,2,2019,May,2019-5-4
454,2,2019,May,2019-5-5
455,2,2019,May,2019-5-6
456,2,2019,May,2019-5-7
457,2,2019,May,2019-5-8
458,2,2019,May,2019-5-9
459,2,2019,May,2019-5-10
460,2,2019,May,2019-5-11
461,2,2019,May,2019-5-12
462,2,2019,May,2019-5-13
463,2,2019,May,2019-5-14
464,2,2019,May,2019-5-15
465,2,2019,May,2019-5-16
466,2,2019,May,2019-5-17
467,2,2019,May,2019-5-18
468,2,2019,May,2019-5-19
469,2,2019,May,2019-5-20
470,2,2019,May,2019-5-21
471,2,2019,May,2019-5-22
472,2,2019,May,2019-5-23
473,2,2019,May,2019-5-24
474,2,2019,May,2019-5-25
475,2,2019,May,2019-5-26
476,2,2019,May,2019-5-27
477,2,2019,May,2019-5-28
478,2,2019,May,2019-5-29
479,2,2019,May,2019-5-30
480,2,2019,June,2019-6-1
481,2,2019,June,2019-6-2
482,2,2019,June,2019-6-3
483,2,2019,June,2019-6-4
484,2,2019,June,2019-6-5
485,2,2019,June,2019-6-6
486,2,2019,June,2019-6-7
487,2,2019,June,2019-6-8
488,2,2019,June,2019-6-9
489,2,2019,June,2019-6-10
490,2,2019,June,2019-6-11
491,2,2019,June,2019-6-12
492,2,2019,June,2019-6-13
493,2,2019,June,2019-6-14
494,2,2019,June,2019-6-15
495,2,2019,June,2019-6-16
496,2,2019,June,2019-6-17
497,2,2019,June,2019-6-18
498,2,2019,June,2019-6-19
499,2,2019,June,2019-6-20
500,2,2019,June,2019-6-21
501,2,2019,June,2019-6-22
502,2,2019,June,2019-6-23
503,2,2019,June,2019-6-24
504,2,2019,June,2019-6-25
505,2,2019,June,2019-6-26
506,2,2019,June,2019-6-27
507,2,2019,June,2019-6-28
508,2,2019,June,2019-6-29
509,2,2019,June,2019-6-30
510,3,2019,July,2019-7-1
511,3,2019,July,2019-7-2
512,3,2019,July,2019-7-3
513,3,2019,July,2019-7-4
514,3,2019,July,2019-7-5
515,3,2019,July,2019-7-6
516,3,2019,July,2019-7-7
517,3,2019,July,2019-7-8
518,3,2019,July,2019-7-9
519,3,2019,July,2019-7-10
520,3,2019,July,2019-7-11
521,3,2019,July,2019-7-12
522,3,2019,July,2019-7-13
523,3,2019,July,2019-7-14
524,3,2019,July,2019-7-15
525,3,2019,July,2019-7-16
526,3,2019,July,2019-7-17
527,3,2019,July,2019-7-18
528,3,2019,July,2019-7-19
529,3,2019,July,2019-7-20
530,3,2019,July,2019-7-21
531,3,2019,July,2019-7-22
532,3,2019,July,2019-7-23
533,3,2019,July,2019-7-24
534,3,2019,July,2019-7-25
535,3,2019,July,2019-7-26
536,3,2019,July,2019-7-27
537,3,2019,July,2019-7-28
538,3,2019,July,2019-7-29
539,3,2019,July,2019-7-30
540,3,2019,August,2019-8-1
541,3,2019,August,2019-8-2
542,3,2019,August,2019-8-3
543,3,2019,August,2019-8-4
544,3,2019,August,2019-8-5
545,3,2019,August,2019-8-6
546,3,2019,August,2019-8-7
547,3,2019,August,2019-8-8
548,3,2019,August,2019-8-9
549,3,2019,August,2019-8-10
550,3,2019,August,2019-8-11
551,3,2019,August,2019-8-12
552,3,2019,August,2019-8-13
553,3,2019,August,2019-8-14
554,3,2019,August,2019-8-15
555,3,2019,August,2019-8-16
556,3,2019,August,2019-8-17
557,3,2019,August,2019-8-18
558,3,2019,August,2019-8-19
559,3,2019,August,2019-8-20
560,3,2019,August,2019-8-21
561,3,2019,August,2019-8-22
562,3,2019,August,2019-8-23
563,3,2019,August,2019-8-24
564,3,2019,August,2019-8-25
565,3,2019,August,2019-8-26
566,3,2019,August,2019-8-27
567,3,2019,August,2019-8-28
568,3,2019,August,2019-8-29
569,3,2019,August,2019-8-30
570,3,2019,September,2019-9-1
571,3,2019,September,2019-9-2
572,3,2019,September,2019-9-3
573,3,2019,September,2019-9-4
574,3,2019,September,2019-9-5
575,3,2019,September,2019-9-6
576,3,2019,September,2019-9-7
577,3,2019,September,2019-9-8
578,3,2019,September,2019-9-9
579,3,2019,September,2019-9-10
580,3,2019,September,2019-9-11
581,3,2019,September,2019-9-12
582,3,2019,September,2019-9-13
583,3,2019,September,2019-9-14
584,3,2019,September,2019-9-15
585,3,2019,September,2019-9-16
586,3,2019,September,2019-9-17
587,3,2019,September,2019-9-18
588,3,2019,September,2019-9-19
589,3,2019,September,2019-9-20
590,3,2019,September,2019-9-21
591,3,2019,September,2019-9-22
592,3,2019,September,2019-9-23
593,3,2019,September,2019-9-24
594,3,2019,September,2019-9-25
595,3,2019,September,2019-9-26
596,3,2019,September,2019-9-27
597,3,2019,September,2019-9-28
598,3,2019,September,2019-9-29
599,3,2019,September,2019-9-30
600,4,2019,October,2019-10-1
601,4,2019,October,2019-10-2
602,4,2019,October,2019-10-3
603,4,2019,October,2019-10-4
604,4,2019,October,2019-10-5
605,4,2019,October,2019-10-6
606,4,2019,October,2019-10-7
607,4,2019,October,2019-10-8
608,4,2019,October,2019-10-9
609,4,2019,October,2019-10-10
610,4,2019,October,2019-10-11
611,4,2019,October,2019-10-12
612,4,2019,October,2019-10-13
613,4,2019,October,2019-10-14
614,4,2019,October,2019-10-15
615,4,2019,October,2019-10-16
616,4,2019,October,2019-10-17
617,4,2019,October,2019-10-18
618,4,2019,October,2019-10-19
619,4,2019,October,2019-10-20
620,4,2019,October,2019-10-21
621,4,2019,October,2019-10-22
622,4,2019,October,2019-10-23
623,4,2019,October,2019-10-24
624,4,2019,October,2019-10-25
625,4,2019,October,2019-10-26
626,4,2019,October,2019-10-27
627,4,2019,October,2019-10-28
628,4,2019,October,2019-10-29
629,4,2019,October,2019-10-30
630,4,2019,November,2019-11-1
631,4,2019,November,2019-11-2
632,4,2019,November,2019-11-3
633,4,2019,November,2019-11-4
634,4,2019,November,2019-11-5
635,4,2019,November,2019-11-6
636,4,2019,November,2019-11-7
637,4,2019,November,2019-11-8
638,4,2019,November,2019-11-9
639,4,2019,November,2019-11-10
640,4,2019,November,2019-11-11
641,4,2019,November,2019-11-12
642,4,2019,November,2019-11-13
643,4,2019,November,2019-11-14
644,4,2019,November,2019-11-15
645,4,2019,November,2019-11-16
646,4,2019,November,2019-11-17
647,4,2019,November,2019-11-18
648,4,2019,November,2019-11-19
649,4,2019,November,2019-11-20
650,4,2019,November,2019-11-21
651,4,2019,November,2019-11-22
652,4,2019,November,2019-11-23
653,4,2019,November,2019-11-24
654,4,2019,November,2019-11-25
655,4,2019,November,2019-11-26
656,4,2019,November,2019-11-27
657,4,2019,November,2019-11-28
658,4,2019,November,2019-11-29
659,4,2019,November,2019-11-30
660,1,2020,January,2020-1-1
661,1,2020,January,2020-1-2
662,1,2020,January,2020-1-3
663,1,2020,January,2020-1-4
664,1,2020,January,2020-1-5
665,1,2020,January,2020-1-6
666,1,2020,January,2020-1-7
667,1,2020,January,2020-1-8
668,1,2020,January,2020-1-9
669,1,2020,January,2020-1-10
670,1,2020,January,2020-1-11
671,1,2020,January,2020-1-12
672,1,2020,January,2020-1-13
673,1,2020,January,2020-1-14
674,1,2020,January,2020-1-15
675,1,2020,January,2020-1-16
676,1,2020,January,2020-1-17
677,1,2020,January,2020-1-18
678,1,2020,January,2020-1-19
679,1,2020,January,2020-1-20
680,1,2020,January,2020-1-21
681,1,2020,January,2020-1-22
682,1,2020,January,2020-1-23
683,1,2020,January,2020-1-24
684,1,2020,January,2020-1-25
685,1,2020,January,2020-1-26
686,1,2020,January,2020-1-27
687,1,2020,January,2020-1-28
688,1,2020,January,2020-1-29
689,1,2020,January,2020-1-30
690,1,2020,February,2020-2-1
691,1,2020,February,2020-2-2
692,1,2020,February,2020-2-3
693,1,2020,February,2020-2-4
694,1,2020,February,2020-2-5
695,1,2020,February,2020-2-6
696,1,2020,February,2020-2-7
697,1,2020,February,2020-2-8
698,1,2020,February,2020-2-9
699,1,2020,February,2020-2-10
700,1,2020,February,2020-2-11
701,1,2020,February,2020-2-12
702,1,2020,February,2020-2-13
703,1,2020,February,2020-2-14
704,1,2020,February,2020-2-15
705,1,2020,February,2020-2-16
706,1,2020,February,2020-2-17
707,1,2020,February,2020-2-18
708,1,2020,February,2020-2-19
709,1,2020,February,2020-2-20
710,1,2020,February,2020-2-21
711,1,2020,February,2020-2-22
712,1,2020,February,2020-2-23
713,1,2020,February,2020-2-24
714,1,2020,February,2020-2-25
715,1,2020,February,2020-2-26
716,1,2020,February,2020-2-27
717,1,2020,February,2020-2-28
718,1,2020,February,2020-2-29
719,1,2020,February,2020-2-30
0,1,2018,January,2018-1-1
1,1,2018,January,2018-1-2
2,1,2018,January,2018-1-3
3,1,2018,January,2018-1-4
4,1,2018,January,2018-1-5
5,1,2018,January,2018-1-6
6,1,2018,January,2018-1-7
7,1,2018,January,2018-1-8
8,1,2018,January,2018-1-9
9,1,2018,January,2018-1-10
10,1,2018,January,2018-1-11
11,1,2018,January,2018-1-12
12,1,2018,January,2018-1-13
13,1,2018,January,2018-1-14
14,1,2018,January,2018-1-15
15,1,2018,January,2018-1-16
16,1,2018,January,2018-1-17
17,1,2018,January,2018-1-18
18,1,2018,January,2018-1-19
19,1,2018,January,2018-1-20
20,1,2018,January,2018-1-21
21,1,2018,January,2018-1-22
22,1,2018,January,2018-1-23
23,1,2018,January,2018-1-24
24,1,2018,January,2018-1-25
25,1,2018,January,2018-1-26
26,1,2018,January,2018-1-27
27,1,2018,January,2018-1-28
28,1,2018,January,2018-1-29
29,1,2018,January,2018-1-30
30,1,2018,February,2018-2-1
31,1,2018,February,2018-2-2
32,1,2018,February,2018-2-3
33,1,2018,February,2018-2-4
34,1,2018,February,2018-2-5
35,1,2018,February,2018-2-6
36,1,2018,February,2018-2-7
37,1,2018,February,2018-2-8
38,1,2018,February,2018-2-9
39,1,2018,February,2018-2-10
40,1,2018,February,2018-2-11
41,1,2018,February,2018-2-12
42,1,2018,February,2018-2-13
43,1,2018,February,2018-2-14
44,1,2018,February,2018-2-15
45,1,2018,February,2018-2-16
46,1,2018,February,2018-2-17
47,1,2018,February,2018-2-18
48,1,2018,February,2018-2-19
49,1,2018,February,2018-2-20
50,1,2018,February,2018-2-21
51,1,2018,February,2018-2-22
52,1,2018,February,2018-2-23
53,1,2018,February,2018-2-24
54,1,2018,February,2018-2-25
55,1,2018,February,2018-2-26
56,1,2018,February,2018-2-27
57,1,2018,February,2018-2-28
58,1,2018,February,2018-2-29
59,1,2018,February,2018-2-30
60,1,2018,March,2018-3-1
61,1,2018,March,2018-3-2
62,1,2018,March,2018-3-3
63,1,2018,March,2018-3-4
64,1,2018,March,2018-3-5
65,1,2018,March,2018-3-6
66,1,2018,March,2018-3-7
67,1,2018,March,2018-3-8
68,1,2018,March,2018-3-9
69,1,2018,March,2018-3-10
70,1,2018,March,2018-3-11
71,1,2018,March,2018-3-12
72,1,2018,March,2018-3-13
73,1,2018,March,2018-3-14
74,1,2018,March,2018-3-15
75,1,2018,March,2018-3-16
76,1,2018,March,2018-3-17
77,1,2018,March,2018-3-18
78,1,2018,March,2018-3-19
79,1,2018,March,2018-3-20
80,1,2018,March,2018-3-21
81,1,2018,March,2018-3-22
82,1,2018,March,2018-3-23
83,1,2018,March,2018-3-24
84,1,2018,March,2018-3-25
85,1,2018,March,2018-3-26
86,1,2018,March,2018-3-27
87,1,2018,March,2018-3-28
88,1,2018,March,2018-3-29
89,1,2018,March,2018-3-30
90,2,2018,April,2018-4-1
91,2,2018,April,2018-4-2
92,2,2018,April,2018-4-3
93,2,2018,April,2018-4-4
94,2,2018,April,2018-4-5
95,2,2018,April,2018-4-6
96,2,2018,April,2018-4-7
97,2,2018,April,2018-4-8
98,2,2018,April,2018-4-9
99,2,2018,April,2018-4-10
100,2,2018,April,2018-4-11
101,2,2018,April,2018-4-12
102,2,2018,April,2018-4-13
103,2,2018,April,2018-4-14
104,2,2018,April,2018-4-15
105,2,2018,April,2018-4-16
106,2,2018,April,2018-4-17
107,2,2018,April,2018-4-18
108,2,2018,April,2018-4-19
109,2,2018,April,2018-4-20
110,2,2018,April,2018-4-21
111,2,2018,April,2018-4-22
112,2,2018,April,2018-4-23
113,2,2018,April,2018-4-24
114,2,2018,April,2018-4-25
115,2,2018,April,2018-4-26
116,2,2018,April,2018-4-27
117,2,2018,April,2018-4-28
118,2,2018,April,2018-4-29
119,2,2018,April,2018-4-30
120,2,2018,May,2018-5-1
121,2,2018,May,2018-5-2
122,2,2018,May,2018-5-3
123,2,2018,May,2018-5-4
124,2,2018,May,2018-5-5
125,2,2018,May,2018-5-6
126,2,2018,May,2018-5-7
127,2,2018,May,2018-5-8
128,2,2018,May,2018-5-9
129,2,2018,May,2018-5-10
130,2,2018,May,2018-5-11
131,2,2018,May,2018-5-12
132,2,2018,May,2018-5-13
133,2,2018,May,2018-5-14
134,2,2018,May,2018-5-15
135,2,2018,May,2018-5-16
136,2,2018,May,2018-5-17
137,2,2018,May,2018-5-18
138,2,2018,May,2018-5-19
139,2,2018,May,2018-5-20
140,2,2018,May,2018-5-21
141,2,2018,May,2018-5-22
142,2,2018,May,2018-5-23
143,2,2018,May,2018-5-24
144,2,2018,May,2018-5-25
145,2,2018,May,2018-5-26
146,2,2018,May,2018-5-27
147,2,2018,May,2018-5-28
148,2,2018,May,2018-5-29
149,2,2018,May,2018-5-30
150,2,2018,June,2018-6-1
151,2,2018,June,2018-6-2
152,2,2018,June,2018-6-3
153,2,2018,June,2018-6-4
154,2,2018,June,2018-6-5
155,2,2018,June,2018-6-6
156,2,2018,June,2018-6-7
157,2,2018,June,2018-6-8
158,2,2018,June,2018-6-9
159,2,2018,June,2018-6-10
160,2,2018,June,2018-6-11
161,2,2018,June,2018-6-12
162,2,2018,June,2018-6-13
163,2,2018,June,2018-6-14
164,2,2018,June,2018-6-15
165,2,2018,June,2018-6-16
166,2,2018,June,2018-6-17
167,2,2018,June,2018-6-18
168,2,2018,June,2018-6-19
169,2,2018,June,2018-6-20
170,2,2018,June,2018-6-21
171,2,2018,June,2018-6-22
172,2,2018,June,2018-6-23
173,2,2018,June,2018-6-24
174,2,2018,June,2018-6-25
175,2,2018,June,2018-6-26
176,2,2018,June,2018-6-27
177,2,2018,June,2018-6-28
178,2,2018,June,2018-6-29
179,2,2018,June,2018-6-30
180,3,2018,July,2018-7-1
181,3,2018,July,2018-7-2
182,3,2018,July,2018-7-3
183,3,2018,July,2018-7-4
184,3,2018,July,2018-7-5
185,3,2018,July,2018-7-6
186,3,2018,July,2018-7-7
187,3,2018,July,2018-7-8
188,3,2018,July,2018-7-9
189,3,2018,July,2018-7-10
190,3,2018,July,2018-7-11
191,3,2018,July,2018-7-12
192,3,2018,July,2018-7-13
193,3,2018,July,2018-7-14
194,3,2018,July,2018-7-15
195,3,2018,July,2018-7-16
196,3,2018,July,2018-7-17
197,3,2018,July,2018-7-18
198,3,2018,July,2018-7-19
199,3,2018,July,2018-7-20
200,3,2018,July,2018-7-21
201,3,2018,July,2018-7-22
202,3,2018,July,2018-7-23
203,3,2018,July,2018-7-24
204,3,2018,July,2018-7-25
205,3,2018,July,2018-7-26
206,3,2018,July,2018-7-27
207,3,2018,July,2018-7-28
208,3,2018,July,2018-7-29
209,3,2018,July,2018-7-30
210,3,2018,August,2018-8-1
211,3,2018,August,2018-8-2
212,3,2018,August,2018-8-3
213,3,2018,August,2018-8-4
214,3,2018,August,2018-8-5
215,3,2018,August,2018-8-6
216,3,2018,August,2018-8-7
217,3,2018,August,2018-8-8
218,3,2018,August,2018-8-9
219,3,2018,August,2018-8-10
220,3,2018,August,2018-8-11
221,3,2018,August,2018-8-12
222,3,2018,August,2018-8-13
223,3,2018,August,2018-8-14
224,3,2018,August,2018-8-15
225,3,2018,August,2018-8-16
226,3,2018,August,2018-8-17
227,3,2018,August,2018-8-18
228,3,2018,August,2018-8-19
229,3,2018,August,2018-8-20
230,3,2018,August,2018-8-21
231,3,2018,August,2018-8-22
232,3,2018,August,2018-8-23
233,3,2018,August,2018-8-24
234,3,2018,August,2018-8-25
235,3,2018,August,2018-8-26
236,3,2018,August,2018-8-27
237,3,2018,August,2018-8-28
238,3,2018,August,2018-8-29
239,3,2018,August,2018-8-30
240,3,2018,September,2018-9-1
241,3,2018,September,2018-9-2
242,3,2018,September,2018-9-3
243,3,2018,September,2018-9-4
244,3,2018,September,2018-9-5
245,3,2018,September,2018-9-6
246,3,2018,September,2018-9-7
247,3,2018,September,2018-9-8
248,3,2018,September,2018-9-9
249,3,2018,September,2018-9-10
250,3,2018,September,2018-9-11
251,3,2018,September,2018-9-12
252,3,2018,September,2018-9-13
253,3,2018,September,2018-9-14
254,3,2018,September,2018-9-15
255,3,2018,September,2018-9-16
256,3,2018,September,2018-9-17
257,3,2018,September,2018-9-18
258,3,2018,September,2018-9-19
259,3,2018,September,2018-9-20
260,3,2018,September,2018-9-21
261,3,2018,September,2018-9-22
262,3,2018,September,2018-9-23
263,3,2018,September,2018-9-24
264,3,2018,September,2018-9-25
265,3,2018,September,2018-9-26
266,3,2018,September,2018-9-27
267,3,2018,September,2018-9-28
268,3,2018,September,2018-9-29
269,3,2018,September,2018-9-30
270,4,2018,October,2018-10-1
271,4,2018,October,2018-10-2
272,4,2018,October,2018-10-3
273,4,2018,October,2018-10-4
274,4,2018,October,2018-10-5
275,4,2018,October,2018-10-6
276,4,2018,October,2018-10-7
277,4,2018,October,2018-10-8
278,4,2018,October,2018-10-9
279,4,2018,October,2018-10-10
280,4,2018,October,2018-10-11
281,4,2018,October,2018-10-12
282,4,2018,October,2018-10-13
283,4,2018,October,2018-10-14
284,4,2018,October,2018-10-15
285,4,2018,October,2018-10-16
286,4,2018,October,2018-10-17
287,4,2018,October,2018-10-18
288,4,2018,October,2018-10-19
289,4,2018,October,2018-10-20
290,4,2018,October,2018-10-21
291,4,2018,October,2018-10-22
292,4,2018,October,2018-10-23
293,4,2018,October,2018-10-24
294,4,2018,October,2018-10-25
295,4,2018,October,2018-10-26
296,4,2018,October,2018-10-27
297,4,2018,October,2018-10-28
298,4,2018,October,2018-10-29
299,4,2018,October,2018-10-30
300,4,2018,November,2018-11-1
301,4,2018,November,2018-11-2
302,4,2018,November,2018-11-3
303,4,2018,November,2018-11-4
304,4,2018,November,2018-11-5
305,4,2018,November,2018-11-6
306,4,2018,November,2018-11-7
307,4,2018,November,2018-11-8
308,4,2018,November,2018-11-9
309,4,2018,November,2018-11-10
310,4,2018,November,2018-11-11
311,4,2018,November,2018-11-12
312,4,2018,November,2018-11-13
313,4,2018,November,2018-11-14
314,4,2018,November,2018-11-15
315,4,2018,November,2018-11-16
316,4,2018,November,2018-11-17
317,4,2018,November,2018-11-18
318,4,2018,November,2018-11-19
319,4,2018,November,2018-11-20
320,4,2018,November,2018-11-21
321,4,2018,November,2018-11-22
322,4,2018,November,2018-11-23
323,4,2018,November,2018-11-24
324,4,2018,November,2018-11-25
325,4,2018,November,2018-11-26
326,4,2018,November,2018-11-27
327,4,2018,November,2018-11-28
328,4,2018,November,2018-11-29
329,4,2018,November,2018-11-30
330,1,2019,January,2019-1-1
331,1,2019,January,2019-1-2
332,1,2019,January,2019-1-3
333,1,2019,January,2019-1-4
334,1,2019,January,2019-1-5
335,1,2019,January,2019-1-6
336,1,2019,January,2019-1-7
337,1,2019,January,2019-1-8
338,1,2019,January,2019-1-9
339,1,2019,January,2019-1-10
340,1,2019,January,2019-1-11
341,1,2019,January,2019-1-12
342,1,2019,January,2019-1-13
343,1,2019,January,2019-1-14
344,1,2019,January,2019-1-15
345,1,2019,January,2019-1-16
346,1,2019,January,2019-1-17
347,1,2019,January,2019-1-18
348,1,2019,January,2019-1-19
349,1,2019,January,2019-1-20
350,1,2019,January,2019-1-21
351,1,2019,January,2019-1-22
352,1,2019,January,2019-1-23
353,1,2019,January,2019-1-24
354,1,2019,January,2019-1-25
355,1,2019,January,2019-1-26
356,1,2019,January,2019-1-27
357,1,2019,January,2019-1-28
358,1,2019,January,2019-1-29
359,1,2019,January,2019-1-30
360,1,2019,February,2019-2-1
361,1,2019,February,2019-2-2
362,1,2019,February,2019-2-3
363,1,2019,February,2019-2-4
364,1,2019,February,2019-2-5
365,1,2019,February,2019-2-6
366,1,2019,February,2019-2-7
367,1,2019,February,2019-2-8
368,1,2019,February,2019-2-9
369,1,2019,February,2019-2-10
370,1,2019,February,2019-2-11
371,1,2019,February,2019-2-12
372,1,2019,February,2019-2-13
373,1,2019,February,2019-2-14
374,1,2019,February,2019-2-15
375,1,2019,February,2019-2-16
376,1,2019,February,2019-2-17
377,1,2019,February,2019-2-18
378,1,2019,February,2019-2-19
379,1,2019,February,2019-2-20
380,1,2019,February,2019-2-21
381,1,2019,February,2019-2-22
382,1,2019,February,2019-2-23
383,1,2019,February,2019-2-24
384,1,2019,February,2019-2-25
385,1,2019,February,2019-2-26
386,1,2019,February,2019-2-27
387,1,2019,February,2019-2-28
388,1,2019,February,2019-2-29
389,1,2019,February,2019-2-30
390,1,2019,March,2019-3-1
391,1,2019,March,2019-3-2
392,1,2019,March,2019-3-3
393,1,2019,March,2019-3-4
394,1,2019,March,2019-3-5
395,1,2019,March,2019-3-6
396,1,2019,March,2019-3-7
397,1,2019,March,2019-3-8
398,1,2019,March,2019-3-9
399,1,2019,March,2019-3-10
400,1,2019,March,2019-3-11
401,1,2019,March,2019-3-12
402,1,2019,March,2019-3-13
403,1,2019,March,2019-3-14
404,1,2019,March,2019-3-15
405,1,2019,March,2019-3-16
406,1,2019,March,2019-3-17
407,1,2019,March,2019-3-18
408,1,2019,March,2019-3-19
409,1,2019,March,2019-3-20
410,1,2019,March,2019-3-21
411,1,2019,March,2019-3-22
412,1,2019,March,2019-3-23
413,1,2019,March,2019-3-24
414,1,2019,March,2019-3-25
415,1,2019,March,2019-3-26
416,1,2019,March,2019-3-27
417,1,2019,March,2019-3-28
418,1,2019,March,2019-3-29
419,1,2019,March,2019-3-30
420,2,2019,April,2019-4-1
421,2,2019,April,2019-4-2
422,2,2019,April,2019-4-3
423,2,2019,April,2019-4-4
424,2,2019,April,2019-4-5
425,2,2019,April,2019-4-6
426,2,2019,April,2019-4-7
427,2,2019,April,2019-4-8
428,2,2019,April,2019-4-9
429,2,2019,April,2019-4-10
430,2,2019,April,2019-4-11
431,2,2019,April,2019-4-12
432,2,2019,April,2019-4-13
433,2,2019,April,2019-4-14
434,2,2019,April,2019-4-15
435,2,2019,April,2019-4-16
436,2,2019,April,2019-4-17
437,2,2019,April,2019-4-18
438,2,2019,April,2019-4-19
439,2,2019,April,2019-4-20
440,2,2019,April,2019-4-21
441,2,2019,April,2019-4-22
442,2,2019,April,2019-4-23
443,2,2019,April,2019-4-24
444,2,2019,April,2019-4-25
445,2,2019,April,2019-4-26
446,2,2019,April,2019-4-27
447,2,2019,April,2019-4-28
448,2,2019,April,2019-4-29
449,2,2019,April,2019-4-30
450,2,2019,May,2019-5-1
451,2,2019,May,2019-5-2
452,2,2019,May,2019-5-3
453,2,2019,May,2019-5-4
454,2,2019,May,2019-5-5
455,2,2019,May,2019-5-6
456,2,2019,May,2019-5-7
457,2,2019,May,2019-5-8
458,2,2019,May,2019-5-9
459,2,2019,May,2019-5-10
460,2,2019,May,2019-5-11
461,2,2019,May,2019-5-12
462,2,2019,May,2019-5-13
463,2,2019,May,2019-5-14
464,2,2019,May,2019-5-15
465,2,2019,May,2019-5-16
466,2,2019,May,2019-5-17
467,2,2019,May,2019-5-18
468,2,2019,May,2019-5-19
469,2,2019,May,2019-5-20
470,2,2019,May,2019-5-21
471,2,2019,May,2019-5-22
472,2,2019,May,2019-5-23
473,2,2019,May,2019-5-24
474,2,2019,May,2019-5-25
475,2,2019,May,2019-5-26
476,2,2019,May,2019-5-27
477,2,2019,May,2019-5-28
478,2,2019,May,2019-5-29
479,2,2019,May,2019-5-30
480,2,2019,June,2019-6-1
481,2,2019,June,2019-6-2
482,2,2019,June,2019-6-3
483,2,2019,June,2019-6-4
484,2,2019,June,2019-6-5
485,2,2019,June,2019-6-6
486,2,2019,June,2019-6-7
487,2,2019,June,2019-6-8
488,2,2019,June,2019-6-9
489,2,2019,June,2019-6-10
490,2,2019,June,2019-6-11
491,2,2019,June,2019-6-12
492,2,2019,June,2019-6-13
493,2,2019,June,2019-6-14
494,2,2019,June,2019-6-15
495,2,2019,June,2019-6-16
496,2,2019,June,2019-6-17
497,2,2019,June,2019-6-18
498,2,2019,June,2019-6-19
499,2,2019,June,2019-6-20
500,2,2019,June,2019-6-21
501,2,2019,June,2019-6-22
502,2,2019,June,2019-6-23
503,2,2019,June,2019-6-24
504,2,2019,June,2019-6-25
505,2,2019,June,2019-6-26
506,2,2019,June,2019-6-27
507,2,2019,June,2019-6-28
508,2,2019,June,2019-6-29
509,2,2019,June,2019-6-30
510,3,2019,July,2019-7-1
511,3,2019,July,2019-7-2
512,3,2019,July,2019-7-3
513,3,2019,July,2019-7-4
514,3,2019,July,2019-7-5
515,3,2019,July,2019-7-6
516,3,2019,July,2019-7-7
517,3,2019,July,2019-7-8
518,3,2019,July,2019-7-9
519,3,2019,July,2019-7-10
520,3,2019,July,2019-7-11
521,3,2019,July,2019-7-12
522,3,2019,July,2019-7-13
523,3,2019,July,2019-7-14
524,3,2019,July,2019-7-15
525,3,2019,July,2019-7-16
526,3,2019,July,2019-7-17
527,3,2019,July,2019-7-18
528,3,2019,July,2019-7-19
529,3,2019,July,2019-7-20
530,3,2019,July,2019-7-21
531,3,2019,July,2019-7-22
532,3,2019,July,2019-7-23
533,3,2019,July,2019-7-24
534,3,2019,July,2019-7-25
535,3,2019,July,2019-7-26
536,3,2019,July,2019-7-27
537,3,2019,July,2019-7-28
538,3,2019,July,2019-7-29
539,3,2019,July,2019-7-30
540,3,2019,August,2019-8-1
541,3,2019,August,2019-8-2
542,3,2019,August,2019-8-3
543,3,2019,August,2019-8-4
544,3,2019,August,2019-8-5
545,3,2019,August,2019-8-6
546,3,2019,August,2019-8-7
547,3,2019,August,2019-8-8
548,3,2019,August,2019-8-9
549,3,2019,August,2019-8-10
550,3,2019,August,2019-8-11
551,3,2019,August,2019-8-12
552,3,2019,August,2019-8-13
553,3,2019,August,2019-8-14
554,3,2019,August,2019-8-15
555,3,2019,August,2019-8-16
556,3,2019,August,2019-8-17
557,3,2019,August,2019-8-18
558,3,2019,August,2019-8-19
559,3,2019,August,2019-8-20
560,3,2019,August,2019-8-21
561,3,2019,August,2019-8-22
562,3,2019,August,2019-8-23
563,3,2019,August,2019-8-24
564,3,2019,August,2019-8-25
565,3,2019,August,2019-8-26
566,3,2019,August,2019-8-27
567,3,2019,August,2019-8-28
568,3,2019,August,2019-8-29
569,3,2019,August,2019-8-30
570,3,2019,September,2019-9-1
571,3,2019,September,2019-9-2
572,3,2019,September,2019-9-3
573,3,2019,September,2019-9-4
574,3,2019,September,2019-9-5
575,3,2019,September,2019-9-6
576,3,2019,September,2019-9-7
577,3,2019,September,2019-9-8
578,3,2019,September,2019-9-9
579,3,2019,September,2019-9-10
580,3,2019,September,2019-9-11
581,3,2019,September,2019-9-12
582,3,2019,September,2019-9-13
583,3,2019,September,2019-9-14
584,3,2019,September,2019-9-15
585,3,2019,September,2019-9-16
586,3,2019,September,2019-9-17
587,3,2019,September,2019-9-18
588,3,2019,September,2019-9-19
589,3,2019,September,2019-9-20
590,3,2019,September,2019-9-21
591,3,2019,September,2019-9-22
592,3,2019,September,2019-9-23
593,3,2019,September,2019-9-24
594,3,2019,September,2019-9-25
595,3,2019,September,2019-9-26
596,3,2019,September,2019-9-27
597,3,2019,September,2019-9-28
598,3,2019,September,2019-9-29
599,3,2019,September,2019-9-30
600,4,2019,October,2019-10-1
601,4,2019,October,2019-10-2
602,4,2019,October,2019-10-3
603,4,2019,October,2019-10-4
604,4,2019,October,2019-10-5
605,4,2019,October,2019-10-6
606,4,2019,October,2019-10-7
607,4,2019,October,2019-10-8
608,4,2019,October,2019-10-9
609,4,2019,October,2019-10-10
610,4,2019,October,2019-10-11
611,4,2019,October,2019-10-12
612,4,2019,October,2019-10-13
613,4,2019,October,2019-10-14
614,4,2019,October,2019-10-15
615,4,2019,October,2019-10-16
616,4,2019,October,2019-10-17
617,4,2019,October,2019-10-18
618,4,2019,October,2019-10-19
619,4,2019,October,2019-10-20
620,4,2019,October,2019-10-21
621,4,2019,October,2019-10-22
622,4,2019,October,2019-10-23
623,4,2019,October,2019-10-24
624,4,2019,October,2019-10-25
625,4,2019,October,2019-10-26
626,4,2019,October,2019-10-27
627,4,2019,October,2019-10-28
628,4,2019,October,2019-10-29
629,4,2019,October,2019-10-30
630,4,2019,November,2019-11-1
631,4,2019,November,2019-11-2
632,4,2019,November,2019-11-3
633,4,2019,November,2019-11-4
634,4,2019,November,2019-11-5
635,4,2019,November,2019-11-6
636,4,2019,November,2019-11-7
637,4,2019,November,2019-11-8
638,4,2019,November,2019-11-9
639,4,2019,November,2019-11-10
640,4,2019,November,2019-11-11
641,4,2019,November,2019-11-12
642,4,2019,November,2019-11-13
643,4,2019,November,2019-11-14
644,4,2019,November,2019-11-15
645,4,2019,November,2019-11-16
646,4,2019,November,2019-11-17
647,4,2019,November,2019-11-18
648,4,2019,November,2019-11-19
649,4,2019,November,2019-11-20
650,4,2019,November,2019-11-21
651,4,2019,November,2019-11-22
652,4,2019,November,2019-11-23
653,4,2019,November,2019-11-24
654,4,2019,November,2019-11-25
655,4,2019,November,2019-11-26
656,4,2019,November,2019-11-27
657,4,2019,November,2019-11-28
658,4,2019,November,2019-11-29
659,4,2019,November,2019-11-30
660,1,2020,January,2020-1-1
661,1,2020,January,2020-1-2
662,1,2020,January,2020-1-3
663,1,2020,January,2020-1-4
664,1,2020,January,2020-1-5
665,1,2020,January,2020-1-6
666,1,2020,January,2020-1-7
667,1,2020,January,2020-1-8
668,1,2020,January,2020-1-9
669,1,2020,January,2020-1-10
670,1,2020,January,2020-1-11
671,1,2020,January,2020-1-12
672,1,2020,January,2020-1-13
673,1,2020,January,2020-1-14
674,1,2020,January,2020-1-15
675,1,2020,January,2020-1-16
676,1,2020,January,2020-1-17
677,1,2020,January,2020-1-18
678,1,2020,January,2020-1-19
679,1,2020,January,2020-1-20
680,1,2020,January,2020-1-21
681,1,2020,January,2020-1-22
682,1,2020,January,2020-1-23
683,1,2020,January,2020-1-24
684,1,2020,January,2020-1-25
685,1,2020,January,2020-1-26
686,1,2020,January,2020-1-27
687,1,2020,January,2020-1-28
688,1,2020,January,2020-1-29
689,1,2020,January,2020-1-30
690,1,2020,February,2020-2-1
691,1,2020,February,2020-2-2
692,1,2020,February,2020-2-3
693,1,2020,February,2020-2-4
694,1,2020,February,2020-2-5
695,1,2020,February,2020-2-6
696,1,2020,February,2020-2-7
697,1,2020,February,2020-2-8
698,1,2020,February,2020-2-9
699,1,2020,February,2020-2-10
700,1,2020,February,2020-2-11
701,1,2020,February,2020-2-12
702,1,2020,February,2020-2-13
703,1,2020,February,2020-2-14
704,1,2020,February,2020-2-15
705,1,2020,February,2020-2-16
706,1,2020,February,2020-2-17
707,1,2020,February,2020-2-18
708,1,2020,February,2020-2-19
709,1,2020,February,2020-2-20
710,1,2020,February,2020-2-21
711,1,2020,February,2020-2-22
712,1,2020,February,2020-2-23
713,1,2020,February,2020-2-24
714,1,2020,February,2020-2-25
715,1,2020,February,2020-2-26
716,1,2020,February,2020-2-27
717,1,2020,February,2020-2-28
718,1,2020,February,2020-2-29
719,1,2020,February,2020-2-30
720,1,2018,January,2018-1-1
721,1,2018,January,2018-1-2
722,1,2018,January,2018-1-3
723,1,2018,January,2018-1-4
724,1,2018,January,2018-1-5
725,1,2018,January,2018-1-6
726,1,2018,January,2018-1-7
727,1,2018,January,2018-1-8
728,1,2018,January,2018-1-9
729,1,2018,January,2018-1-10
730,1,2018,January,2018-1-11
731,1,2018,January,2018-1-12
732,1,2018,January,2018-1-13
733,1,2018,January,2018-1-14
734,1,2018,January,2018-1-15
735,1,2018,January,2018-1-16
736,1,2018,January,2018-1-17
737,1,2018,January,2018-1-18
738,1,2018,January,2018-1-19
739,1,2018,January,2018-1-20
740,1,2018,January,2018-1-21
741,1,2018,January,2018-1-22
742,1,2018,January,2018-1-23
743,1,2018,January,2018-1-24
744,1,2018,January,2018-1-25
745,1,2018,January,2018-1-26
746,1,2018,January,2018-1-27
747,1,2018,January,2018-1-28
748,1,2018,January,2018-1-29
749,1,2018,January,2018-1-30
750,1,2018,February,2018-2-1
751,1,2018,February,2018-2-2
752,1,2018,February,2018-2-3
753,1,2018,February,2018-2-4
754,1,2018,February,2018-2-5
755,1,2018,February,2018-2-6
756,1,2018,February,2018-2-7
757,1,2018,February,2018-2-8
758,1,2018,February,2018-2-9
759,1,2018,February,2018-2-10
760,1,2018,February,2018-2-11
761,1,2018,February,2018-2-12
762,1,2018,February,2018-2-13
763,1,2018,February,2018-2-14
764,1,2018,February,2018-2-15
765,1,2018,February,2018-2-16
766,1,2018,February,2018-2-17
767,1,2018,February,2018-2-18
768,1,2018,February,2018-2-19
769,1,2018,February,2018-2-20
770,1,2018,February,2018-2-21
771,1,2018,February,2018-2-22
772,1,2018,February,2018-2-23
773,1,2018,February,2018-2-24
774,1,2018,February,2018-2-25
775,1,2018,February,2018-2-26
776,1,2018,February,2018-2-27
777,1,2018,February,2018-2-28
778,1,2018,February,2018-2-29
779,1,2018,February,2018-2-30
780,1,2018,March,2018-3-1
781,1,2018,March,2018-3-2
782,1,2018,March,2018-3-3
783,1,2018,March,2018-3-4
784,1,2018,March,2018-3-5
785,1,2018,March,2018-3-6
786,1,2018,March,2018-3-7
787,1,2018,March,2018-3-8
788,1,2018,March,2018-3-9
789,1,2018,March,2018-3-10
790,1,2018,March,2018-3-11
791,1,2018,March,2018-3-12
792,1,2018,March,2018-3-13
793,1,2018,March,2018-3-14
794,1,2018,March,2018-3-15
795,1,2018,March,2018-3-16
796,1,2018,March,2018-3-17
797,1,2018,March,2018-3-18
798,1,2018,March,2018-3-19
799,1,2018,March,2018-3-20
800,1,2018,March,2018-3-21
801,1,2018,March,2018-3-22
802,1,2018,March,2018-3-23
803,1,2018,March,2018-3-24
804,1,2018,March,2018-3-25
805,1,2018,March,2018-3-26
806,1,2018,March,2018-3-27
807,1,2018,March,2018-3-28
808,1,2018,March,2018-3-29
809,1,2018,March,2018-3-30
810,2,2018,April,2018-4-1
811,2,2018,April,2018-4-2
812,2,2018,April,2018-4-3
813,2,2018,April,2018-4-4
814,2,2018,April,2018-4-5
815,2,2018,April,2018-4-6
816,2,2018,April,2018-4-7
817,2,2018,April,2018-4-8
818,2,2018,April,2018-4-9
819,2,2018,April,2018-4-10
820,2,2018,April,2018-4-11
821,2,2018,April,2018-4-12
822,2,2018,April,2018-4-13
823,2,2018,April,2018-4-14
824,2,2018,April,2018-4-15
825,2,2018,April,2018-4-16
826,2,2018,April,2018-4-17
827,2,2018,April,2018-4-18
828,2,2018,April,2018-4-19
829,2,2018,April,2018-4-20
830,2,2018,April,2018-4-21
831,2,2018,April,2018-4-22
832,2,2018,April,2018-4-23
833,2,2018,April,2018-4-24
834,2,2018,April,2018-4-25
835,2,2018,April,2018-4-26
836,2,2018,April,2018-4-27
837,2,2018,April,2018-4-28
838,2,2018,April,2018-4-29
839,2,2018,April,2018-4-30
840,2,2018,May,2018-5-1
841,2,2018,May,2018-5-2
842,2,2018,May,2018-5-3
843,2,2018,May,2018-5-4
844,2,2018,May,2018-5-5
845,2,2018,May,2018-5-6
846,2,2018,May,2018-5-7
847,2,2018,May,2018-5-8
848,2,2018,May,2018-5-9
849,2,2018,May,2018-5-10
850,2,2018,May,2018-5-11
851,2,2018,May,2018-5-12
852,2,2018,May,2018-5-13
853,2,2018,May,2018-5-14
854,2,2018,May,2018-5-15
855,2,2018,May,2018-5-16
856,2,2018,May,2018-5-17
857,2,2018,May,2018-5-18
858,2,2018,May,2018-5-19
859,2,2018,May,2018-5-20
860,2,2018,May,2018-5-21
861,2,2018,May,2018-5-22
862,2,2018,May,2018-5-23
863,2,2018,May,2018-5-24
864,2,2018,May,2018-5-25
865,2,2018,May,2018-5-26
866,2,2018,May,2018-5-27
867,2,2018,May,2018-5-28
868,2,2018,May,2018-5-29
869,2,2018,May,2018-5-30
870,2,2018,June,2018-6-1
871,2,2018,June,2018-6-2
872,2,2018,June,2018-6-3
873,2,2018,June,2018-6-4
874,2,2018,June,2018-6-5
875,2,2018,June,2018-6-6
876,2,2018,June,2018-6-7
877,2,2018,June,2018-6-8
878,2,2018,June,2018-6-9
879,2,2018,June,2018-6-10
880,2,2018,June,2018-6-11
881,2,2018,June,2018-6-12
882,2,2018,June,2018-6-13
883,2,2018,June,2018-6-14
884,2,2018,June,2018-6-15
885,2,2018,June,2018-6-16
886,2,2018,June,2018-6-17
887,2,2018,June,2018-6-18
888,2,2018,June,2018-6-19
889,2,2018,June,2018-6-20
890,2,2018,June,2018-6-21
891,2,2018,June,2018-6-22
892,2,2018,June,2018-6-23
893,2,2018,June,2018-6-24
894,2,2018,June,2018-6-25
895,2,2018,June,2018-6-26
896,2,2018,June,2018-6-27
897,2,2018,June,2018-6-28
898,2,2018,June,2018-6-29
899,2,2018,June,2018-6-30
900,3,2018,July,2018-7-1
901,3,2018,July,2018-7-2
902,3,2018,July,2018-7-3
903,3,2018,July,2018-7-4
904,3,2018,July,2018-7-5
905,3,2018,July,2018-7-6
906,3,2018,July,2018-7-7
907,3,2018,July,2018-7-8
908,3,2018,July,2018-7-9
909,3,2018,July,2018-7-10
910,3,2018,July,2018-7-11
911,3,2018,July,2018-7-12
912,3,2018,July,2018-7-13
913,3,2018,July,2018-7-14
914,3,2018,July,2018-7-15
915,3,2018,July,2018-7-16
916,3,2018,July,2018-7-17
917,3,2018,July,2018-7-18
918,3,2018,July,2018-7-19
919,3,2018,July,2018-7-20
920,3,2018,July,2018-7-21
921,3,2018,July,2018-7-22
922,3,2018,July,2018-7-23
923,3,2018,July,2018-7-24
924,3,2018,July,2018-7-25
925,3,2018,July,2018-7-26
926,3,2018,July,2018-7-27
927,3,2018,July,2018-7-28
928,3,2018,July,2018-7-29
929,3,2018,July,2018-7-30
930,3,2018,August,2018-8-1
931,3,2018,August,2018-8-2
932,3,2018,August,2018-8-3
933,3,2018,August,2018-8-4
934,3,2018,August,2018-8-5
935,3,2018,August,2018-8-6
936,3,2018,August,2018-8-7
937,3,2018,August,2018-8-8
938,3,2018,August,2018-8-9
939,3,2018,August,2018-8-10
940,3,2018,August,2018-8-11
941,3,2018,August,2018-8-12
942,3,2018,August,2018-8-13
943,3,2018,August,2018-8-14
944,3,2018,August,2018-8-15
945,3,2018,August,2018-8-16
946,3,2018,August,2018-8-17
947,3,2018,August,2018-8-18
948,3,2018,August,2018-8-19
949,3,2018,August,2018-8-20
950,3,2018,August,2018-8-21
951,3,2018,August,2018-8-22
952,3,2018,August,2018-8-23
953,3,2018,August,2018-8-24
954,3,2018,August,2018-8-25
955,3,2018,August,2018-8-26
956,3,2018,August,2018-8-27
957,3,2018,August,2018-8-28
958,3,2018,August,2018-8-29
959,3,2018,August,2018-8-30
960,3,2018,September,2018-9-1
961,3,2018,September,2018-9-2
962,3,2018,September,2018-9-3
963,3,2018,September,2018-9-4
964,3,2018,September,2018-9-5
965,3,2018,September,2018-9-6
966,3,2018,September,2018-9-7
967,3,2018,September,2018-9-8
968,3,2018,September,2018-9-9
969,3,2018,September,2018-9-10
970,3,2018,September,2018-9-11
971,3,2018,September,2018-9-12
972,3,2018,September,2018-9-13
973,3,2018,September,2018-9-14
974,3,2018,September,2018-9-15
975,3,2018,September,2018-9-16
976,3,2018,September,2018-9-17
977,3,2018,September,2018-9-18
978,3,2018,September,2018-9-19
979,3,2018,September,2018-9-20
980,3,2018,September,2018-9-21
981,3,2018,September,2018-9-22
982,3,2018,September,2018-9-23
983,3,2018,September,2018-9-24
984,3,2018,September,2018-9-25
985,3,2018,September,2018-9-26
986,3,2018,September,2018-9-27
987,3,2018,September,2018-9-28
988,3,2018,September,2018-9-29
989,3,2018,September,2018-9-30
990,4,2018,October,2018-10-1
991,4,2018,October,2018-10-2
992,4,2018,October,2018-10-3
993,4,2018,October,2018-10-4
994,4,2018,October,2018-10-5
995,4,2018,October,2018-10-6
996,4,2018,October,2018-10-7
997,4,2018,October,2018-10-8
998,4,2018,October,2018-10-9
999,4,2018,October,2018-10-10
1000,4,2018,October,2018-10-11
1001,4,2018,October,2018-10-12
1002,4,2018,October,2018-10-13
1003,4,2018,October,2018-10-14
1004,4,2018,October,2018-10-15
1005,4,2018,October,2018-10-16
1006,4,2018,October,2018-10-17
1007,4,2018,October,2018-10-18
1008,4,2018,October,2018-10-19
1009,4,2018,October,2018-10-20
1010,4,2018,October,2018-10-21
1011,4,2018,October,2018-10-22
1012,4,2018,October,2018-10-23
1013,4,2018,October,2018-10-24
1014,4,2018,October,2018-10-25
1015,4,2018,October,2018-10-26
1016,4,2018,October,2018-10-27
1017,4,2018,October,2018-10-28
1018,4,2018,October,2018-10-29
1019,4,2018,October,2018-10-30
1020,4,2018,November,2018-11-1
1021,4,2018,November,2018-11-2
1022,4,2018,November,2018-11-3
1023,4,2018,November,2018-11-4
1024,4,2018,November,2018-11-5
1025,4,2018,November,2018-11-6
1026,4,2018,November,2018-11-7
1027,4,2018,November,2018-11-8
1028,4,2018,November,2018-11-9
1029,4,2018,November,2018-11-10
1030,4,2018,November,2018-11-11
1031,4,2018,November,2018-11-12
1032,4,2018,November,2018-11-13
1033,4,2018,November,2018-11-14
1034,4,2018,November,2018-11-15
1035,4,2018,November,2018-11-16
1036,4,2018,November,2018-11-17
1037,4,2018,November,2018-11-18
1038,4,2018,November,2018-11-19
1039,4,2018,November,2018-11-20
1040,4,2018,November,2018-11-21
1041,4,2018,November,2018-11-22
1042,4,2018,November,2018-11-23
1043,4,2018,November,2018-11-24
1044,4,2018,November,2018-11-25
1045,4,2018,November,2018-11-26
1046,4,2018,November,2018-11-27
1047,4,2018,November,2018-11-28
1048,4,2018,November,2018-11-29
1049,4,2018,November,2018-11-30
1050,1,2019,January,2019-1-1
1051,1,2019,January,2019-1-2
1052,1,2019,January,2019-1-3
1053,1,2019,January,2019-1-4
1054,1,2019,January,2019-1-5
1055,1,2019,January,2019-1-6
1056,1,2019,January,2019-1-7
1057,1,2019,January,2019-1-8
1058,1,2019,January,2019-1-9
1059,1,2019,January,2019-1-10
1060,1,2019,January,2019-1-11
1061,1,2019,January,2019-1-12
1062,1,2019,January,2019-1-13
1063,1,2019,January,2019-1-14
1064,1,2019,January,2019-1-15
1065,1,2019,January,2019-1-16
1066,1,2019,January,2019-1-17
1067,1,2019,January,2019-1-18
1068,1,2019,January,2019-1-19
1069,1,2019,January,2019-1-20
1070,1,2019,January,2019-1-21
1071,1,2019,January,2019-1-22
1072,1,2019,January,2019-1-23
1073,1,2019,January,2019-1-24
1074,1,2019,January,2019-1-25
1075,1,2019,January,2019-1-26
1076,1,2019,January,2019-1-27
1077,1,2019,January,2019-1-28
1078,1,2019,January,2019-1-29
1079,1,2019,January,2019-1-30
1080,1,2019,February,2019-2-1
1081,1,2019,February,2019-2-2
1082,1,2019,February,2019-2-3
1083,1,2019,February,2019-2-4
1084,1,2019,February,2019-2-5
1085,1,2019,February,2019-2-6
1086,1,2019,February,2019-2-7
1087,1,2019,February,2019-2-8
1088,1,2019,February,2019-2-9
1089,1,2019,February,2019-2-10
1090,1,2019,February,2019-2-11
1091,1,2019,February,2019-2-12
1092,1,2019,February,2019-2-13
1093,1,2019,February,2019-2-14
1094,1,2019,February,2019-2-15
1095,1,2019,February,2019-2-16
1096,1,2019,February,2019-2-17
1097,1,2019,February,2019-2-18
1098,1,2019,February,2019-2-19
1099,1,2019,February,2019-2-20
1100,1,2019,February,2019-2-21
1101,1,2019,February,2019-2-22
1102,1,2019,February,2019-2-23
1103,1,2019,February,2019-2-24
1104,1,2019,February,2019-2-25
1105,1,2019,February,2019-2-26
1106,1,2019,February,2019-2-27
1107,1,2019,February,2019-2-28
1108,1,2019,February,2019-2-29
1109,1,2019,February,2019-2-30
1110,1,2019,March,2019-3-1
1111,1,2019,March,2019-3-2
1112,1,2019,March,2019-3-3
1113,1,2019,March,2019-3-4
1114,1,2019,March,2019-3-5
1115,1,2019,March,2019-3-6
1116,1,2019,March,2019-3-7
1117,1,2019,March,2019-3-8
1118,1,2019,March,2019-3-9
1119,1,2019,March,2019-3-10
1120,1,2019,March,2019-3-11
1121,1,2019,March,2019-3-12
1122,1,2019,March,2019-3-13
1123,1,2019,March,2019-3-14
1124,1,2019,March,2019-3-15
1125,1,2019,March,2019-3-16
1126,1,2019,March,2019-3-17
1127,1,2019,March,2019-3-18
1128,1,2019,March,2019-3-19
1129,1,2019,March,2019-3-20
1130,1,2019,March,2019-3-21
1131,1,2019,March,2019-3-22
1132,1,2019,March,2019-3-23
1133,1,2019,March,2019-3-24
1134,1,2019,March,2019-3-25
1135,1,2019,March,2019-3-26
1136,1,2019,March,2019-3-27
1137,1,2019,March,2019-3-28
1138,1,2019,March,2019-3-29
1139,1,2019,March,2019-3-30
1140,2,2019,April,2019-4-1
1141,2,2019,April,2019-4-2
1142,2,2019,April,2019-4-3
1143,2,2019,April,2019-4-4
1144,2,2019,April,2019-4-5
1145,2,2019,April,2019-4-6
1146,2,2019,April,2019-4-7
1147,2,2019,April,2019-4-8
1148,2,2019,April,2019-4-9
1149,2,2019,April,2019-4-10
1150,2,2019,April,2019-4-11
1151,2,2019,April,2019-4-12
1152,2,2019,April,2019-4-13
1153,2,2019,April,2019-4-14
1154,2,2019,April,2019-4-15
1155,2,2019,April,2019-4-16
1156,2,2019,April,2019-4-17
1157,2,2019,April,2019-4-18
1158,2,2019,April,2019-4-19
1159,2,2019,April,2019-4-20
1160,2,2019,April,2019-4-21
1161,2,2019,April,2019-4-22
1162,2,2019,April,2019-4-23
1163,2,2019,April,2019-4-24
1164,2,2019,April,2019-4-25
1165,2,2019,April,2019-4-26
1166,2,2019,April,2019-4-27
1167,2,2019,April,2019-4-28
1168,2,2019,April,2019-4-29
1169,2,2019,April,2019-4-30
1170,2,2019,May,2019-5-1
1171,2,2019,May,2019-5-2
1172,2,2019,May,2019-5-3
1173,2,2019,May,2019-5-4
1174,2,2019,May,2019-5-5
1175,2,2019,May,2019-5-6
1176,2,2019,May,2019-5-7
1177,2,2019,May,2019-5-8
1178,2,2019,May,2019-5-9
1179,2,2019,May,2019-5-10
1180,2,2019,May,2019-5-11
1181,2,2019,May,2019-5-12
1182,2,2019,May,2019-5-13
1183,2,2019,May,2019-5-14
1184,2,2019,May,2019-5-15
1185,2,2019,May,2019-5-16
1186,2,2019,May,2019-5-17
1187,2,2019,May,2019-5-18
1188,2,2019,May,2019-5-19
1189,2,2019,May,2019-5-20
1190,2,2019,May,2019-5-21
1191,2,2019,May,2019-5-22
1192,2,2019,May,2019-5-23
1193,2,2019,May,2019-5-24
1194,2,2019,May,2019-5-25
1195,2,2019,May,2019-5-26
1196,2,2019,May,2019-5-27
1197,2,2019,May,2019-5-28
1198,2,2019,May,2019-5-29
1199,2,2019,May,2019-5-30
1200,2,2019,June,2019-6-1
1201,2,2019,June,2019-6-2
1202,2,2019,June,2019-6-3
1203,2,2019,June,2019-6-4
1204,2,2019,June,2019-6-5
1205,2,2019,June,2019-6-6
1206,2,2019,June,2019-6-7
1207,2,2019,June,2019-6-8
1208,2,2019,June,2019-6-9
1209,2,2019,June,2019-6-10
1210,2,2019,June,2019-6-11
1211,2,2019,June,2019-6-12
1212,2,2019,June,2019-6-13
1213,2,2019,June,2019-6-14
1214,2,2019,June,2019-6-15
1215,2,2019,June,2019-6-16
1216,2,2019,June,2019-6-17
1217,2,2019,June,2019-6-18
1218,2,2019,June,2019-6-19
1219,2,2019,June,2019-6-20
1220,2,2019,June,2019-6-21
1221,2,2019,June,2019-6-22
1222,2,2019,June,2019-6-23
1223,2,2019,June,2019-6-24
1224,2,2019,June,2019-6-25
1225,2,2019,June,2019-6-26
1226,2,2019,June,2019-6-27
1227,2,2019,June,2019-6-28
1228,2,2019,June,2019-6-29
1229,2,2019,June,2019-6-30
1230,3,2019,July,2019-7-1
1231,3,2019,July,2019-7-2
1232,3,2019,July,2019-7-3
1233,3,2019,July,2019-7-4
1234,3,2019,July,2019-7-5
1235,3,2019,July,2019-7-6
1236,3,2019,July,2019-7-7
1237,3,2019,July,2019-7-8
1238,3,2019,July,2019-7-9
1239,3,2019,July,2019-7-10
1240,3,2019,July,2019-7-11
1241,3,2019,July,2019-7-12
1242,3,2019,July,2019-7-13
1243,3,2019,July,2019-7-14
1244,3,2019,July,2019-7-15
1245,3,2019,July,2019-7-16
1246,3,2019,July,2019-7-17
1247,3,2019,July,2019-7-18
1248,3,2019,July,2019-7-19
1249,3,2019,July,2019-7-20
1250,3,2019,July,2019-7-21
1251,3,2019,July,2019-7-22
1252,3,2019,July,2019-7-23
1253,3,2019,July,2019-7-24
1254,3,2019,July,2019-7-25
1255,3,2019,July,2019-7-26
1256,3,2019,July,2019-7-27
1257,3,2019,July,2019-7-28
1258,3,2019,July,2019-7-29
1259,3,2019,July,2019-7-30
1260,3,2019,August,2019-8-1
1261,3,2019,August,2019-8-2
1262,3,2019,August,2019-8-3
1263,3,2019,August,2019-8-4
1264,3,2019,August,2019-8-5
1265,3,2019,August,2019-8-6
1266,3,2019,August,2019-8-7
1267,3,2019,August,2019-8-8
1268,3,2019,August,2019-8-9
1269,3,2019,August,2019-8-10
1270,3,2019,August,2019-8-11
1271,3,2019,August,2019-8-12
1272,3,2019,August,2019-8-13
1273,3,2019,August,2019-8-14
1274,3,2019,August,2019-8-15
1275,3,2019,August,2019-8-16
1276,3,2019,August,2019-8-17
1277,3,2019,August,2019-8-18
1278,3,2019,August,2019-8-19
1279,3,2019,August,2019-8-20
1280,3,2019,August,2019-8-21
1281,3,2019,August,2019-8-22
1282,3,2019,August,2019-8-23
1283,3,2019,August,2019-8-24
1284,3,2019,August,2019-8-25
1285,3,2019,August,2019-8-26
1286,3,2019,August,2019-8-27
1287,3,2019,August,2019-8-28
1288,3,2019,August,2019-8-29
1289,3,2019,August,2019-8-30
1290,3,2019,September,2019-9-1
1291,3,2019,September,2019-9-2
1292,3,2019,September,2019-9-3
1293,3,2019,September,2019-9-4
1294,3,2019,September,2019-9-5
1295,3,2019,September,2019-9-6
1296,3,2019,September,2019-9-7
1297,3,2019,September,2019-9-8
1298,3,2019,September,2019-9-9
1299,3,2019,September,2019-9-10
1300,3,2019,September,2019-9-11
1301,3,2019,September,2019-9-12
1302,3,2019,September,2019-9-13
1303,3,2019,September,2019-9-14
1304,3,2019,September,2019-9-15
1305,3,2019,September,2019-9-16
1306,3,2019,September,2019-9-17
1307,3,2019,September,2019-9-18
1308,3,2019,September,2019-9-19
1309,3,2019,September,2019-9-20
1310,3,2019,September,2019-9-21
1311,3,2019,September,2019-9-22
1312,3,2019,September,2019-9-23
1313,3,2019,September,2019-9-24
1314,3,2019,September,2019-9-25
1315,3,2019,September,2019-9-26
1316,3,2019,September,2019-9-27
1317,3,2019,September,2019-9-28
1318,3,2019,September,2019-9-29
1319,3,2019,September,2019-9-30
1320,4,2019,October,2019-10-1
1321,4,2019,October,2019-10-2
1322,4,2019,October,2019-10-3
1323,4,2019,October,2019-10-4
1324,4,2019,October,2019-10-5
1325,4,2019,October,2019-10-6
1326,4,2019,October,2019-10-7
1327,4,2019,October,2019-10-8
1328,4,2019,October,2019-10-9
1329,4,2019,October,2019-10-10
1330,4,2019,October,2019-10-11
1331,4,2019,October,2019-10-12
1332,4,2019,October,2019-10-13
1333,4,2019,October,2019-10-14
1334,4,2019,October,2019-10-15
1335,4,2019,October,2019-10-16
1336,4,2019,October,2019-10-17
1337,4,2019,October,2019-10-18
1338,4,2019,October,2019-10-19
1339,4,2019,October,2019-10-20
1340,4,2019,October,2019-10-21
1341,4,2019,October,2019-10-22
1342,4,2019,October,2019-10-23
1343,4,2019,October,2019-10-24
1344,4,2019,October,2019-10-25
1345,4,2019,October,2019-10-26
1346,4,2019,October,2019-10-27
1347,4,2019,October,2019-10-28
1348,4,2019,October,2019-10-29
1349,4,2019,October,2019-10-30
1350,4,2019,November,2019-11-1
1351,4,2019,November,2019-11-2
1352,4,2019,November,2019-11-3
1353,4,2019,November,2019-11-4
1354,4,2019,November,2019-11-5
1355,4,2019,November,2019-11-6
1356,4,2019,November,2019-11-7
1357,4,2019,November,2019-11-8
1358,4,2019,November,2019-11-9
1359,4,2019,November,2019-11-10
1360,4,2019,November,2019-11-11
1361,4,2019,November,2019-11-12
1362,4,2019,November,2019-11-13
1363,4,2019,November,2019-11-14
1364,4,2019,November,2019-11-15
1365,4,2019,November,2019-11-16
1366,4,2019,November,2019-11-17
1367,4,2019,November,2019-11-18
1368,4,2019,November,2019-11-19
1369,4,2019,November,2019-11-20
1370,4,2019,November,2019-11-21
1371,4,2019,November,2019-11-22
1372,4,2019,November,2019-11-23
1373,4,2019,November,2019-11-24
1374,4,2019,November,2019-11-25
1375,4,2019,November,2019-11-26
1376,4,2019,November,2019-11-27
1377,4,2019,November,2019-11-28
1378,4,2019,November,2019-11-29
1379,4,2019,November,2019-11-30
1380,1,2020,January,2020-1-1
1381,1,2020,January,2020-1-2
1382,1,2020,January,2020-1-3
1383,1,2020,January,2020-1-4
1384,1,2020,January,2020-1-5
1385,1,2020,January,2020-1-6
1386,1,2020,January,2020-1-7
1387,1,2020,January,2020-1-8
1388,1,2020,January,2020-1-9
1389,1,2020,January,2020-1-10
1390,1,2020,January,2020-1-11
1391,1,2020,January,2020-1-12
1392,1,2020,January,2020-1-13
1393,1,2020,January,2020-1-14
1394,1,2020,January,2020-1-15
1395,1,2020,January,2020-1-16
1396,1,2020,January,2020-1-17
1397,1,2020,January,2020-1-18
1398,1,2020,January,2020-1-19
1399,1,2020,January,2020-1-20
1400,1,2020,January,2020-1-21
1401,1,2020,January,2020-1-22
1402,1,2020,January,2020-1-23
1403,1,2020,January,2020-1-24
1404,1,2020,January,2020-1-25
1405,1,2020,January,2020-1-26
1406,1,2020,January,2020-1-27
1407,1,2020,January,2020-1-28
1408,1,2020,January,2020-1-29
1409,1,2020,January,2020-1-30
1410,1,2020,February,2020-2-1
1411,1,2020,February,2020-2-2
1412,1,2020,February,2020-2-3
1413,1,2020,February,2020-2-4
1414,1,2020,February,2020-2-5
1415,1,2020,February,2020-2-6
1416,1,2020,February,2020-2-7
1417,1,2020,February,2020-2-8
1418,1,2020,February,2020-2-9
1419,1,2020,February,2020-2-10
1420,1,2020,February,2020-2-11
1421,1,2020,February,2020-2-12
1422,1,2020,February,2020-2-13
1423,1,2020,February,2020-2-14
1424,1,2020,February,2020-2-15
1425,1,2020,February,2020-2-16
1426,1,2020,February,2020-2-17
1427,1,2020,February,2020-2-18
1428,1,2020,February,2020-2-19
1429,1,2020,February,2020-2-20
1430,1,2020,February,2020-2-21
1431,1,2020,February,2020-2-22
1432,1,2020,February,2020-2-23
1433,1,2020,February,2020-2-24
1434,1,2020,February,2020-2-25
1435,1,2020,February,2020-2-26
1436,1,2020,February,2020-2-27
1437,1,2020,February,2020-2-28
1438,1,2020,February,2020-2-29
1439,1,2020,February,2020-2-30
