+48951838873,6,2,10,3,30,400,100
+48464739754,2,9,13,10,30,300,200
+48645556825,8,1,9,2,100,400,10
+48874197677,9,0,6,1,30,500,10
+48568548416,3,9,17,12,0,300,10
+48967229831,5,2,6,6,100,200,10
+48386762875,0,0,6,2,20,300,200
+48817392629,9,0,2,1,0,500,200
+48637562627,6,8,16,11,30,400,10
+48623467592,9,10,15,12,50,200,200
+48197695258,1,6,9,8,20,400,100
+48517836431,5,7,16,10,0,500,10
+48369714629,8,1,7,5,0,300,10
+48571443135,7,9,12,13,30,300,200
+48399885625,9,0,1,4,30,200,100
+48882234711,9,8,18,10,20,200,100
+48478275912,9,3,8,6,50,300,200
+48513381518,4,7,15,8,100,300,200
+48695946219,7,2,5,4,20,300,100
+48792957279,4,5,11,7,50,500,200
+48389272211,3,9,11,11,100,400,100
+48587672411,8,10,15,14,20,300,10
+48497122877,2,7,13,10,20,400,100
+48493421386,1,7,10,10,30,400,10
+48593815397,3,9,11,13,50,300,100
+48174364151,5,3,8,5,30,400,100
+48915695341,5,1,2,5,30,500,200
+48237234616,5,1,8,4,30,300,200
+48811579599,8,10,11,14,30,500,10
+48363983744,0,8,10,10,30,200,100
+48376796583,5,1,2,3,50,500,100
+48997541963,9,6,16,9,100,400,10
+48494292672,6,10,20,11,100,500,10
+48993914499,6,8,18,10,20,400,10
+48773588566,5,4,12,7,30,400,100
+48849293395,3,4,8,8,30,300,10
+48456695749,5,3,11,6,100,500,200
+48316794573,2,2,3,5,0,200,200
+48973962619,9,0,8,4,100,500,10
+48113115152,7,2,11,5,50,400,100
+48143852281,1,10,14,13,0,300,100
+48645349543,4,1,5,4,50,200,100
+48435619234,4,7,17,9,0,400,100
+48645245549,2,7,15,8,100,300,100
+48975597214,3,5,7,8,30,200,10
+48295664929,3,0,7,1,50,200,10
+48856177355,5,9,16,12,50,300,10
+48198537324,7,7,17,10,0,400,200
+48543118868,1,7,9,11,0,300,100
+48192189435,3,10,18,11,0,500,200
+48828613332,0,4,10,8,50,200,100
+48431667664,1,4,5,8,20,300,200
+48445882846,3,7,15,8,0,200,100
+48753462538,8,3,13,4,50,400,100
+48475466467,4,0,2,2,20,200,100
+48926349951,4,6,13,9,0,200,10
+48383755427,8,3,6,6,20,500,200
+48534573927,3,0,5,1,0,500,100
+48547541174,0,9,15,10,0,500,10
+48813127274,6,4,5,6,20,500,200
+48566464464,0,8,11,11,0,500,200
+48355645419,10,4,6,7,0,200,200
+48216118717,7,4,5,8,100,500,10
+48887331138,3,6,15,9,20,200,200
+48927795829,6,4,11,7,20,500,200
+48557128155,3,9,17,13,100,400,100
+48932937451,7,7,17,9,50,400,10
+48486753261,8,0,5,3,0,500,200
+48948227532,7,6,7,7,20,400,200
+48216659756,1,4,13,6,20,300,10
+48116687257,4,0,5,4,50,300,10
+48974338559,4,8,17,10,50,500,100
+48298317922,9,0,3,1,30,400,200
+48492731368,0,3,5,5,30,500,200
+48597448162,9,9,12,10,50,400,200
+48453453353,0,8,11,12,50,500,200
+48892137827,2,2,8,4,100,500,10
+48924284679,8,4,9,5,30,500,200
+48296737766,9,4,10,6,100,300,200
+48492568856,10,0,4,4,30,400,100
+48457892271,3,3,5,5,100,200,10
+48817545973,8,3,5,7,20,500,100
+48278748212,3,10,16,14,0,500,200
+48199755497,6,3,8,7,20,300,10
+48896431773,6,3,5,6,50,300,200
+48344878221,8,2,11,5,20,500,200
+48141863951,3,2,4,3,20,400,100
+48317318251,9,9,10,11,0,300,200
+48221811423,5,7,12,9,50,500,200
+48249334317,4,1,9,5,0,400,10
+48729173142,4,10,15,11,50,200,10
+48973966894,0,5,13,9,30,200,200
+48454699258,1,7,8,9,30,200,200
+48265594933,1,3,6,6,50,500,10
+48577127177,3,1,3,2,0,300,10
+48248473853,6,10,13,12,100,300,100
+48912798731,7,2,8,5,20,300,100
+48475925989,10,10,13,12,30,300,10
+48463252372,9,7,15,10,0,200,200
+48443716724,3,3,11,6,0,500,100
+48581888974,10,10,13,12,50,200,10
+48718494429,6,1,11,5,20,200,200
+48273699824,9,8,14,12,100,500,200
+48754462338,0,6,10,8,50,500,10
+48531317321,2,3,13,7,0,400,10
+48359592677,4,2,5,3,30,400,10
+48491986718,9,9,19,12,30,400,100
+48776949255,7,7,13,9,100,300,10
+48784342943,8,7,17,10,0,200,100
+48121131374,7,0,9,1,30,200,10
+48982487232,9,5,7,7,50,300,10
+48749395339,8,4,5,7,100,300,100
+48726835953,7,1,2,4,20,400,100
+48934982723,0,7,11,9,20,500,10
+48624184483,7,3,13,5,30,200,100
+48689448288,0,10,14,12,30,200,100
+48418788856,3,3,5,5,100,200,200
+48321439858,2,1,10,2,50,200,200
+48795323741,2,6,14,7,50,300,200
+48367633576,10,9,10,11,0,500,100
+48184978368,2,9,14,10,50,400,10
+48737178833,3,6,10,9,0,500,100
+48769813429,6,2,6,3,50,500,200
+48189366189,10,1,6,3,50,300,10
+48987826997,5,1,9,2,0,200,10
+48581329245,0,9,18,10,50,200,10
+48437864558,4,8,10,12,0,300,10
+48526776116,3,7,14,9,100,500,200
+48881544848,2,6,11,7,100,500,100
+48742432552,8,5,12,6,50,400,10
+48958866916,7,8,11,11,30,300,100
+48568533253,4,1,10,4,0,500,10
+48985396425,6,7,12,9,20,400,200
+48598576211,9,6,15,10,50,400,200
+48255714781,7,9,10,13,20,300,10
+48467831494,7,8,12,11,0,300,10
+48967811697,3,3,12,4,50,400,100
+48954131641,5,4,11,8,100,300,200
+48921787189,4,4,11,5,20,500,10
+48869383573,3,8,13,10,20,300,10
+48212415374,4,10,20,13,0,200,200
+48618949141,8,10,12,14,30,200,100
+48989841641,2,4,8,5,50,500,200
+48656279492,2,10,12,12,100,200,10
+48547299232,2,3,6,4,0,500,100
+48194281897,0,10,18,14,50,400,200
+48651825292,5,2,5,5,0,500,200
+48634679487,3,1,3,2,50,500,200
+48391395395,6,1,10,3,100,400,100
+48639769387,3,5,6,9,20,300,200
+48167286531,4,1,10,5,50,200,100
+48127112461,4,0,8,2,100,500,100
+48573576655,1,7,14,10,50,300,100
+48624584642,9,10,15,12,50,400,10
+48654383411,10,8,11,10,0,200,200
+48745288335,1,5,12,9,100,200,200
+48698449233,0,0,3,1,30,400,100
+48931433519,8,9,11,13,20,200,10
+48474623737,5,0,6,3,50,500,200
+48727734825,0,7,16,10,20,300,200
+48116324689,3,2,11,4,50,200,100
+48321527348,1,10,20,14,0,200,10
+48317137218,9,7,15,11,20,500,100
+48913229681,8,6,13,9,30,500,10
+48963557957,4,5,15,6,20,500,200
+48265769955,6,0,6,4,20,400,100
+48357538335,4,8,14,11,30,300,100
+48891254898,8,7,14,11,50,200,100
+48963127639,3,2,5,4,30,200,200
+48842538722,8,10,18,14,50,200,100
+48998756814,9,2,3,3,30,400,100
+48269191878,10,10,16,12,30,500,100
+48325916479,3,10,16,13,0,500,200
+48286554731,0,4,14,8,50,300,200
+48892426239,8,9,10,12,30,200,10
+48126725289,5,1,2,5,20,200,10
+48978775133,5,9,15,13,30,500,200
+48982539948,3,5,13,9,30,500,100
+48522442927,4,3,12,6,50,200,10
+48879481844,9,9,12,10,0,400,200
+48362515428,4,8,13,12,50,200,10
+48417257257,3,9,14,11,50,300,10
+48756517299,7,7,8,9,0,500,100
+48366716289,9,3,11,7,20,500,10
+48864283655,2,0,1,2,50,200,10
+48813856332,10,1,7,3,100,400,10
+48794394541,8,4,7,8,100,300,10
+48548834283,8,6,10,7,100,300,100
+48149826487,3,10,18,12,100,500,200
+48296483415,2,8,17,11,100,200,100
+48729725457,3,2,5,3,100,200,200
+48611338814,0,2,11,5,30,200,200
+48758849743,4,0,8,2,50,300,10
+48286333114,9,7,13,9,20,300,200
+48772719753,2,3,9,7,20,500,10
+48889318939,5,10,19,12,50,300,100
+48918521427,8,2,7,6,100,400,10
+48195822125,8,7,16,11,0,400,10
+48789177943,5,10,17,13,50,300,100
+48299815386,2,5,11,6,0,400,100
+48929931118,3,8,9,10,0,200,10
+48427311349,2,2,9,4,50,200,100
+48532962445,1,0,5,1,100,200,10
+48395645571,9,6,14,9,100,300,200
+48694284396,7,10,11,11,0,300,10
+48915314493,6,10,13,11,0,500,200
+48674549623,5,0,1,3,0,300,100
+48344117912,7,4,13,5,50,200,200
+48293921322,8,0,2,1,100,300,10
+48328117479,10,5,7,6,30,300,10
+48812664358,3,5,6,9,100,200,100
+48792953421,0,4,11,8,20,400,10
+48519161159,2,0,8,1,50,300,10
+48911312351,10,2,11,4,100,500,200
+48622115574,2,10,14,12,50,200,100
+48454571314,10,6,9,8,50,400,200
+48831374713,0,7,15,8,0,300,200
+48251257975,2,7,10,8,50,500,100
+48741353893,2,2,6,5,50,400,100
+48514183138,3,2,3,5,30,200,10
+48694779827,6,10,16,12,20,400,10
+48866722999,3,4,13,6,20,400,200
+48959348716,8,8,18,9,30,200,10
+48814552297,10,10,20,11,30,400,200
+48842191381,1,2,7,6,100,200,200
+48138295159,10,8,18,10,100,200,10
+48144167575,10,0,10,2,50,200,10
+48721127119,7,5,12,9,100,200,10
+48391575299,9,1,9,3,100,200,10
+48698971257,7,10,14,11,0,200,10
+48692728595,9,6,11,7,20,300,200
+48911529778,7,9,10,11,30,400,10
+48139557847,3,6,11,8,50,500,10
+48437168391,4,2,10,3,20,300,100
+48378773334,9,1,5,4,0,300,10
+48646762891,7,7,8,11,100,500,100
+48323263818,9,3,6,4,100,300,200
+48166235567,7,3,4,6,50,200,200
+48628975968,3,10,16,13,50,200,10
+48956947574,6,4,6,7,50,300,200
+48935329369,6,7,14,9,50,200,200
+48327456348,7,4,10,5,0,500,10
+48638211566,9,1,2,4,0,300,200
+48123256982,3,1,10,5,50,500,100
+48224126264,1,5,7,7,50,300,200
+48191395618,8,4,11,5,30,200,10
+48629965378,8,5,10,6,20,500,10
+48492159729,7,7,13,8,0,200,10
+48632233839,4,1,10,4,50,500,10
+48553925245,6,4,5,7,100,400,10
+48734261795,3,2,9,6,100,200,100
+48383251494,9,6,8,9,50,500,200
+48492485824,10,5,8,7,30,400,10
+48695824275,1,10,13,13,30,400,100
+48914399617,6,7,16,9,100,200,200
+48383951471,7,6,13,7,0,400,10
+48576462757,7,5,12,7,100,500,10
+48663413118,6,8,15,10,50,300,200
+48445731494,4,7,17,9,30,200,200
+48796882493,7,0,5,1,0,400,200
+48699532797,5,3,7,5,50,200,10
+48553188259,8,5,8,6,50,200,100
+48646842593,0,6,11,7,50,400,10
+48683251138,5,7,14,8,0,300,10
+48947218267,9,4,14,7,50,500,100
+48654621892,10,3,4,7,0,300,200
+48142153734,7,10,11,12,100,400,100
+48996488338,8,3,6,6,50,300,200
+48137487962,6,7,14,9,30,300,10
+48664428443,10,5,9,7,50,200,100
+48388364146,6,6,7,10,20,300,100
+48715772615,9,0,9,3,0,500,200
+48876856175,3,6,8,8,0,500,100
+48151562856,9,6,8,9,50,300,100
+48844998423,10,3,11,5,100,500,10
+48975278448,7,0,1,3,50,300,100
+48586736996,3,7,8,8,20,300,100
+48248289645,4,9,16,12,0,200,10
+48938625615,9,6,8,10,0,200,100
+48585567278,4,7,11,8,30,200,10
+48775464829,6,1,9,3,20,500,10
+48968647231,9,3,11,4,30,200,200
+48252313335,1,10,17,13,100,300,100
+48779786884,1,4,7,8,20,400,100
+48835785716,7,7,8,11,50,200,10
+48883524449,10,8,12,10,0,200,200
+48276393728,0,10,17,14,0,200,100
+48663477395,6,3,13,6,100,200,100
+48283195338,0,0,10,3,50,400,10
+48263481541,8,2,6,4,50,500,200
+48943248948,9,2,3,4,0,500,100
+48795299371,1,5,12,8,0,200,10
+48169418267,10,4,12,5,20,300,200
+48297772813,1,5,13,9,50,300,10
+48458953793,4,7,12,10,20,200,100
+48813927538,3,4,5,8,0,300,200
+48394578267,6,5,8,6,30,400,200
+48481818218,1,9,18,13,20,400,100
+48316884225,4,5,10,6,20,300,10
+48193244613,7,0,9,1,20,300,200
+48372336892,0,5,15,6,50,400,200
+48476277969,7,5,13,8,20,400,200
+48976267452,0,9,11,11,30,300,10
+48974795458,0,7,10,8,100,300,10
+48953346184,3,5,12,8,0,200,10
+48934493334,6,3,6,7,50,300,100
+48816885693,7,2,6,3,50,500,10
+48672127922,7,4,14,8,50,200,10
+48288348879,4,1,9,4,30,500,200
+48664853453,9,4,6,6,30,500,200
+48223586681,4,3,10,5,100,400,100
+48322483376,10,4,5,7,20,300,10
+48275443741,5,10,16,14,30,300,200
+48398586514,1,3,7,5,50,200,200
+48212439959,0,3,12,6,50,400,200
+48765244829,5,2,12,5,100,300,200
+48597536115,5,6,7,9,50,500,10
+48397237412,5,1,6,2,100,200,100
+48746883895,3,5,7,7,20,400,10
+48649858512,10,9,14,12,0,500,200
+48747327356,4,6,15,7,30,400,200
+48312246335,10,3,11,6,50,200,100
+48268461818,5,5,15,8,20,400,10
+48877286792,0,2,11,3,30,200,10
+48552526793,9,0,7,2,20,300,200
+48812277198,9,8,14,11,0,400,10
+48167747666,0,2,4,6,100,500,200
+48677596761,5,3,13,4,30,500,10
+48912541676,3,8,18,10,0,300,200
+48883518234,3,2,10,5,50,400,200
+48473857397,9,7,11,11,30,400,200
+48359649828,2,2,10,5,20,500,10
+48378793261,5,8,18,10,0,200,100
+48334656976,10,2,9,3,50,300,200
+48732826914,2,6,14,7,100,200,100
+48827123558,0,2,6,5,30,300,200
+48156929485,2,0,7,2,0,500,200
+48449285536,3,7,9,8,20,400,200
+48952969934,9,1,2,3,30,300,100
+48982561914,10,2,3,3,30,300,100
+48542398292,5,3,6,4,50,500,100
+48272563228,6,5,7,6,50,300,100
+48111922349,7,4,10,6,100,300,10
+48893826289,8,4,10,5,30,400,200
+48792732939,1,5,6,7,30,300,10
+48366498866,8,2,11,6,100,400,100
+48529978866,1,5,13,9,100,500,100
+48554975989,10,6,11,10,0,500,100
+48446391523,9,3,9,6,20,300,100
+48532992782,7,0,8,2,30,500,100
+48615947612,7,10,14,11,20,300,200
+48137897542,7,0,3,4,0,400,100
+48736754744,9,3,8,5,50,200,200
+48664477399,3,6,9,9,0,500,200
+48542242689,7,5,6,8,30,300,100
+48746684119,6,10,13,12,0,300,200
+48277646444,4,9,13,11,20,200,100
+48839348422,3,1,8,4,50,200,200
+48855134891,0,5,7,9,20,300,100
+48735348677,9,8,10,11,0,400,10
+48847717735,7,5,15,7,0,400,10
+48347934234,5,2,12,6,20,300,100
+48694685924,9,4,10,8,30,500,100
+48433914914,2,0,3,4,20,300,200
+48545885443,9,4,14,8,30,300,10
+48227734825,2,5,14,9,100,300,100
+48937562514,0,0,10,1,20,200,200
+48435431216,10,9,16,11,50,300,10
+48265931287,9,10,17,12,0,300,10
+48582659624,9,4,5,5,50,300,200
+48581748778,0,10,18,12,0,400,200
+48537891584,1,7,12,9,100,300,100
+48511793595,7,7,14,10,0,400,10
+48239156421,4,1,6,3,0,200,100
+48192677293,3,10,16,12,0,500,100
+48571483755,0,8,10,10,20,400,100
+48979393237,10,2,6,3,20,400,200
+48127648557,10,4,9,8,0,200,10
+48718734995,7,0,9,1,100,300,200
+48729346824,4,6,9,10,20,400,100
+48711196573,10,8,16,9,20,300,100
+48184356468,5,6,9,7,20,500,200
+48661739864,1,7,11,8,0,200,100
+48155545891,0,0,9,2,50,200,10
+48375591529,9,2,5,6,30,400,100
+48423622561,10,4,5,8,100,300,10
+48869994614,9,8,16,9,30,300,100
+48932596113,7,10,17,12,30,200,100
+48184922147,3,10,20,12,30,200,10
+48779989294,1,2,6,6,30,300,200
+48441973283,5,0,10,3,30,500,100
+48257561495,8,7,14,11,50,300,10
+48295992445,7,0,10,3,0,500,200
+48246682145,2,5,8,8,20,400,10
+48323429522,10,6,7,10,30,300,200
+48721311443,1,7,9,9,0,500,10
+48459195277,7,5,14,9,0,200,100
+48523467428,4,9,12,10,50,500,10
+48736539643,6,10,14,13,100,200,100
+48887596673,3,4,5,8,50,300,100
+48485183799,6,8,9,11,0,200,100
+48451279147,8,8,17,12,0,500,200
+48534118547,8,5,13,8,100,300,200
+48355681665,5,0,2,2,50,500,200
+48763814291,0,0,5,3,20,400,200
+48647236197,9,1,8,5,50,500,100
+48546761359,5,0,3,4,100,300,10
+48696856439,5,1,6,5,100,300,10
+48817412354,6,5,8,8,30,300,10
+48592852132,7,3,4,7,20,300,10
+48546243346,10,5,10,6,30,300,10
+48188993792,1,3,4,5,100,500,200
+48418345946,9,6,15,10,20,200,200
+48891833134,4,6,14,8,50,200,100
+48285927722,5,5,15,7,100,500,10
+48745324423,5,8,17,12,30,300,10
+48271952864,7,9,13,12,50,300,10
+48424147924,0,9,11,13,20,400,100
+48622818532,6,7,9,11,50,400,100
+48316133956,9,1,3,5,100,300,200
+48992494516,9,5,13,6,20,400,200
+48963122118,9,0,5,3,50,300,10
+48312779242,0,3,4,6,20,200,10
+48839317768,9,5,12,9,50,300,100
+48191255667,10,9,15,12,30,200,100
+48897773181,6,8,10,12,0,500,100
+48465152482,10,9,14,12,30,400,10
+48133114526,5,0,5,4,20,400,200
+48664937677,7,9,18,12,100,300,100
+48524918851,4,0,9,1,50,500,10
+48655537273,10,10,11,11,0,500,100
+48464473733,10,9,11,13,20,200,10
+48842565515,2,5,10,8,0,500,10
+48662329333,8,8,16,10,20,300,200
+48327656357,9,2,4,5,20,300,10
+48697273156,3,3,5,7,30,500,200
+48674215474,8,5,8,9,100,200,200
+48224994224,5,7,10,10,30,200,100
+48534357565,7,10,19,12,0,200,200
+48427329598,10,7,13,10,50,500,100
+48876246313,10,2,10,6,20,400,100
+48922667761,4,4,12,8,30,200,10
+48883334212,6,1,3,3,0,300,10
+48387566944,1,6,12,7,20,400,10
+48516415452,9,6,11,7,0,200,10
+48362151972,3,6,7,10,20,400,200
+48442548373,4,5,14,9,100,200,100
+48823245176,6,4,7,6,100,200,10
+48922252983,7,7,14,9,0,500,100
+48312229652,2,9,18,13,30,500,100
+48984398668,4,9,14,11,50,500,10
+48614381387,9,6,12,8,100,200,100
+48281456673,4,10,20,14,0,200,200
+48449695672,8,3,9,5,30,500,200
+48278928712,0,7,9,11,0,400,200
+48886465685,4,6,13,9,20,200,10
+48918425154,0,6,13,7,100,300,200
+48629572345,5,8,11,11,0,400,200
+48286753961,8,1,5,3,0,500,200
+48246168694,4,7,17,8,30,200,10
+48392679185,3,10,11,13,20,300,200
+48751342276,3,0,5,2,20,400,100
+48962612577,5,6,15,9,50,500,10
+48785897947,0,7,8,11,20,300,10
+48493522222,6,3,7,4,20,400,200
+48377986795,6,4,13,5,20,500,200
+48381444373,8,9,11,10,20,300,100
+48964983679,10,4,7,5,100,500,200
+48459729675,8,9,18,11,100,200,100
+48327362573,10,2,3,5,50,400,200
+48511887588,6,7,10,9,30,200,100
+48315925187,2,10,19,11,20,200,100
+48353724234,4,2,7,6,50,200,200
+48698239367,0,7,11,8,100,200,10
+48226132699,1,7,8,11,50,200,200
+48199946879,8,3,5,6,20,200,10
+48163457167,5,9,11,12,30,300,100
+48954575141,5,6,7,10,20,500,10
+48528517733,10,6,16,10,100,400,100
+48517434972,4,1,8,4,0,200,200
+48189455874,1,2,10,5,50,200,200
+48571482174,2,9,10,10,20,300,200
+48573938153,4,5,6,8,20,400,10
+48115268787,10,7,17,10,30,500,10
+48254813671,6,5,12,9,0,400,10
+48576161464,2,4,13,6,50,500,200
+48634258114,8,8,10,12,100,500,100
+48912368548,9,5,9,6,20,500,100
+48142261476,1,8,9,12,100,300,10
+48667363787,7,2,12,4,0,400,10
+48913448921,2,8,14,11,20,500,200
+48871977487,1,0,1,1,100,500,200
+48342399588,3,6,16,8,30,400,10
+48499635465,5,7,8,11,0,300,10
+48931948747,5,10,18,12,30,300,10
+48148838796,10,5,11,6,100,500,100
+48795695328,0,3,8,7,50,500,100
+48892493988,6,0,9,3,20,200,100
+48395849167,9,0,6,4,20,500,10
+48248277355,10,6,7,9,0,300,10
+48228787894,0,7,11,10,100,200,10
+48656163918,6,0,8,1,30,500,200
+48112598139,2,9,13,12,30,400,200
+48763396618,7,9,17,12,0,400,100
+48385732993,3,5,15,6,0,400,200
+48834123883,10,10,20,12,50,300,10
+48929797856,8,4,10,7,100,200,100
+48514186287,8,10,11,13,20,500,200
+48882474671,2,3,12,6,20,300,200
+48492241536,10,10,18,11,30,500,200
+48437427614,5,9,10,12,50,500,10
+48119232551,9,4,14,6,100,400,10
+48342696459,2,8,14,12,100,500,100
+48218612591,0,6,8,10,50,500,10
+48229834178,2,7,14,8,50,500,100
+48914593699,7,2,6,4,0,300,100
+48995978232,6,3,4,7,100,200,200
+48536712383,2,1,2,5,50,200,10
+48783627441,5,0,4,2,20,200,100
+48591148328,4,9,17,12,30,300,10
+48872843867,1,2,5,3,50,200,100
+48316927481,2,9,13,13,20,500,100
+48695437317,10,4,5,8,20,500,100
+48294748858,6,4,5,8,50,200,100
+48524673254,3,2,6,5,20,500,100
+48353736572,3,1,11,3,20,400,100
+48436772677,10,1,9,4,0,300,100
+48315424142,2,9,17,11,100,500,200
+48218862312,3,1,11,3,50,400,100
+48655212773,2,0,8,3,100,500,100
+48677615964,8,0,8,2,30,500,10
+48125374337,6,7,8,9,50,200,10
+48663272595,8,5,6,8,100,200,10
+48929147791,6,1,8,2,20,400,200
+48756819199,3,7,17,11,0,300,200
+48676753222,1,8,14,9,30,500,10
+48433566778,0,10,17,14,30,400,200
+48922227259,4,6,14,7,50,400,200
+48844561639,7,1,11,2,20,500,200
+48244621644,6,4,12,5,0,200,200
+48516413769,2,1,10,2,100,500,100
+48718883599,8,4,14,5,50,500,100
+48222857445,5,9,13,10,0,200,200
+48245111487,6,5,14,8,30,400,100
+48853933655,5,2,11,5,20,400,200
+48955662831,3,3,7,4,100,400,200
+48211838321,2,0,2,3,20,200,200
+48338735147,5,4,5,6,100,500,100
+48758765391,6,10,13,12,100,500,200
+48818138915,10,8,15,11,100,300,100
+48289211542,0,9,11,11,0,500,10
+48147752533,5,3,12,4,20,200,10
+48372361996,2,7,17,9,100,500,10
+48211848322,9,4,8,5,0,200,10
+48223842126,2,7,14,8,50,400,200
+48776145383,2,0,6,2,30,500,10
+48375817298,3,0,8,3,20,400,10
+48971624713,7,5,13,7,50,200,100
+48867315762,5,4,11,6,0,500,100
+48646772737,5,9,13,11,20,300,10
+48549867788,5,10,18,14,100,300,100
+48597798585,4,9,17,13,0,300,10
+48813593891,9,10,19,14,0,400,200
+48865254581,0,7,14,9,0,200,10
+48245495888,6,0,1,1,30,300,200
+48972164243,6,7,15,11,100,400,10
+48282821944,5,10,20,12,0,400,200
+48919492822,6,0,7,1,50,500,100
+48474796853,6,8,18,11,30,400,100
+48269641945,4,2,5,5,20,400,200
+48998538953,4,4,13,7,50,200,200
+48894529235,1,4,5,7,20,200,200
+48777761267,6,1,8,5,50,200,200
+48254132273,6,4,7,8,30,500,100
+48893398426,1,1,6,3,20,200,100
+48673653118,1,4,14,8,20,300,200
+48682922934,5,3,7,7,20,400,100
+48616773944,5,3,6,4,0,300,100
+48446793636,5,9,14,13,50,300,200
+48235269746,7,10,17,12,30,500,100
+48741719141,1,6,16,8,50,300,200
+48281265333,7,10,13,14,50,400,100
+48272698526,1,0,4,2,30,200,100
+48353796133,6,1,9,2,20,200,10
+48419219828,2,2,4,6,30,400,200
+48774882819,8,3,8,5,0,200,10
+48441612663,9,7,17,9,20,300,10
+48133954398,7,4,5,7,0,500,10
+48539768436,6,0,7,2,0,200,10
+48942434783,5,10,19,13,30,200,200
+48142825112,3,8,9,10,50,300,100
+48498659256,6,9,18,13,100,400,200
+48327295966,7,9,18,11,20,500,100
+48617897479,10,8,16,12,20,300,200
+48868344867,0,1,11,4,50,300,200
+48518612531,5,8,17,10,30,500,10
+48524117527,7,10,13,13,20,200,200
+48953693742,8,6,11,9,50,400,100
+48483975591,1,3,4,7,100,500,100
+48645419883,8,5,7,6,20,500,100
+48132442816,7,0,9,1,20,200,200
+48187466699,5,5,12,7,100,400,100
+48957489974,1,2,12,3,20,300,200
+48257497379,5,9,17,12,100,500,10
+48433459594,5,1,7,5,100,500,10
+48347695358,5,3,8,4,30,400,100
+48999632655,9,7,9,10,100,300,100
+48453655811,8,10,11,13,0,200,10
+48656587688,8,5,7,7,0,500,200
+48477692147,5,6,14,7,50,400,100
+48824891479,9,10,15,14,0,200,200
+48968138352,8,5,6,7,50,400,200
+48188854446,8,4,14,8,50,200,200
+48973582262,7,4,10,6,50,400,10
+48455897288,0,7,10,11,30,300,100
+48248597858,10,5,14,9,100,400,200
+48416851137,3,5,8,7,20,500,100
+48419369553,8,2,4,6,50,400,200
+48668658741,0,10,19,13,30,500,100
+48541698353,4,9,11,10,30,400,100
+48244627726,6,7,8,11,100,400,200
+48265554583,5,10,11,14,0,500,100
+48861787999,2,10,13,11,100,400,100
+48922563582,4,8,13,12,50,400,10
+48851964567,5,9,13,13,0,300,10
+48714783986,8,4,6,8,30,200,200
+48437771564,5,8,15,12,100,400,10
+48529514724,8,7,14,8,30,500,10
+48644722177,0,7,17,11,0,200,100
+48258739285,1,3,12,4,0,500,100
+48981222251,0,2,7,3,0,400,200
+48833986519,4,5,11,9,30,300,200
+48938532332,10,8,12,9,50,400,10
+48894927962,6,3,4,7,0,500,10
+48337772815,1,7,8,8,30,200,100
+48584716177,6,8,14,11,30,200,200
+48973592514,0,5,8,7,30,300,100
+48529269911,0,3,12,4,20,500,10
+48444867163,6,0,3,4,100,300,100
+48472929778,9,3,12,6,30,500,100
+48788256277,3,8,12,9,0,400,10
+48862256828,0,8,11,10,20,400,200
+48349892178,10,6,9,10,30,300,200
+48934468549,4,6,13,10,100,200,10
+48696251752,3,9,13,12,20,300,10
+48888856162,3,0,9,1,0,300,200
+48925567538,7,2,5,5,30,300,10
+48778515292,10,3,5,4,0,200,200
+48634347744,6,0,8,3,50,200,100
+48137197582,8,7,13,10,30,200,10
+48323655454,9,3,12,6,20,200,200
+48684752253,10,9,18,11,50,400,100
+48813895549,0,1,7,3,30,400,100
+48627762313,5,7,8,10,50,200,100
+48149474926,6,7,10,9,50,400,10
+48855286934,7,2,6,3,0,400,200
+48754279187,7,3,13,4,100,400,100
+48621242447,1,7,8,11,50,400,10
+48877345582,4,7,16,9,50,200,100
+48944964377,6,5,13,8,50,500,10
+48885388748,8,9,11,13,20,500,10
+48723722593,1,2,5,3,30,400,200
+48321182139,10,8,16,11,20,500,200
+48981661298,6,10,13,14,20,300,100
+48683127646,10,9,17,11,50,300,100
+48728584868,3,0,1,1,50,500,100
+48532615848,1,3,6,4,20,200,10
+48358368835,9,7,9,9,50,200,200
+48212359919,8,10,18,12,50,400,10
+48413152689,5,10,14,11,30,300,100
+48167769961,10,3,7,7,20,500,10
+48227429884,0,7,17,8,100,500,100
+48712859575,10,7,17,10,30,400,200
+48573855285,4,9,13,10,0,200,100
+48374698351,4,2,3,6,100,200,100
+48516258695,2,10,19,12,20,400,200
+48238516697,5,3,4,7,20,500,10
+48811826478,7,10,19,13,100,200,10
+48625643522,6,10,14,13,100,300,200
+48369123571,3,4,12,6,20,200,200
+48145857441,1,0,6,4,20,400,200
+48849491576,7,6,7,9,50,300,100
+48774389655,0,7,12,11,50,300,200
+48341316138,0,2,3,5,20,300,200
+48366498974,7,10,15,13,0,200,10
+48112781118,10,9,18,11,100,300,200
+48528585256,2,6,15,8,50,200,200
+48476965259,2,1,7,2,30,400,100
+48632641835,3,2,7,5,0,300,200
+48775896766,1,4,7,6,0,400,200
+48652899683,9,6,13,8,50,300,100
+48825411787,6,2,7,6,30,500,10
+48851699654,4,3,9,5,0,500,200
+48827436535,3,4,11,7,100,200,200
+48591886219,7,5,10,8,20,400,200
+48681178716,7,1,5,4,0,200,200
+48818195418,0,4,13,5,0,200,100
+48162682756,9,3,13,7,0,500,10
+48954469789,4,7,16,8,20,200,10
+48279972855,2,7,13,11,0,200,10
+48919384725,2,6,13,9,50,400,100
+48512187683,3,8,14,9,30,400,100
+48244779497,2,2,3,6,0,500,200
+48593634679,9,6,15,7,50,500,200
+48416794472,3,6,9,9,30,300,10
+48645675713,4,5,13,6,20,300,200
+48361559798,7,10,12,11,50,300,100
+48876336656,0,10,15,13,30,300,200
+48184731581,3,2,5,6,0,300,200
+48334378921,6,10,16,11,0,200,10
+48521321646,0,5,9,7,20,200,200
+48754144851,9,3,12,7,100,400,200
+48349868126,2,6,11,10,20,300,10
+48886178742,2,1,5,3,50,200,10
+48419792885,6,9,15,11,50,400,200
+48119364548,6,10,13,13,100,300,100
+48216842211,10,3,9,4,50,300,200
+48679943625,3,7,9,8,50,500,10
+48368333585,4,6,9,7,20,400,10
+48251481599,3,2,9,5,30,400,200
+48125834921,7,2,3,5,30,300,200
+48545342181,9,8,10,9,30,500,100
+48792636956,1,5,14,6,30,500,10
+48958332471,2,8,15,9,30,400,100
+48592814457,4,5,6,6,20,400,200
+48395126733,7,1,8,4,0,200,100
+48282288321,2,0,5,2,100,400,10
+48968575344,7,0,10,3,100,200,100
+48634181564,2,9,15,13,30,500,200
+48312554133,4,7,13,11,100,300,100
+48577522633,5,6,10,10,0,200,100
+48942911934,6,1,9,5,20,300,200
+48635441475,10,10,17,11,0,500,200
+48495319874,7,1,10,4,30,400,10
+48152337319,1,9,17,13,50,400,10
+48757288219,6,7,10,10,50,300,100
+48923832677,7,3,12,7,100,500,100
+48723464156,6,8,14,11,30,200,200
+48165153683,2,4,13,5,50,400,100
+48953997438,1,7,16,10,20,200,100
+48839262651,2,7,16,11,30,400,200
+48541455914,10,5,6,6,30,300,10
+48526271227,9,4,10,5,0,200,10
+48223166555,5,10,15,12,0,300,100
+48984831329,8,9,15,13,20,200,10
+48451819683,7,3,5,4,100,400,100
+48128233226,8,7,16,10,0,300,10
+48787994468,2,8,18,12,0,400,100
+48346985218,8,9,11,11,0,300,200
+48631285726,0,1,5,3,100,300,10
+48844241318,7,1,9,4,100,500,100
+48548565529,0,4,6,7,20,200,100
+48748417621,4,2,12,4,100,300,100
+48257312259,6,5,14,7,100,500,200
+48981448679,10,7,16,11,20,300,200
+48251554396,6,10,20,13,0,300,200
+48315235752,10,10,11,14,30,200,10
+48174633899,0,5,14,8,100,400,10
+48339863514,8,2,3,3,20,500,100
+48868519917,5,3,7,5,30,300,200
+48314544997,10,3,10,5,50,500,100
+48295143741,3,5,11,9,100,300,200
+48155922112,2,4,14,6,100,200,10
+48228965568,2,0,7,2,0,200,10
+48126554933,5,9,11,12,20,500,100
+48765432733,2,10,19,12,30,400,10
+48786163772,9,2,12,5,30,400,200
+48673378679,9,8,15,9,50,500,100
+48151187697,3,10,18,14,50,500,100
+48957712699,8,1,8,4,50,400,100
+48994717812,9,6,15,7,100,500,100
+48659745598,9,3,6,4,0,300,10
+48195687443,8,5,11,9,20,200,200
+48226723655,5,3,5,5,0,400,100
+48244816425,10,5,6,9,30,400,200
+48183975788,4,8,13,11,20,500,100
+48522895833,10,1,11,3,0,300,100
+48371826924,4,3,7,5,30,300,10
+48788547722,4,3,9,6,30,500,100
+48825868954,8,8,12,12,50,500,10
+48499992118,2,10,12,13,100,200,10
+48761171137,8,8,13,10,20,300,100
+48836587427,9,6,16,8,50,400,200
+48474696479,7,9,16,11,50,400,100
+48572252248,0,0,5,3,0,400,10
+48231266427,3,1,2,3,50,200,10
+48237518817,8,0,2,4,0,500,200
+48728888847,4,6,8,7,0,400,100
+48773456246,5,1,2,3,30,400,100
+48959567351,4,3,6,7,0,300,200
+48648429156,0,9,17,12,50,500,200
+48468879889,2,9,17,11,30,300,10
+48194996641,9,0,7,1,100,300,10
+48336985844,1,7,15,10,0,500,100
+48486371892,6,3,12,4,50,400,200
+48879859267,8,7,17,11,0,500,100
+48871926293,1,7,8,10,100,500,100
+48742215276,6,4,12,8,20,400,10
+48743485122,5,3,7,5,0,300,100
+48853727379,9,9,10,13,50,500,200
+48837639419,2,2,7,6,100,200,100
+48535976373,6,1,6,5,20,300,100
+48212572466,0,0,2,3,30,400,100
+48166534486,2,7,16,8,20,400,200
+48197175827,1,4,9,5,100,500,200
+48687394498,3,10,14,14,100,400,100
+48892256625,5,4,8,7,30,200,200
+48629181535,3,4,13,8,20,400,200
+48988727523,5,7,16,9,0,300,200
+48815494157,2,5,13,8,30,500,200
+48711669947,5,1,7,2,20,300,200
+48217491519,2,10,18,11,100,300,10
+48653194361,10,7,10,8,30,200,200
+48569769886,2,9,14,11,30,200,100
+48638492967,9,8,17,11,20,400,100
+48374194134,3,7,14,11,20,300,10
+48659134372,5,9,12,10,20,500,200
+48196997995,1,5,10,8,50,200,200
+48246253444,2,3,9,7,0,200,100
+48534734487,6,10,14,14,0,400,100
+48686856369,6,9,14,12,30,500,100
+48649691729,8,5,11,8,20,300,100
+48235326144,4,4,14,7,20,500,200
+48621442935,1,3,10,6,20,400,200
+48468787218,0,2,7,4,50,200,10
+48812611711,8,10,16,13,0,400,10
+48674378784,6,3,4,6,100,300,100
+48843933895,4,7,15,11,0,200,200
+48678972631,9,6,16,9,0,400,10
+48753734298,2,2,3,5,30,200,200
+48158624976,1,8,9,11,100,300,200
+48342653521,0,9,12,12,100,400,10
+48322868595,8,3,7,6,100,500,100
+48173683115,3,2,8,4,50,300,10
+48959444239,1,7,9,9,30,400,10
+48866785844,2,5,15,8,0,300,100
+48969959113,4,6,14,8,100,500,200
+48918786248,5,3,4,7,100,200,200
+48273723431,1,5,15,7,20,300,10
+48814337647,5,3,12,6,50,500,100
+48147497534,8,9,19,11,50,400,100
+48452823513,7,9,12,12,50,200,100
+48521191795,2,10,18,14,50,400,100
+48437862476,8,9,19,11,100,300,100
+48397164271,2,8,14,10,0,200,100
+48218655929,4,7,13,11,100,200,200
+48849193694,1,0,10,1,0,200,200
+48296246219,2,7,8,9,30,400,200
+48472898624,1,4,13,6,100,400,10
+48482856786,0,6,12,10,50,500,100
+48194697326,10,7,13,10,30,400,200
+48237278123,7,3,5,4,0,500,10
+48344955412,0,5,8,8,100,500,100
+48947454853,4,4,7,5,20,400,100
+48821117978,7,9,13,10,0,500,200
+48288939645,3,8,17,12,0,400,100
+48272493489,1,2,6,4,50,200,100
+48261296152,1,2,5,3,30,200,200
+48335843137,3,2,7,4,20,200,200
+48675387877,3,0,1,1,100,500,100
+48681158948,5,5,11,8,30,500,200
+48771989413,9,10,17,12,50,400,200
+48676766417,3,4,10,5,20,400,100
+48557392186,4,9,16,11,50,500,200
+48937616933,5,1,8,4,50,500,200
+48259651511,7,10,17,13,30,400,200
+48416453682,6,7,14,9,20,400,100
+48196365235,2,2,3,4,50,500,100
+48959417397,6,7,12,11,20,500,10
+48715584285,6,0,3,4,20,500,10
+48179127538,10,2,5,3,100,400,200
+48925638346,10,7,17,11,100,300,100
+48474767678,1,10,17,14,100,400,200
+48616842826,1,2,5,6,0,200,10
+48614573975,7,3,8,7,100,500,200
+48157385216,6,1,3,3,30,400,100
+48748356567,1,0,10,3,30,300,100
+48251881565,5,4,7,8,100,200,100
+48571733197,9,1,4,2,100,500,10
+48447517162,3,1,2,2,0,300,10
+48496792927,2,0,4,1,30,400,10
+48894491598,4,7,12,8,20,400,100
+48921284881,7,5,10,9,30,200,200
+48295988818,2,3,13,6,50,400,100
+48919595153,4,4,7,5,20,200,200
+48592248111,0,8,16,10,100,300,200
+48616131734,0,1,6,3,20,200,100
+48123124955,5,10,14,14,100,300,200
+48376295324,1,5,6,6,100,400,100
+48979393782,1,0,10,1,100,400,10
+48982793533,8,2,3,6,30,400,10
+48986222564,2,0,9,1,100,200,10
+48958692723,2,10,17,14,20,400,200
+48236132816,2,9,10,13,30,300,100
+48664134962,7,10,12,11,0,500,100
+48566151123,4,6,13,10,30,200,100
+48772544247,8,1,6,2,50,300,10
+48863525798,5,1,10,5,0,500,10
+48599614689,4,7,10,9,50,300,100
+48182335852,10,4,6,8,50,500,100
+48524165259,10,2,9,5,50,300,10
+48541525622,3,8,13,12,30,500,10
+48223878597,1,10,19,11,0,500,100
+48269223321,2,5,9,9,100,500,200
+48721885596,5,6,12,8,30,400,10
+48638964826,4,8,13,10,100,300,200
+48375484598,3,8,17,10,0,400,100
+48411582581,10,1,3,2,0,400,100
+48716841788,1,6,13,10,100,200,200
+48268926787,6,5,11,6,0,500,10
+48176596775,8,5,11,6,30,200,200
+48744422437,10,5,14,6,50,200,100
+48416128332,9,10,11,11,30,500,200
+48987234169,0,9,12,13,30,300,10
+48751111626,1,9,16,11,100,400,200
+48521146197,7,3,13,4,30,200,100
+48475532888,3,2,7,4,30,500,200
+48866988677,1,7,8,9,0,200,100
+48624282994,7,4,9,8,0,500,100
+48652645628,8,7,10,10,100,400,10
+48565758118,1,7,10,9,20,400,100
+48148875955,6,4,8,5,50,200,100
+48372565728,3,2,12,3,20,400,200
+48258384648,6,3,13,7,30,400,200
+48144386236,1,6,11,7,50,300,10
+48321516689,4,0,3,2,20,200,10
+48778813464,8,9,18,12,50,300,200
+48294774114,1,1,2,3,30,400,200
+48852364345,3,10,11,12,50,500,10
+48873899748,2,3,6,7,20,200,200
+48724784811,3,1,8,2,0,400,200
+48962843274,1,6,14,8,0,500,10
+48796997887,9,9,10,10,20,300,10
+48995373822,4,6,15,9,20,300,10
+48919291114,5,5,6,8,30,300,10
+48175299619,2,9,13,11,20,300,200
+48223254326,1,3,5,4,100,400,100
+48352496135,2,5,7,7,50,500,200
+48158859876,7,8,12,9,30,200,100
+48756684197,5,2,11,5,30,500,200
+48874996657,4,0,1,1,30,400,200
+48232353562,6,9,18,13,0,500,200
+48797574316,0,6,8,9,30,300,10
+48472478938,6,0,5,2,100,500,200
+48282537535,10,1,10,3,20,500,200
+48992459943,4,8,14,9,50,300,200
+48566749518,7,7,11,8,50,500,200
+48611848718,10,8,13,9,100,300,200
+48145346577,4,4,9,6,0,300,10
+48227564258,5,6,9,9,20,400,100
+48386823351,2,8,17,9,20,200,100
+48343952777,1,0,9,1,20,300,10
+48875797374,5,1,8,2,30,200,200
+48229655985,1,1,8,2,30,200,10
+48587757934,10,1,9,4,100,400,10
+48322587548,9,7,9,10,50,500,200
+48914625333,0,4,11,8,50,300,200
+48366229144,5,1,3,5,30,500,200
+48444125369,9,2,8,5,0,300,10
+48645614424,1,3,9,5,0,200,200
+48165137979,6,5,12,7,20,200,100
+48997635961,4,3,11,4,0,200,200
+48273964496,3,4,12,8,0,200,10
+48152183647,3,6,16,10,100,400,200
+48471474286,9,1,3,4,0,300,100
+48133433916,0,6,12,9,20,400,200
+48696498316,10,8,15,9,50,300,100
+48316769932,6,1,5,2,30,400,10
+48293576359,6,0,10,1,20,400,200
+48774983187,2,6,9,7,0,300,100
+48944491576,8,6,12,8,100,300,200
+48449726464,0,4,9,5,100,400,100
+48266737146,5,6,10,9,50,300,200
+48151442569,9,1,8,4,30,400,10
+48248297813,5,4,14,7,0,300,10
+48389693587,9,2,10,6,100,200,10
+48188367745,10,4,13,8,20,400,10
+48593783155,3,3,9,5,0,200,100
+48791119921,7,2,11,5,30,400,100
+48286918784,1,4,13,8,0,200,10
+48924161188,9,4,13,7,0,300,200
+48684268295,3,9,15,12,50,300,200
+48777398776,3,5,7,9,100,300,10
+48151796754,1,5,13,6,100,400,200
+48193214358,7,4,13,7,30,200,100
+48824622349,5,9,11,10,30,400,200
+48249434779,0,6,9,7,0,200,100
+48465274259,6,10,16,11,0,500,10
+48965772587,2,8,11,11,0,200,10
+48158913993,0,5,7,6,30,300,100
+48947185821,9,8,11,12,100,300,200
+48312362442,5,5,10,7,0,300,100
+48725811583,1,0,9,3,50,200,100
+48113343213,2,4,5,8,50,200,200
+48428571411,5,7,17,8,30,400,100
+48667362671,9,1,3,4,20,400,100
+48125327237,4,9,18,12,50,300,100
+48624664514,3,6,11,8,20,500,10
+48379977939,5,9,16,13,100,500,200
+48723736179,5,8,14,9,0,400,10
+48699834443,3,6,13,9,100,500,10
+48775995177,7,9,19,13,100,500,200
+48922514812,7,6,15,9,20,200,100
+48528235317,10,6,15,10,0,400,100
+48391524478,5,5,12,7,50,400,200
+48597424183,3,0,8,3,0,400,10
+48429496946,2,2,10,3,20,300,100
+48117822486,4,7,11,9,100,500,200
+48176478461,10,3,13,7,50,300,100
+48153826872,9,4,5,5,0,400,100
+48715542421,5,3,8,7,20,300,10
+48965582126,5,7,9,9,20,500,10
+48166617863,2,5,12,9,50,500,100
+48214189966,3,6,8,8,20,500,100
+48746924399,1,1,10,4,20,200,10
+48927331485,6,6,12,9,20,500,200
+48349382477,2,0,9,3,20,300,200
+48643888882,10,1,5,5,50,300,200
+48377392931,4,1,2,5,100,400,100
+48384295945,6,0,3,2,0,400,10
+48261166685,5,3,6,5,0,500,200
+48277635931,3,1,10,4,20,200,200
+48888138213,2,1,9,3,30,400,200
+48496214963,0,6,12,10,0,300,100
+48823969154,9,9,19,12,20,200,10
+48952172422,3,0,4,3,50,400,200
+48934428975,4,9,12,12,100,500,10
+48593669425,3,5,10,9,0,300,10
+48644873497,10,4,11,8,20,300,10
+48782257376,1,9,18,13,30,400,100
+48151499193,9,0,10,1,50,500,10
+48364333192,7,6,14,7,100,400,200
+48691281376,4,9,18,13,50,300,10
+48386814464,8,0,2,3,100,300,10
+48235716156,0,8,12,12,30,200,100
+48615238828,8,0,10,3,0,300,10
+48227632675,4,4,5,6,20,300,10
+48259235389,4,9,14,12,50,400,200
+48819138761,5,4,10,5,0,500,10
+48162523286,2,8,18,10,0,400,100
+48573398724,3,2,8,4,100,400,10
+48662834973,10,4,10,7,30,200,10
+48633595499,7,1,3,4,0,200,100
+48721963782,3,8,15,10,100,500,100
+48535445965,10,1,10,5,50,200,200
+48511375369,9,1,10,2,0,400,10
+48476564793,9,6,9,9,20,400,200
+48912296292,7,10,20,14,100,200,200
+48285334535,6,0,2,1,50,300,10
+48839825728,7,1,10,4,20,500,10
+48474469816,1,1,7,5,30,300,10
+48599422474,9,10,17,14,30,200,10
+48547281544,3,9,11,10,0,500,100
+48777518168,0,0,9,1,0,400,10
+48424594365,0,1,3,2,100,300,100
+48699884777,9,6,15,8,30,300,100
+48436831697,4,2,6,6,30,500,200
+48695514193,0,3,9,4,30,200,200
+48667862866,5,2,12,4,30,400,100
+48142387764,8,8,12,11,30,200,10
+48271452294,4,8,11,9,50,500,200
+48791469683,6,4,13,7,100,200,10
+48317735857,6,2,4,4,20,400,100
+48653614547,10,3,8,6,100,200,200
+48731215756,2,8,13,12,100,400,10
+48167831374,0,10,16,11,0,200,10
+48128924379,7,8,14,11,0,200,100
+48426444227,5,8,15,10,50,400,200
+48211627551,8,9,19,11,30,300,100
+48558179345,1,6,8,7,100,500,10
+48853518798,0,9,16,11,20,200,100
+48554866936,0,6,13,7,100,500,100
+48676116618,6,0,2,3,100,200,10
+48632424987,6,9,11,11,20,400,100
+48635485672,10,9,19,13,20,300,100
+48927411559,3,8,12,12,100,300,100
+48945331654,1,1,8,2,0,300,200
+48412274528,9,9,13,10,100,300,200
+48991238121,4,10,16,13,100,200,200
+48755959541,5,0,2,2,30,400,10
+48643687991,2,1,11,5,20,500,10
+48113744937,0,3,4,6,0,400,10
+48752797649,10,1,4,4,30,300,10
+48155479284,10,5,9,6,30,500,100
+48458371146,4,9,18,10,20,200,10
+48232461175,5,7,10,11,20,400,200
+48916537924,2,9,15,11,0,300,10
+48521264596,10,1,3,4,100,200,100
+48144677826,9,10,11,14,100,200,200
+48631626214,7,8,18,9,0,500,200
+48567778937,2,4,5,6,0,300,100
+48851473194,7,0,9,4,0,400,100
+48333253419,8,6,14,7,0,300,10
+48136227526,2,9,12,12,30,500,100
+48137781825,10,1,4,5,30,500,10
+48271128329,0,1,2,4,0,400,200
+48458384234,3,6,10,8,100,300,200
+48331514566,3,2,7,6,100,300,200
+48591598788,7,4,12,6,30,200,10
+48477267353,9,5,8,9,0,200,10
+48272123297,10,10,17,13,30,300,200
+48632132268,5,8,15,10,50,500,200
+48182414278,10,6,16,8,0,400,10
+48158379699,10,3,6,6,0,400,100
+48998757722,5,10,18,14,20,500,100
+48717859992,1,1,10,4,20,400,200
+48429474613,5,9,13,13,100,200,10
+48699172669,8,7,16,11,0,400,200
+48488229972,9,6,7,10,50,400,200
+48996384534,6,9,13,12,50,300,100
+48638133126,8,3,13,4,100,400,100
+48763586579,3,4,7,6,50,200,10
+48157868553,7,5,7,8,30,500,10
+48152989277,6,3,6,4,0,200,200
+48536867131,8,10,14,14,100,200,10
+48578294276,1,9,17,10,30,500,200
+48869243744,3,2,9,4,50,300,10
+48569242691,10,0,3,2,20,300,200
+48252119782,5,1,4,2,30,200,200
+48173113172,9,3,11,7,0,200,200
+48637755317,10,2,4,6,20,400,100
+48388951443,5,2,4,4,20,300,10
+48748732137,8,0,10,2,20,300,10
+48423352383,7,0,8,4,50,300,200
+48699421961,0,8,12,11,50,200,200
+48758785821,8,8,17,12,0,500,200
+48641272234,5,2,4,3,50,300,100
+48952654491,3,7,8,10,0,200,100
+48926811236,8,7,13,8,0,200,100
+48845685587,3,5,15,6,20,400,100
+48776694357,10,4,13,7,0,500,200
+48249372731,1,0,1,1,50,300,100
+48249553711,4,6,14,8,100,300,100
+48957747715,7,2,11,5,20,300,100
+48877381758,1,8,18,9,30,200,100
+48335174183,10,10,20,14,0,300,200
+48572972369,2,9,17,11,30,500,200
+48318473572,4,10,17,12,20,300,100
+48658126546,2,3,13,5,0,500,100
+48253436373,5,2,9,5,30,400,200
+48648423828,3,3,8,5,20,300,200
+48239986991,8,6,8,10,20,400,200
+48184338636,2,8,13,12,20,300,10
+48921787995,4,1,8,5,50,400,10
+48986393175,5,4,12,8,30,300,10
+48295627917,4,4,11,7,20,400,10
+48168798554,10,3,11,6,50,300,100
+48963383379,2,4,6,7,100,200,10
+48283825377,10,9,19,10,50,300,100
+48841456244,3,3,8,6,0,400,200
+48182961126,1,3,12,7,100,400,10
+48311796753,1,9,15,12,30,200,100
+48123762659,10,10,15,11,30,500,100
+48732528753,10,8,18,11,100,200,10
+48612799978,7,2,9,6,50,500,100
+48625615432,5,10,19,11,0,400,10
+48819216662,5,3,5,4,20,400,200
+48251669355,5,10,13,11,100,500,10
+48165312136,4,2,10,3,50,500,100
+48697183152,0,7,17,9,0,500,10
+48334435816,6,4,5,6,50,400,10
+48482154747,0,9,18,10,50,500,100
+48772563388,2,1,7,2,100,400,100
+48921219141,1,4,12,7,50,300,100
+48522525923,1,4,11,5,20,400,10
+48821948542,1,8,13,11,0,500,10
+48117655641,3,7,16,11,50,400,100
+48465264514,1,0,1,2,0,300,10
+48126179773,0,1,7,2,20,200,200
+48197445421,7,4,13,6,30,300,10
+48428687971,4,9,12,12,0,400,200
+48135813762,8,10,16,14,100,500,10
+48746536266,4,4,13,6,100,300,200
+48395961894,7,4,9,5,0,400,200
+48166433431,6,1,6,2,30,200,200
+48767187623,9,2,10,6,30,400,10
+48726651942,8,3,11,4,100,400,100
+48497521939,8,3,12,7,20,400,10
+48481185597,6,0,3,3,20,500,200
+48165446174,5,10,20,14,100,500,100
+48624327113,9,3,10,4,30,500,10
+48839818336,8,4,8,8,100,500,200
+48686246148,1,8,13,11,50,200,200
+48979243469,2,4,9,8,20,300,100
+48826434942,0,7,9,10,0,500,10
+48293426457,10,6,13,7,0,500,200
+48437352641,1,6,8,8,30,200,10
+48651736462,5,8,18,12,0,200,100
+48243367533,4,1,9,4,20,400,200
+48361757167,10,8,12,11,0,500,10
+48542379359,9,2,11,3,20,400,10
+48687266961,2,6,11,9,0,200,200
+48457571114,9,1,5,2,20,300,100
+48176334867,10,9,17,13,30,500,200
+48379165714,8,5,6,8,50,400,10
+48631525152,9,0,9,1,30,300,100
+48452298437,2,3,8,7,100,300,100
+48339351876,5,9,17,11,20,500,100
+48765932448,6,0,1,3,50,300,200
+48561222528,8,8,14,9,50,300,200
+48779383571,4,8,9,9,100,400,200
+48894987413,2,9,19,10,20,200,100
+48485695968,10,7,12,8,30,200,200
+48434624178,1,3,13,4,50,500,200
+48517211538,6,10,20,11,100,200,100
+48729655651,4,0,3,2,30,400,200
+48458322525,3,5,14,8,20,200,100
+48268253176,1,4,6,8,50,200,10
+48264851966,6,1,11,4,50,400,200
+48699414286,1,0,4,4,30,400,100
+48275978488,10,5,13,9,50,400,200
+48323491482,2,4,11,6,30,400,100
+48861973843,9,10,13,13,30,400,200
+48253924458,6,4,6,8,100,500,10
+48296772944,9,4,5,8,20,300,100
+48979679958,0,5,13,7,20,300,10
+48441342879,4,3,12,7,0,200,100
+48279259843,5,2,6,4,100,500,200
+48596738624,8,8,13,10,50,500,200
+48761893376,3,5,11,6,100,400,200
+48392131459,8,0,2,3,20,500,100
+48692438546,9,6,11,8,30,400,200
+48791535518,9,9,12,11,100,300,200
+48932544973,2,5,7,7,0,400,10
+48731523331,7,6,7,10,100,400,100
+48719841723,5,8,18,12,0,200,100
+48631453523,2,3,7,5,0,400,10
+48385277293,3,2,9,6,20,500,10
+48222765417,3,6,12,10,50,400,10
+48316147762,7,9,10,11,0,500,10
+48347389246,6,6,10,10,0,300,100
+48235163731,10,7,14,8,50,500,10
+48585939268,4,8,14,12,30,200,10
+48542431447,0,9,19,13,30,500,200
+48154991759,6,1,10,2,30,500,200
+48596979584,8,3,12,7,0,500,10
+48381172243,3,2,4,4,0,200,100
+48848388446,1,5,6,8,0,200,200
+48641556369,5,6,15,7,0,300,200
+48723994555,6,4,9,5,100,500,100
+48228877156,6,1,2,5,20,300,10
+48351926142,8,9,17,10,50,200,10
+48452235676,8,10,20,12,0,500,200
+48182134875,8,6,9,7,30,300,200
+48265675297,3,3,11,5,30,300,200
+48917619199,1,9,14,12,30,200,100
+48811829875,8,10,11,12,0,300,10
+48177866158,0,5,13,6,30,500,10
+48711414271,8,7,16,11,30,200,200
+48651313452,9,5,12,9,20,400,100
+48394268411,9,10,13,12,30,300,200
+48714257412,2,9,18,11,50,300,100
+48455855178,5,9,13,11,50,400,10
+48665394258,4,2,8,3,30,300,100
+48963735625,4,3,8,6,0,500,200
+48736165243,7,2,3,6,0,200,100
+48859658996,5,10,17,12,100,400,10
+48546496672,7,9,13,10,50,400,100
+48519977143,8,10,20,13,30,500,200
+48492886361,0,2,5,3,100,400,200
+48218165911,1,8,10,12,20,400,200
+48599233372,8,6,8,8,20,500,100
+48968429624,8,1,4,3,30,400,100
+48564392399,7,3,7,6,30,400,200
+48612799974,5,2,11,5,100,400,100
+48398855772,3,8,15,11,100,200,200
+48593444114,3,1,10,4,50,200,200
+48147328611,6,5,10,7,50,500,100
+48677237269,7,10,12,13,50,400,200
+48886393496,4,9,12,13,50,300,100
+48894617368,10,7,17,8,50,300,10
+48192657395,3,1,8,2,30,400,100
+48637559459,9,5,6,9,20,200,200
+48311965463,3,2,10,6,100,300,200
+48923135763,7,5,15,6,50,300,100
+48226412567,5,9,11,12,0,400,200
+48158486818,1,5,9,6,50,200,200
+48595283287,3,0,9,3,100,300,10
+48585867364,4,10,19,14,30,500,200
+48726396425,1,6,9,9,20,200,100
+48171428958,7,9,18,10,50,500,10
+48999948243,6,10,19,14,30,500,10
+48556363336,4,10,13,13,0,200,10
+48566362212,5,1,9,2,30,200,200
+48835794363,1,4,13,5,20,200,200
+48574378925,7,2,3,4,0,300,200
+48945982415,8,9,17,11,100,400,200
+48716116799,6,2,4,5,100,300,200
+48938156472,8,4,6,8,0,300,10
+48857739826,5,8,13,10,0,300,200
+48114913116,10,3,9,4,30,200,10
+48356985826,7,0,2,3,20,500,10
+48387479594,4,7,8,8,100,400,200
+48525934585,3,4,7,6,30,200,10
+48723614241,9,1,2,3,100,500,10
+48587888139,0,6,11,8,30,500,100
+48947224284,8,9,14,12,0,400,200
+48319481984,2,0,4,1,50,300,10
+48679191319,3,5,14,8,30,200,200
+48441369889,4,2,12,4,30,500,200
+48936745394,4,9,15,12,100,400,200
+48984845125,4,9,12,10,30,500,200
+48491716398,5,8,10,11,0,400,10
+48993329446,1,9,17,10,100,300,100
+48685153186,4,9,18,11,20,400,10
+48191724278,6,3,12,7,20,200,200
+48466261268,4,1,5,3,50,400,200
+48858238438,7,5,8,8,0,500,100
+48156381793,0,8,11,10,30,300,200
+48123599149,3,4,14,5,30,300,200
+48765643328,10,2,6,6,0,200,100
+48341575416,10,6,11,8,30,400,100
+48121754736,5,6,16,9,50,400,100
+48271588453,3,2,4,5,50,500,200
+48257419527,7,8,12,9,20,200,100
+48961747165,1,9,11,10,0,500,10
+48219632813,2,5,13,8,30,300,10
+48314795463,5,2,4,3,30,300,100
+48961285598,8,2,6,4,50,400,200
+48743835672,2,8,18,12,30,300,10
+48227382675,10,1,10,5,100,300,10
+48817122949,5,8,11,9,30,400,100
+48216493344,6,2,6,6,30,300,100
+48784189874,5,3,5,7,0,500,100
+48627276524,7,0,9,3,100,400,100
+48796864142,7,9,16,11,50,400,100
+48148163214,7,3,4,5,30,400,100
+48621921181,10,7,8,11,50,400,100
+48768682888,5,5,10,8,20,200,200
+48636724881,3,0,8,2,0,400,200
+48164821273,1,8,11,10,0,200,10
+48546917346,3,9,18,11,0,500,200
+48233346756,7,0,5,3,100,200,10
+48332391186,7,8,10,12,0,500,100
+48611365555,1,7,10,9,50,300,200
+48114198188,9,2,10,5,50,500,200
+48611887389,7,10,18,13,30,200,10
+48738466669,1,6,12,7,30,500,200
+48966179176,2,10,11,12,100,500,100
+48739483663,4,8,18,12,30,500,100
+48811126367,6,4,13,5,0,200,200
+48777547961,5,0,5,1,50,500,200
+48792853372,0,6,7,9,20,500,200
+48779517879,1,1,7,4,50,500,100
+48281345789,9,10,12,13,30,200,200
+48492128667,0,10,16,13,0,500,100
+48631799377,0,8,10,9,20,500,10
+48912645517,10,0,8,3,0,500,10
+48147428429,0,10,16,12,100,500,200
+48833444365,10,2,8,5,30,400,100
+48728375342,0,5,12,8,30,400,200
+48453889197,9,6,8,10,20,500,100
+48533132839,1,0,2,1,0,200,100
+48957333386,9,0,6,1,0,300,10
+48262243671,5,6,16,7,100,400,100
+48598366573,1,6,7,7,30,300,100
+48828415268,10,5,11,9,20,300,100
+48797427356,4,10,20,12,100,400,10
+48423631112,1,1,8,3,100,200,10
+48415431481,2,3,12,7,100,500,10
+48827934427,8,8,10,9,100,400,200
+48592257273,7,8,14,10,20,200,10
+48933168555,4,9,15,11,20,200,10
+48339688213,5,10,18,13,20,500,10
+48578957642,1,1,8,5,0,400,100
+48527462998,2,10,11,11,30,300,200
+48492318178,8,4,7,7,20,400,100
+48536634656,9,0,7,1,0,300,10
+48239749831,2,9,14,10,20,200,200
+48966996921,9,8,14,12,0,300,200
+48572222128,6,4,14,5,0,200,200
+48266519873,8,2,8,6,20,300,100
+48678966851,4,6,11,10,20,300,100
+48626332957,2,3,11,5,0,400,10
+48817969862,5,1,7,2,0,200,200
+48585921277,8,5,9,7,20,200,10
+48936425135,0,7,8,9,30,500,10
+48616565931,8,0,2,4,20,300,100
+48227634696,4,6,14,9,100,200,10
+48488435644,9,1,9,4,20,200,100
+48161952323,7,4,9,5,100,500,10
+48959919818,0,1,7,3,30,400,200
+48823988357,5,7,14,8,20,200,100
+48768231995,10,4,13,5,50,200,10
+48775942239,2,1,7,4,0,200,100
+48749313793,10,2,7,3,30,300,200
+48666216916,6,2,10,5,30,500,200
+48198491462,9,1,6,4,30,200,100
+48534529187,5,5,9,9,30,500,10
+48664197587,0,4,14,7,30,200,100
+48938246171,0,7,10,11,50,200,200
+48456761611,10,6,14,7,100,500,200
+48793423175,0,10,20,12,20,400,10
+48874857737,6,6,8,9,20,300,200
+48238235974,0,9,15,13,20,400,10
+48831446161,4,9,19,13,50,500,200
+48926232161,10,0,8,4,50,200,200
+48118428385,5,9,10,10,0,300,100
+48257993773,9,3,12,5,100,500,200
+48579377518,3,5,12,6,0,500,10
+48345877725,2,7,11,9,100,300,100
+48263721148,2,8,17,11,0,400,100
+48692896492,8,3,10,6,20,200,10
+48226584186,8,5,11,9,50,300,10
+48416725878,1,5,10,8,30,300,100
+48723527387,9,10,12,14,100,500,100
+48332634253,10,6,9,8,50,200,200
+48755617277,6,9,15,10,100,500,100
+48975721673,8,2,10,4,50,400,100
+48668697883,7,2,6,5,100,500,100
+48254388215,5,4,8,7,50,500,10
+48493446152,3,9,17,12,30,500,10
+48219526521,7,9,12,10,100,500,10
+48136237722,9,7,11,11,50,500,10
+48862167772,7,1,9,5,30,300,100
+48898914774,0,8,14,10,50,400,10
+48282725169,9,3,4,6,100,200,10
+48722858484,1,6,8,7,30,300,100
+48123196666,6,6,12,8,0,300,10
+48255552422,9,6,7,7,50,300,10
+48195469316,0,10,20,13,30,400,10
+48196452943,7,7,14,10,0,300,10
+48118596513,0,9,16,10,20,500,200
+48271816633,3,9,17,11,100,500,200
+48538165282,6,3,5,4,50,500,200
+48541755982,6,5,11,7,100,300,200
+48718242121,0,0,9,1,0,500,100
+48569726835,4,6,14,9,30,400,200
+48345292274,6,7,12,9,30,500,200
+48671198366,7,9,19,10,30,500,100
+48598344136,0,2,3,4,100,200,200
+48726962886,10,0,9,2,0,400,200
+48359593681,3,10,14,13,30,300,200
+48128472866,7,4,9,7,0,400,200
+48352629536,8,4,9,8,50,400,100
+48919944519,0,2,5,6,20,500,200
+48743276435,1,3,5,4,100,200,200
+48657572318,9,2,9,5,0,300,200
+48436828531,3,10,11,11,50,400,10
+48125912761,3,2,10,3,20,300,10
+48242374369,7,9,14,10,50,300,10
+48764171991,7,10,19,11,0,200,10
+48116311478,10,4,7,5,20,300,10
+48843734542,1,1,3,5,100,500,100
+48935867427,10,9,15,10,0,400,100
+48956326596,7,6,15,10,20,200,100
+48473656616,3,1,9,4,20,300,100
+48933683926,3,3,8,7,20,200,10
+48711981895,2,2,7,6,30,500,100
+48487685944,1,4,14,6,30,300,10
+48362679682,9,9,15,13,50,300,200
+48269725251,1,0,2,2,20,200,100
+48568544464,8,0,5,4,50,200,200
+48968639988,10,3,8,7,30,400,100
+48296282981,7,10,19,13,30,400,100
+48784263495,5,8,13,11,0,200,100
+48334657531,4,4,6,5,20,400,100
+48848991929,7,7,14,11,30,200,200
+48751799823,9,1,10,5,30,200,100
+48948118665,2,3,12,7,30,200,10
+48913842928,5,0,2,3,100,400,10
+48121641585,7,8,16,10,30,500,200
+48157591545,5,8,17,12,30,200,200
+48193828768,7,2,6,4,20,500,100
+48429977477,2,0,4,2,30,500,100
+48477672847,0,9,15,12,50,300,200
+48977525792,4,9,16,11,100,500,200
+48126238855,8,10,17,14,100,400,200
+48467179592,8,6,8,9,100,200,100
+48499953543,5,8,10,10,30,500,100
+48536418294,7,3,8,5,0,500,10
+48534576737,2,1,4,3,0,500,10
+48943632727,7,7,11,8,50,200,200
+48351845336,10,10,17,13,0,500,100
+48922675365,7,0,3,3,50,300,200
+48546471379,10,6,9,10,100,200,200
+48353741396,7,9,11,11,50,200,100
+48217365315,2,4,12,5,20,400,10
+48113733167,6,5,10,9,30,200,200
+48367613456,10,8,10,12,30,300,10
+48151518534,2,0,4,2,30,200,10
+48255715836,4,2,11,4,20,300,100
+48389445291,3,5,9,6,100,200,100
+48981794461,2,5,12,6,100,400,100
+48185355495,6,10,14,14,20,400,200
+48799126813,1,10,18,11,20,200,100
+48414868162,2,4,10,8,0,200,10
+48877383331,3,5,7,6,50,400,200
+48691791884,9,9,18,13,30,400,200
+48437556635,3,5,9,9,20,200,10
+48287473597,9,8,9,12,0,400,10
+48174125647,10,2,6,4,30,500,200
+48844987973,2,5,10,7,30,500,200
+48677367493,9,9,13,11,20,400,100
+48341547118,0,7,9,11,20,300,200
+48339834473,2,10,14,12,0,200,100
+48123968514,6,6,7,9,30,500,200
+48526139779,6,1,2,2,100,300,10
+48738184652,6,3,5,5,100,500,100
+48671369563,1,5,10,8,100,400,10
+48756551953,2,8,10,11,20,200,200
+48973316238,7,6,14,7,100,200,10
+48456446441,6,8,9,10,0,500,200
+48273575116,3,6,9,10,0,200,10
+48583665695,5,4,7,7,50,300,200
+48828299962,4,4,11,6,0,200,200
+48961841215,2,2,10,5,20,400,200
+48774269624,8,7,17,8,20,500,10
+48534716632,10,1,3,3,50,500,10
+48919815156,1,0,1,3,100,300,10
+48199298727,4,8,17,12,20,200,100
+48856972722,6,4,11,8,30,300,200
+48412825198,7,9,17,13,0,300,10
+48955493922,1,1,5,2,50,200,10
+48684662529,8,0,10,4,0,400,10
+48761281853,3,7,17,8,0,300,200
+48583257461,2,7,17,10,20,300,100
+48517974475,1,0,2,4,30,200,200
+48895863249,8,1,6,5,0,300,100
+48956617893,1,9,15,11,0,500,100
+48417376767,6,1,8,3,20,200,10
+48135735182,8,4,13,8,50,200,100
+48459528313,10,3,9,5,20,200,200
+48912533733,5,3,7,5,20,200,100
+48659675149,10,4,5,7,50,300,10
+48519221829,8,5,7,9,0,500,100
+48687118641,10,2,8,6,30,400,100
+48424419539,2,6,16,10,100,300,10
+48646999118,10,1,8,3,50,300,100
+48231814897,1,9,16,11,30,300,200
+48482513829,6,9,19,13,30,200,10
+48417328595,1,0,3,3,30,300,100
+48714891377,6,8,11,12,50,300,100
+48812797428,2,6,8,7,20,200,10
+48258583473,6,5,14,6,50,400,200
+48786397985,8,10,11,13,50,300,200
+48878659481,5,1,2,3,0,300,100
+48378899225,7,10,17,14,0,500,10
+48729212884,1,0,5,4,0,200,200
+48426917936,3,3,13,4,0,200,100
+48229263278,1,7,17,9,50,500,200
+48363536352,7,9,11,10,20,200,10
+48591491584,1,1,8,4,0,500,10
+48448312583,7,3,4,7,0,200,200
+48581294291,10,8,17,11,100,500,100
+48723917372,9,3,12,7,20,500,200
+48663372472,3,10,19,11,100,500,100
+48699195988,10,3,13,6,20,200,10
+48282191116,6,2,10,6,0,400,10
+48823639363,3,6,15,8,100,200,100
+48851266767,2,4,12,8,100,400,200
+48842516667,1,0,1,2,30,200,200
+48532435568,5,0,3,3,30,200,100
+48174919593,5,9,11,11,20,200,200
+48832347753,9,8,14,11,30,500,200
+48282471695,3,10,11,11,50,400,10
+48878216394,5,10,15,14,50,400,200
+48697153744,1,8,10,9,20,500,200
+48812619127,3,1,4,3,0,300,10
+48889725329,3,9,12,12,30,400,10
+48222155731,7,9,13,10,0,400,10
+48599492457,3,9,12,10,20,400,200
+48321796526,7,3,12,5,0,500,100
+48141478187,10,4,8,5,20,200,200
+48977135124,7,3,10,5,0,200,10
+48659395191,5,5,15,6,0,500,200
+48446193144,9,2,7,3,20,400,10
+48719134688,5,5,8,9,30,200,200
+48859689111,0,3,13,5,30,400,200
+48555412531,6,6,9,8,30,200,100
+48183342133,9,4,8,7,20,500,100
+48324443141,3,2,3,3,0,500,10
+48732491369,6,5,11,8,100,200,10
+48223597465,4,4,14,7,50,400,100
+48729263983,0,8,12,10,20,500,100
+48533941426,2,3,5,6,100,500,100
+48688598558,8,1,3,2,0,200,100
+48626956354,3,8,13,10,50,200,10
+48587547744,6,7,15,10,50,500,100
+48126347697,7,1,9,5,50,400,10
+48693154359,6,0,8,3,20,300,100
+48246764658,9,6,11,8,100,300,200
+48494351311,8,4,10,5,20,500,100
+48288553826,5,8,10,10,50,300,10
+48742447288,2,7,16,10,0,400,10
+48988794453,8,8,15,11,100,300,100
+48916212841,5,10,13,11,0,200,200
+48591782647,2,3,9,7,30,500,200
+48883772967,6,9,13,13,30,200,100
+48256179685,1,6,13,8,0,400,100
+48677859495,3,3,13,5,100,400,10
+48372692998,0,2,10,4,30,300,200
+48336379245,7,4,11,6,50,500,10
+48144128438,2,7,9,11,100,300,100
+48176335488,3,10,11,14,0,400,10
+48851871787,0,5,12,8,20,300,200
+48855364841,3,1,5,4,100,400,100
+48536168538,9,7,16,11,100,500,100
+48778359537,7,9,17,12,50,400,10
+48583335313,10,10,12,13,20,200,100
+48983111613,8,2,5,5,50,300,200
+48694984894,8,3,10,7,50,300,100
+48524768481,5,9,12,10,20,200,200
+48129773551,5,10,18,14,0,400,10
+48597911282,6,7,10,11,30,200,200
+48243394817,10,6,12,7,30,300,10
+48232139135,4,8,18,11,30,200,200
+48594419229,2,10,20,12,100,500,100
+48693939615,1,7,12,8,50,500,100
+48267231864,6,7,9,8,30,400,200
+48268219147,4,2,8,3,30,300,10
+48492636935,9,9,18,13,0,500,100
+48239174729,3,3,6,7,50,200,200
+48853226382,4,8,15,10,0,200,200
+48652155136,6,0,2,4,30,500,10
+48593287177,0,9,18,13,30,400,10
+48595157438,2,4,6,8,0,300,100
+48447483645,0,4,10,8,0,300,200
+48616895577,8,3,5,5,0,200,200
+48987595794,9,10,18,12,100,400,10
+48564752435,7,6,11,10,50,500,100
+48157852784,1,0,4,1,0,400,200
+48517965647,5,5,14,7,100,400,100
+48891888525,5,5,13,6,50,200,100
+48974745613,0,7,16,9,0,300,200
+48983254114,3,8,18,10,30,300,100
+48898923849,1,1,11,5,20,200,10
+48649766336,5,4,12,7,50,400,10
+48392334877,7,5,13,9,20,300,100
+48852879437,8,4,10,7,100,400,10
+48349945858,6,6,9,9,30,200,100
+48126456854,9,6,14,7,0,200,200
+48169289722,7,1,2,4,50,400,200
+48756168971,2,10,12,12,30,400,100
+48995296324,4,4,8,8,0,500,100
+48759759949,8,1,4,2,30,400,100
+48272912927,8,4,14,6,0,300,100
+48469755357,8,2,8,6,0,300,100
+48648862433,10,8,9,12,100,200,10
+48995822512,8,1,5,2,0,500,10
+48143827895,4,6,8,10,20,500,100
+48827658677,0,2,7,6,30,400,10
+48971511643,5,4,11,5,50,500,10
+48197159663,7,8,9,12,30,500,10
+48636113258,4,8,17,9,20,200,100
+48655269321,9,2,7,5,0,200,200
+48917562931,7,6,10,10,0,500,100
+48119536773,6,9,16,10,100,400,10
+48295778915,8,9,10,10,30,400,200
+48555237766,4,2,3,6,20,400,10
+48882371331,2,2,7,6,100,400,200
+48263919166,8,3,4,4,0,500,200
+48322441138,1,2,4,6,0,300,100
+48381811421,8,10,16,14,20,400,200
+48476841951,0,10,18,13,0,500,10
+48398259873,9,1,4,3,50,400,100
+48355937538,8,2,11,4,20,200,200
+48783829179,0,2,5,4,0,500,100
+48199442273,9,2,12,6,50,500,200
+48339544958,0,0,2,2,30,500,10
+48894387617,4,8,14,10,30,500,100
+48945549443,7,9,13,11,50,200,10
+48224952743,2,6,9,10,30,400,200
+48952296561,8,6,12,8,20,400,200
+48172847795,0,6,15,9,100,400,200
+48582652233,5,8,18,10,0,200,200
+48972277727,10,6,8,9,100,500,100
+48251337485,4,10,18,13,0,300,100
+48195654391,1,6,9,8,100,300,10
+48936699234,5,7,14,11,0,500,10
+48913247733,0,6,10,8,0,500,10
+48948569847,9,8,17,11,20,200,100
+48752618379,1,1,7,2,0,200,100
+48816562497,0,0,1,1,50,300,100
+48896466594,3,6,12,10,30,300,10
+48359929993,8,8,10,11,50,300,10
+48935793949,7,1,11,5,0,500,200
+48415579383,1,0,2,1,100,500,10
+48486941489,10,9,19,12,100,300,100
+48894439824,1,7,15,9,50,200,200
+48987161613,10,10,12,13,20,500,10
+48724748353,4,3,7,5,50,400,10
+48933417556,3,3,11,6,0,200,10
+48399829738,3,6,15,7,30,200,200
+48826492491,6,9,11,11,50,500,10
+48374723854,3,7,12,11,30,200,200
+48146468143,0,3,4,7,50,500,100
+48838719975,3,2,11,4,100,200,100
+48545468992,1,0,8,2,100,500,10
+48374548194,0,1,9,4,0,400,100
+48494787112,5,9,12,13,0,200,100
+48988424864,8,8,15,11,0,400,10
+48313793532,8,5,9,6,20,300,100
+48123668385,1,8,15,10,20,400,10
+48717882937,2,3,12,7,0,500,10
+48838456431,2,0,9,3,20,500,10
+48543887766,5,0,6,1,20,300,10
+48415189582,1,10,20,12,30,300,200
+48967195988,7,10,12,11,30,400,100
+48254446295,7,1,3,3,30,500,200
+48231522836,8,2,6,6,20,200,100
+48854467393,9,3,6,4,0,300,200
+48328742588,8,9,16,10,50,200,10
+48831938892,3,6,10,8,0,500,200
+48926143939,4,2,6,5,20,300,100
+48155943862,1,7,12,11,50,500,200
+48272611768,5,0,1,2,20,300,10
+48796956565,2,7,15,8,30,200,100
+48892185264,0,5,9,9,30,200,100
+48922168242,2,6,11,9,50,200,200
+48318164349,3,9,19,10,50,400,10
+48122398293,5,2,6,4,0,500,100
+48358694545,3,3,9,4,100,300,200
+48149126651,1,5,8,9,100,500,10
+48265367675,3,10,15,13,100,500,10
+48978383888,5,6,11,9,50,500,100
+48447654326,3,3,4,7,50,500,100
+48136954717,0,4,9,8,0,300,100
+48145843314,5,0,1,1,100,500,200
+48853439526,2,2,10,3,30,500,100
+48791665342,9,3,11,6,50,200,200
+48257283247,8,10,11,14,20,200,100
+48734445518,10,10,15,12,30,400,200
+48376651985,5,0,1,4,30,300,10
+48647394893,5,9,18,12,30,400,10
+48598775361,8,3,4,5,30,400,100
+48141637984,10,4,13,8,100,300,200
+48432791955,5,8,9,9,30,400,100
+48714669574,6,7,15,8,20,200,10
+48827538824,3,2,5,6,20,300,100
+48117684939,7,7,15,10,100,500,200
+48931468221,6,8,17,10,20,300,200
+48113113151,7,8,9,11,50,300,10
+48415376553,3,0,10,1,50,400,200
+48854161562,10,3,12,7,20,300,200
+48965654319,4,5,10,8,20,500,100
+48521646169,4,1,7,3,100,200,200
+48439536712,9,8,9,11,30,300,200
+48264164595,5,9,14,10,100,500,200
+48966936979,1,9,19,10,0,500,10
+48698756384,6,1,6,4,100,500,100
+48481168418,9,1,9,3,0,300,10
+48392145783,1,2,6,3,100,400,100
+48863923415,9,9,12,10,20,500,100
+48414822388,10,10,11,11,30,200,10
+48695912561,1,6,13,7,100,400,10
+48835545897,1,9,18,10,100,500,10
+48651693927,6,10,18,13,100,400,200
+48616612976,8,4,7,8,50,400,10
+48257721456,5,10,13,14,0,500,100
+48145873252,1,5,7,8,100,200,10
+48476882392,9,7,11,10,50,300,200
+48824715892,10,5,6,9,100,300,10
+48639272129,2,6,15,8,30,300,100
+48369347428,5,8,15,11,50,300,200
+48825847198,5,0,6,4,100,400,100
+48431672499,9,8,9,11,50,200,10
+48349272368,0,6,12,8,30,300,10
+48593727458,3,8,14,9,100,500,100
+48612436689,1,4,7,7,0,500,100
+48461722481,6,3,6,4,100,500,200
+48122664946,5,0,5,4,0,300,200
+48712711714,10,1,9,4,100,400,100
+48167744467,8,5,11,9,30,500,200
+48369476288,5,3,4,6,0,400,100
+48354899189,2,5,9,6,100,500,100
+48694396745,9,5,10,8,0,300,100
+48653152134,1,0,7,1,0,200,200
+48686357857,3,2,11,3,30,200,100
+48919742979,1,3,7,7,50,200,10
+48385552248,0,5,9,9,100,500,10
+48734777846,0,4,13,6,30,300,200
+48717134694,6,5,9,7,100,200,100
+48629474241,5,8,18,9,0,200,10
+48267544251,2,6,15,7,0,300,100
+48264991164,10,5,14,6,30,400,10
+48991272234,5,2,8,5,100,500,200
+48153455638,1,2,9,6,50,300,200
+48849747225,7,8,15,12,100,500,100
+48145445518,1,1,6,4,50,500,100
+48614465457,6,8,18,10,0,400,100
+48869528679,8,2,11,6,100,300,200
+48856235158,0,9,19,11,30,300,10
+48914869546,8,0,7,3,100,400,10
+48962198245,10,2,3,4,30,300,10
+48376622314,7,4,14,8,100,300,10
+48753139927,5,9,15,12,50,500,200
+48695869799,4,1,6,4,30,200,10
+48856781127,3,8,18,9,50,500,10
+48797659366,9,1,5,4,20,300,10
+48972262996,3,0,10,3,20,500,10
+48376591586,4,9,17,11,50,300,10
+48714589911,1,1,4,3,20,200,100
+48851827917,2,7,15,10,30,400,10
+48315373687,4,9,14,13,30,300,100
+48134887941,6,2,9,4,30,500,100
+48616386714,5,2,7,4,30,300,100
+48422367932,10,9,19,13,50,500,200
+48646666112,0,5,6,8,0,500,100
+48839214858,6,3,12,6,0,500,10
+48864415884,7,0,3,1,30,500,200
+48298794141,9,1,4,2,20,400,100
+48114819934,6,5,14,8,50,300,200
+48599787436,1,7,15,11,100,400,200
+48468318773,3,3,12,4,50,400,10
+48596289311,1,1,6,3,20,400,200
+48341558942,1,6,13,9,50,200,10
+48398434887,2,0,5,1,0,400,10
+48915168857,9,8,12,10,30,400,100
+48875884754,0,7,8,9,30,400,100
+48521586141,5,8,11,9,30,400,10
+48188499515,2,2,5,3,20,400,100
+48123545656,4,6,15,8,20,500,100
+48953275921,10,7,10,8,100,300,10
+48448986795,2,6,12,10,30,400,100
+48267142359,1,2,9,3,0,400,100
+48593818589,0,6,8,7,20,400,10
+48411725112,8,10,20,14,30,500,100
+48154912864,1,3,5,7,30,300,10
+48373668672,7,1,4,2,50,400,100
+48271467594,4,10,11,12,30,200,200
+48972582878,1,0,1,3,0,300,10
+48579775124,3,1,11,3,20,200,10
+48946871438,6,7,9,9,30,300,10
+48147964134,2,9,12,12,20,300,10
+48749616547,7,0,3,3,100,200,10
+48816978637,9,7,12,8,30,400,200
+48591635684,3,8,10,10,100,200,200
+48318791329,2,9,17,12,30,500,10
+48146183376,2,4,6,6,0,200,200
+48355223423,1,5,8,6,20,500,100
+48171648633,5,10,12,11,20,500,100
+48773169415,8,8,9,9,100,400,100
+48813535931,10,10,15,13,20,200,10
+48178131878,5,0,10,4,50,500,100
+48848326776,3,6,16,8,50,500,10
+48884626489,3,8,15,10,100,500,100
+48189417525,0,10,11,13,100,200,10
+48158723453,7,8,14,10,20,500,100
+48262292719,1,9,15,11,100,300,10
+48376943317,5,0,8,4,50,500,200
+48511595617,7,0,10,2,100,400,200
+48583253653,3,6,16,10,50,400,200
+48487215428,8,6,10,10,0,500,10
+48716116222,2,9,18,13,0,500,200
+48773161658,5,5,9,7,50,500,100
+48899624965,8,10,12,13,50,300,100
+48335683982,0,8,11,9,0,500,100
+48791258964,4,9,19,12,30,400,200
+48425577599,3,3,7,7,20,200,100
+48259916326,3,3,5,4,50,300,100
+48428672737,8,5,6,6,20,300,200
+48736984658,0,7,15,11,0,300,10
+48464927467,0,5,15,9,20,300,100
+48188363966,10,8,9,11,100,500,10
+48534613838,2,10,18,13,100,200,200
+48434371959,8,0,2,1,20,200,10
+48835546377,5,1,11,4,30,500,10
+48828556565,0,2,8,4,50,300,10
+48615944841,2,3,11,7,50,300,200
+48632939552,3,10,11,12,30,500,100
+48936728467,10,3,4,6,100,500,200
+48346997379,7,8,12,12,0,300,10
+48956821536,10,0,9,3,50,200,100
+48574387899,0,7,9,11,50,400,10
+48755467946,4,6,11,7,100,300,10
+48895617337,10,0,6,1,0,500,100
+48988224716,6,1,6,2,0,500,10
+48152164929,9,7,17,11,0,400,10
+48537884789,0,7,17,11,100,400,200
+48347421114,7,4,6,5,50,200,10
+48934622712,5,3,6,5,100,400,100
+48764139928,9,4,12,6,0,300,200
+48443444555,9,9,11,11,30,400,100
+48167286917,1,9,15,13,100,200,200
+48116967426,0,9,16,12,0,200,200
+48184175526,5,7,9,9,100,200,10
+48426918183,8,8,11,12,20,400,200
+48918261681,4,1,9,5,30,400,100
+48618481774,4,3,11,5,50,200,200
+48233798883,5,5,6,6,0,200,100
+48691969889,2,8,16,12,30,300,100
+48426314777,0,2,3,6,50,400,100
+48395728282,9,7,12,11,0,400,200
+48839857841,5,10,20,11,100,500,200
+48737487146,10,1,6,3,20,500,200
+48942924588,1,7,11,9,30,200,200
+48776292157,5,10,19,14,0,500,100
+48585245997,0,5,13,8,30,500,200
+48467986697,0,10,16,14,20,500,200
+48976195224,5,7,11,11,0,500,10
+48126741518,8,0,2,1,50,500,10
+48651551343,9,5,7,9,20,400,10
+48239339818,7,6,16,8,100,500,100
+48965482944,9,6,9,8,20,400,200
+48388472472,5,1,3,5,50,500,10
+48116122355,3,10,18,13,100,400,100
+48838345384,8,4,8,5,50,200,200
+48454192723,4,5,9,8,20,500,100
+48461929211,7,5,15,7,30,400,100
+48676135433,10,3,12,6,50,500,200
+48197398825,3,5,15,7,50,400,200
+48469781978,9,3,10,7,100,300,10
+48957591495,5,7,8,8,30,400,10
+48847661663,10,3,9,7,50,500,100
+48371992269,2,3,6,7,30,400,10
+48577872586,4,5,11,9,100,300,200
+48113652651,2,10,18,14,50,200,100
+48793919323,7,3,10,7,100,400,100
+48479936255,2,8,18,12,100,500,200
+48144643449,5,3,6,7,30,400,100
+48713193227,10,8,9,9,0,200,200
+48989148362,4,0,8,1,0,500,200
+48785677921,7,0,1,3,20,500,100
+48218384135,8,0,5,3,100,500,10
+48388658754,9,1,5,2,0,200,10
+48329162214,5,2,10,4,50,200,200
+48277853354,1,6,11,9,100,500,10
+48737223361,6,8,12,12,0,500,10
+48591852372,7,1,9,3,30,500,200
+48933624983,2,1,11,2,100,500,10
+48154349847,2,0,2,4,20,300,200
+48632782456,1,5,12,6,20,300,100
+48439953973,10,8,16,9,20,500,200
+48198586151,0,10,12,11,100,500,10
+48787133829,0,8,14,12,30,400,10
+48683964772,8,6,14,7,0,200,200
+48721498714,9,7,13,9,50,400,100
+48931151743,9,1,3,5,100,200,200
+48954836287,1,3,9,7,20,300,10
+48117829791,10,2,5,4,100,500,200
+48564143972,9,10,13,13,50,400,10
+48466986897,10,6,9,8,0,500,200
+48211162392,0,8,15,10,30,500,10
+48646955778,7,10,12,14,0,400,10
+48641791922,0,5,15,7,20,500,200
+48241634789,1,5,9,6,100,300,100
+48258369836,3,1,2,5,50,500,200
+48348859588,4,10,18,12,50,500,10
+48271555195,10,1,5,3,30,300,200
+48955939393,6,4,7,8,20,200,10
+48469144249,0,10,11,12,0,300,10
+48755757456,10,4,7,5,100,500,100
+48749641231,5,6,12,10,30,500,10
+48724762547,10,10,12,14,50,500,10
+48237423458,9,0,9,2,30,300,100
+48835811575,8,8,12,12,30,300,10
+48947371892,3,1,5,3,100,400,100
+48599633692,10,7,12,9,50,400,100
+48686514254,9,5,15,9,30,200,10
+48914375766,2,5,14,9,0,400,200
+48227938485,6,8,13,10,30,400,200
+48789447977,3,9,14,11,50,200,200
+48753512175,8,8,15,9,30,200,100
+48247189749,4,1,11,5,0,300,200
+48782242841,10,10,13,11,50,300,200
+48312762982,2,9,10,13,30,400,200
+48533861228,9,0,3,1,0,300,100
+48959921634,9,10,11,11,30,500,100
+48136827379,5,8,14,11,30,200,200
+48965914225,6,4,12,5,30,400,10
+48574545335,6,6,9,8,50,500,10
+48783373523,4,3,8,6,0,400,100
+48845149884,7,5,9,8,30,500,200
+48764233948,5,2,12,4,0,500,10
+48423836595,2,2,9,6,50,200,10
+48272668852,8,7,8,8,30,400,200
+48811549434,0,1,5,2,20,200,200
+48216399157,6,3,7,7,0,200,100
+48646527542,9,3,8,4,30,300,100
+48442438671,3,4,12,7,20,200,10
+48357868145,8,7,8,8,0,500,10
+48325971234,7,7,12,10,30,400,200
+48915648549,9,0,4,3,100,400,200
+48679494974,5,8,9,11,30,500,10
+48352262697,0,9,19,11,20,400,10
+48788499282,8,9,17,13,30,500,200
+48413415973,9,10,19,14,0,400,100
+48635368553,3,1,9,2,0,200,200
+48638112551,4,9,12,13,50,200,100
+48439339313,10,3,12,4,30,200,10
+48953854424,2,10,14,12,20,200,200
+48795914731,7,5,15,8,100,200,100
+48595216811,6,5,11,8,50,200,10
+48467416651,0,2,6,4,30,300,100
+48676934518,4,10,15,13,50,300,10
+48916934649,4,4,12,5,20,200,200
+48757528653,1,2,12,5,30,500,10
+48844783391,7,3,7,6,30,400,200
+48158436533,5,9,10,10,30,200,200
+48955751632,5,9,12,12,100,500,100
+48235875771,3,0,3,4,30,500,200
+48329947728,4,7,9,11,30,400,10
+48889999453,10,8,9,12,30,400,100
+48362946428,3,8,13,9,50,200,100
+48554785136,6,8,12,11,0,200,100
+48712534651,6,7,10,8,20,500,100
+48785818284,7,1,10,5,0,400,200
+48117783381,5,10,20,13,30,500,200
+48727694298,10,9,16,13,30,500,200
