+48532328779,1655,4,850,3028,100,200
+48985595956,551,13,758,2268,150,200
+48353627281,370,13,161,811,150,500
+48926697552,1726,17,168,2049,100, 
+48966153669,940,9,186,1502,250,300
+48234194294,1579,5,643,2513,50,500
+48916765272,1423,5,419,3248,150,500
+48484251925,988,15,798,1894,150,500
+48388399565,1038,9,900,2311,150,300
+48226226591,1294,6,805,2210,200,200
+48259916553,1197,5,508,2072,250,200
+48495439526,1287,1,474,2009,50,500
+48336875998,1458,14,275,2307,20,400
+48657437168,632,4,647,2247,30, 
+48635267848,1284,2,512,2888,250,200
+48783658237,773,9,644,2479,50,500
+48349643295,906,11,712,2064,30,500
+48771812228,970,2,53,2938,20, 
+48959751359,682,11,361,1308,150,400
+48812383737,475,10,664,1923,100,500
+48971856972,735,10,447,1603,30,300
+48349935974,880,3,475,1988,100, 
+48493385842,698,14,232,1775,100, 
+48235642351,1669,9,820,2973,200, 
+48823575559,1724,12,667,3511,250, 
+48583221593,1229,16,854,3121,20,200
+48745983434,194,0,435,2135,200, 
+48425446185,102,0,477,1439,200,400
+48419923116,501,16,800,1852,30,400
+48679213259,1752,8,548,2794,250, 
+48848248176,1855,9,649,2954,250,200
+48136573578,629,9,356,1356,250,400
+48358828134,1664,7,370,3272,20,500
+48547418329,573,7,330,931,30, 
+48487156963,768,1,908,1981,200,500
+48857385784,963,2,437,2068,20, 
+48792398338,991,2,111,2075,150,300
+48464953535,390,7,49,1017,30,500
+48543484673,451,6,497,2066,250,400
+48231612197,1268,14,713,2463,30,300
+48592796532,1180,12,151,1965,150, 
+48883164582,1750,9,851,2907,150,300
+48554994972,967,11,797,2777,30,200
+48357718392,450,7,243,2233,250,500
+48432849648,43,14,42,617,100,200
+48428236779,1796,1,204,3396,30, 
+48436228646,1839,4,240,3629,50,200
+48278634883,1433,8,850,3035,20,300
+48188688819,1541,1,285,3447,20,400
+48936137945,1415,11,363,2431,50,500
+48447183148,1470,18,422,2213,150, 
+48822874817,89,12,607,1140,200,300
+48529488813,972,19,642,2152,30, 
+48229668172,1999,17,404,3826,250,400
+48462559454,1283,12,166,2185,30,200
+48289288494,1582,17,749,2832,150,500
+48553536343,662,13,739,2297,200,200
+48871563693,911,18,973,2581,250,400
+48927746716,1642,11,659,2363,150,400
+48659414939,1637,1,58,2762,50,400
+48262445212,1210,0,749,3021,250, 
+48562713389,910,18,664,2259,100, 
+48886679333,1116,11,642,2954,50,200
+48622334339,1000,1,865,1944,30, 
+48915442918,385,14,751,2111,100, 
+48744362552,34,0,99,1243,100,300
+48792427181,1816,4,100,3680,30,200
+48915933829,1834,8,255,2420,200,400
+48725286729,114,6,427,617,20,200
+48496736921,1280,2,763,3171,200,300
+48127146839,437,10,879,2228,20,500
+48394846437,680,17,902,2081,50,500
+48846537254,1430,14,251,2843,200,500
+48465419215,1386,10,280,2519,30,500
+48157429258,504,14,209,2159,100,500
+48269831119,60,9,203,1550,20,200
+48287525472,1657,4,257,2105,20,400
+48893657584,1081,8,966,2078,200,500
+48418171374,161,16,286,1635,200,500
+48165475485,1206,8,361,2038,50,400
+48526117638,1647,3,224,2140,200,400
+48288799571,378,13,671,1889,200,400
+48813264745,1478,17,496,2065,200,400
+48845173494,1217,15,537,2750,30,500
+48977267742,1245,1,833,2228,250, 
+48138579596,1175,2,85,1501,20,300
+48466286236,1548,3,456,3221,200,200
+48183387299,1161,17,85,2206,150,500
+48976977877,165,8,594,2002,200,500
+48155627436,1416,9,394,2950,50,200
+48535157789,960,19,517,1712,200,200
+48249569386,1293,8,270,1821,200,200
+48858769328,1919,12,683,3163,50, 
+48122734975,627,10,71,705,20,200
+48454479788,1372,1,805,3119,250,400
+48854552333,1692,5,61,3690,250,400
+48529895127,1619,2,228,2903,250,300
+48532175923,900,19,163,1437,30,500
+48343199692,1341,5,122,2643,150,200
+48235532224,1082,9,57,1482,50,300
+48699333181,208,18,787,2097,150,300
+48269388952,630,6,1,2053,150,500
+48383957147,876,8,908,1801,200,500
+48989368543,19,18,189,1383,50,500
+48743958136,1615,16,560,3579,50, 
+48965316756,1550,10,316,2248,150,200
+48788761858,887,6,816,2825,20, 
+48898768576,1657,19,141,2518,20,400
+48945823186,332,14,116,1599,100, 
+48739218135,1482,9,63,2286,20,400
+48619239564,1979,15,923,3125,20, 
+48844767674,1356,16,375,2663,250,300
+48212169272,1540,10,175,2799,100,400
+48645164255,1459,3,585,2149,250,400
+48738626837,893,16,528,1768,100, 
+48613687269,452,1,409,1543,20,300
+48371779787,944,4,907,2177,20,300
+48212112394,776,15,345,1736,100,500
+48896151595,1709,4,235,2807,250,200
+48211745952,396,11,114,1220,100,300
+48452957842,224,5,561,1003,100, 
+48251217684,270,1,4,1365,30, 
+48588565688,782,6,876,2364,50,500
+48718548168,1395,8,554,2511,150,500
+48644499211,1305,1,624,2886,250, 
+48774984431,1748,14,307,3549,30,500
+48689511516,886,2,678,2484,20,200
+48275271251,1161,0,499,2638,50, 
+48817986949,661,13,897,1908,50, 
+48789923834,630,10,570,1234,100,300
+48621199742,1821,10,420,2703,20,400
+48573592498,1664,17,572,2474,150,200
+48166783691,781,13,966,2349,50,300
+48993985948,1160,19,402,2572,200, 
+48848416872,398,17,196,2038,200,300
+48651663923,1253,4,993,2390,100,500
+48592632135,51,11,644,835,100,200
+48874399843,751,9,246,2487,50,300
+48875622641,1742,13,251,2989,200,400
+48146245127,610,14,761,1744,50, 
+48934984121,512,13,985,2224,30,400
+48834181726,6,11,649,1929,100,500
+48923986196,901,8,785,2703,200, 
+48476523715,1482,8,55,2100,30,200
+48984683184,1939,1,162,2417,50,200
+48181947534,1192,10,191,2598,50, 
+48313563933,1130,4,89,1906,150,200
+48669485712,1546,12,248,2173,250,300
+48233596333,1530,8,162,2230,200,200
+48668866871,1533,14,393,2900,100, 
+48545213426,1488,18,570,2090,200, 
+48619348985,1937,5,974,3228,30, 
+48187458423,929,19,557,1490,100,500
+48491873788,1826,13,805,3557,50,500
+48893978951,1598,10,516,2705,150,300
+48368929414,1884,13,756,3128,200, 
+48322165228,757,17,57,1823,30,200
+48179986692,356,2,104,1840,200, 
+48564215551,652,0,270,2380,200, 
+48246279988,49,19,841,1347,200,200
+48219411987,1729,8,676,3558,150,400
+48518544239,1178,19,643,3070,50, 
+48466191394,700,16,73,2127,100,300
+48597227244,480,4,939,2292,150,500
+48285219377,1514,13,971,2855,20,400
+48746548933,1029,13,222,1815,20,500
+48973617971,424,4,944,2242,30, 
+48399763242,94,13,926,1719,100,300
+48866548322,1621,8,601,3421,200,200
+48333228871,154,1,947,1262,50,300
+48538928548,495,10,531,1512,250,200
+48291363739,369,4,215,1321,200,300
+48885496322,817,18,95,2447,30,300
+48932454648,1490,13,616,3302,150,300
+48116158722,1607,3,825,3381,200,500
+48889373585,580,1,322,2533,200,200
+48792368589,855,11,328,2106,30,300
+48612777913,607,2,912,2112,50,200
+48832557715,511,11,20,2506,50,300
+48387278629,298,4,42,601,250,300
+48782475222,1182,18,913,2453,250,500
+48831122834,1402,15,770,2645,200,200
+48478778913,1194,7,556,1970,100, 
+48435974996,610,1,881,1875,100,500
+48983413382,993,8,817,2125,50, 
+48312684345,1078,11,411,2570,200,400
+48946384467,1369,2,238,1892,20,400
+48816436957,1184,14,461,1912,50, 
+48916426476,121,14,625,1656,200,400
+48111357318,966,13,674,2141,150,500
+48534179759,1872,8,972,3509,20,400
+48339561944,540,10,543,2227,250,500
+48692915941,419,18,295,1571,250, 
+48229116464,1443,17,348,3172,50, 
+48337981667,88,1,577,1497,30,300
+48756682753,1225,8,433,3122,30,200
+48621622741,1824,17,760,2676,250,400
+48416748515,1728,16,934,3537,20,400
+48368631213,336,16,414,2265,150,500
+48473353859,1620,17,632,3090,100,200
+48231599187,982,12,993,2412,50,400
+48255315437,319,6,302,989,20,200
+48162631286,1052,6,279,1872,100,500
+48856457218,135,13,560,1155,250,400
+48981136516,834,15,429,2271,100,500
+48948557627,1558,11,852,2420,50,200
+48436362777,596,8,822,1882,200, 
+48934882592,389,3,132,884,20,300
+48565179843,1002,13,288,2852,100,300
+48346655577,1960,1,395,2480,50,500
+48656139198,546,16,39,1254,250,200
+48411352892,576,1,744,1671,30, 
+48724878727,1605,0,142,2942,50,300
+48584362931,315,19,473,1154,150,500
+48427432354,1927,12,432,3523,200,500
+48589166459,693,8,236,2125,20,500
+48994627812,1903,12,762,3861,30,500
+48484454945,511,6,847,1389,200,200
+48436174789,775,5,99,1662,30, 
+48558448981,569,13,827,1670,20,200
+48948786318,571,19,701,1750,50, 
+48388734317,1517,18,575,2401,20,300
+48571937447,986,13,927,2359,200,200
+48331523928,619,3,131,1472,200,500
+48726342298,564,14,876,1931,150,200
+48778633879,724,2,953,1788,20, 
+48369293784,229,8,601,1866,100,400
+48773441296,1214,7,949,2342,200,200
+48318531486,1961,2,109,3878,30,200
+48528423852,360,7,20,1669,200,400
+48822926144,1450,9,373,1958,20,500
+48579732378,1586,17,621,2973,50, 
+48684163544,1002,19,708,2117,30,500
+48653641317,219,16,679,1830,50,500
+48186192456,1573,2,353,3089,20,300
+48347427332,613,15,925,1934,100,400
+48873876449,1283,3,25,2489,250,300
+48228987316,334,19,765,1528,150,400
+48787863976,1701,2,624,3407,20,200
+48212498745,548,8,737,1818,50,200
+48433992531,660,14,483,1812,150, 
+48859934676,1388,11,700,2755,20,300
+48682932141,414,3,559,1638,200,400
+48593641524,1312,14,879,3069,20,400
+48723137554,1555,0,499,2445,30, 
+48974542386,1816,12,470,2477,150,500
+48395475279,1865,17,482,2635,150,500
+48115418233,908,12,854,2044,20,400
+48451436279,1067,17,208,2144,50,200
+48213947498,1544,19,231,2496,50, 
+48613397579,1545,10,286,2493,250,200
+48437324631,1234,4,317,2407,30,300
+48167295589,433,0,976,1933,30,400
+48993166923,1356,17,515,1981,50,200
+48242526893,1203,2,276,3046,250,200
+48962445317,636,5,19,1205,250, 
+48962599153,1168,12,65,2561,20,500
+48356671913,1594,14,599,2424,50,200
+48756985413,1863,17,182,3451,200,300
+48997171986,898,8,965,2775,250,400
+48798312593,953,8,540,1813,30,200
+48511289682,1484,15,569,3282,100,200
+48314486356,467,14,155,1386,100, 
+48254873929,1064,6,520,2578,30,200
+48458391965,445,15,394,1152,20,500
+48939292561,430,11,2,1559,100, 
+48579975139,994,18,685,2826,250,400
+48686333241,531,4,659,1486,50,200
+48849898954,1276,8,798,2089,150,300
+48724697852,1174,19,485,3135,30,400
+48551516375,1173,14,404,1871,30,200
+48212445249,1999,13,771,2982,250, 
+48393332494,661,7,486,1604,50,500
+48359644485,863,10,938,1926,150,500
+48567166267,341,4,52,888,150,400
+48413425713,1493,8,756,3358,50,400
+48342716393,1236,17,123,2659,50,300
+48364689136,156,1,489,771,20,500
+48377365547,1705,12,634,2579,50, 
+48944193355,252,15,107,2230,20,300
+48739885923,1545,1,348,3279,30,400
+48177759944,318,14,711,1821,30,500
+48686779525,1258,14,327,2701,50,500
+48377299531,121,3,389,2096,20,200
+48178834921,579,8,777,1466,30,200
+48489632451,690,10,104,1991,20,400
+48449351174,317,2,679,1158,250,400
+48778571495,827,15,866,2706,200, 
+48224318933,1888,9,52,3375,100,500
+48615488643,1246,3,460,2080,150,500
+48475127729,301,5,799,2222,50,500
+48937484811,1599,2,818,3070,150,400
+48225237231,120,9,732,1100,20,500
+48219323657,1559,18,583,3305,30,300
+48582588649,826,15,865,2320,100,400
+48759989946,488,2,562,2275,50,300
+48754627741,1004,2,668,2489,250,300
+48939316831,139,11,582,1283,30, 
+48546562178,1486,8,537,2333,200,400
+48299218121,75,4,672,1721,20, 
+48395639916,889,19,572,2069,250, 
+48854115922,1260,11,141,1467,200, 
+48249685544,32,17,465,1762,150,300
+48649537174,757,8,593,1407,50,500
+48818494363,1392,17,758,2704,50,200
+48576485538,1609,16,760,3438,250, 
+48414931688,1996,8,555,2894,30,200
+48999992816,126,3,758,1045,150,300
+48684527744,1488,7,542,2092,100, 
+48938967417,1161,11,793,2491,20,200
+48918476156,69,1,788,1791,250,300
+48137842685,1152,15,46,2062,250,500
+48624229838,1654,2,311,2638,20,200
+48692131598,1581,19,275,3319,20, 
+48793522382,955,5,957,2767,50,500
+48341389497,891,15,646,2847,150,300
+48961487352,713,3,365,1236,200, 
+48399192452,98,17,761,1873,30,200
+48771999491,845,8,224,2671,200, 
+48138432766,334,6,446,2014,20,500
+48275475271,1413,1,190,3049,20, 
+48635913174,1157,11,470,2100,100,300
+48164915795,795,10,820,2320,20,300
+48593882838,1924,9,385,3258,250,300
+48945346773,815,14,808,2071,30, 
+48732316118,159,8,753,1406,250,400
+48895921313,873,7,912,2621,150,300
+48149823716,1307,6,495,2566,200,400
+48416659469,1635,19,249,2270,20, 
+48733421516,582,9,430,1435,200,500
+48457533632,850,13,611,1800,200,500
+48294114748,586,14,69,1364,20,500
+48248326454,1263,0,763,3109,20, 
+48525711392,1818,0,839,3008,100,300
+48535765563,1909,2,825,3454,250,300
+48623984362,342,16,31,1420,250, 
+48849961232,1584,13,225,3494,250,300
+48272218419,827,4,586,1942,30,500
+48538327241,362,7,319,856,200,400
+48377733151,665,14,388,2393,200, 
+48673281121,531,18,225,1202,200,200
+48564217328,1241,17,82,3102,250,400
+48864657818,3,19,286,709,250,400
+48239576892,1161,3,823,2323,100,300
+48453379236,1998,1,128,2154,20, 
+48614957776,1049,2,701,2704,30,300
+48427234449,1142,3,696,2214,250,200
+48935786443,1852,3,182,2476,20,200
+48627486358,1234,6,675,3058,150,500
+48652255614,962,7,857,2941,100,200
+48978764485,1955,18,701,3364,200,400
+48315323879,1704,15,770,2918,200,200
+48819286572,630,12,788,1786,20,400
+48225882596,1368,1,268,1716,20,500
+48121253561,1752,3,599,3035,30,400
+48124436112,1461,1,290,1771,30,400
+48762742198,1310,8,861,2789,30,400
+48687877685,129,7,39,505,20,400
+48768879832,799,9,203,1315,100, 
+48726934946,165,6,307,2099,50,300
+48136334548,1154,9,348,1997,100,200
+48142238896,585,8,44,1447,250,200
+48376493438,783,13,325,1980,50,200
+48162633762,1202,4,222,1749,200,200
+48712284826,1032,16,443,2823,20,500
+48538312257,1088,15,515,2793,20,500
+48551436929,1547,6,623,2629,20,400
+48517372373,1967,15,900,3710,20,300
+48899216272,1930,9,2,2469,50,300
+48712474488,1831,17,948,3356,150,500
+48368526822,979,17,726,2953,30,500
+48695316766,1363,8,204,3005,250,300
+48276795574,1441,7,272,3393,200,300
+48724311428,1673,9,53,1835,200,300
+48787412228,1698,0,287,3061,200,300
+48518164545,1277,2,171,2602,20,500
+48529165857,180,3,440,1143,30,200
+48364872583,696,11,840,1801,30,300
+48456856749,1580,10,321,2781,150,200
+48746632184,1027,11,926,1962,200,400
+48334398445,443,15,798,1625,200,400
+48852141782,1426,19,536,2552,200, 
+48988391342,393,11,958,2304,100,200
+48777297992,920,13,506,2146,30, 
+48159914268,1401,13,259,1846,30, 
+48664842871,704,16,493,2678,200,400
+48418314995,963,9,192,1603,250, 
+48279511933,50,15,249,1663,150,300
+48833429555,1873,1,830,3725,20, 
+48128929457,64,16,548,899,200,200
+48813764937,878,11,161,2797,50, 
+48839685343,612,14,475,1324,150,300
+48545681526,1075,4,704,1865,200,300
+48733591424,1231,18,574,1855,150,500
+48135118436,1070,2,403,3017,250,400
+48594789452,704,18,384,1520,150, 
+48196643212,881,14,952,2713,30, 
+48414488218,304,4,413,1150,250, 
+48847326645,1257,9,674,3159,20,500
+48836768651,612,5,204,2598,200,400
+48324231381,578,12,728,1306,50,200
+48869894951,416,9,53,594,100,300
+48716136564,183,17,891,1690,100,400
+48628716523,1854,18,262,2185,100,500
+48168889855,108,8,508,1542,150, 
+48729353852,546,3,659,2247,100,400
+48638257447,303,5,993,1410,150,400
+48137544974,1559,1,3,2924,150,400
+48795649583,390,19,360,2275,200,300
+48446264247,705,18,296,2433,30,500
+48265117479,412,19,764,1331,100,400
+48412326254,1637,5,87,2904,100, 
+48536272225,710,18,410,1406,200,500
+48147641798,1764,5,740,3689,20, 
+48794961721,578,11,489,2107,100,400
+48785733696,1111,1,324,2748,20,400
+48952671729,209,5,752,1773,30, 
+48871356347,455,14,761,1742,30, 
+48156734491,1975,19,1000,3681,30,500
+48934444768,1032,16,516,1977,250,500
+48469478957,231,15,628,1351,100, 
+48741679892,1042,14,916,2204,250, 
+48319782578,903,5,897,2508,20,500
+48878982627,83,4,214,1164,200,300
+48997886752,128,17,26,1598,30,500
+48166327547,878,2,956,2577,100, 
+48119112698,375,18,971,1603,150,500
+48458372525,1798,16,282,2658,200,200
+48158141143,1759,13,315,3564,50,300
+48823338865,653,12,748,1998,50,400
+48958445973,1940,4,40,3401,200,300
+48442537218,468,0,529,2373,250, 
+48718497739,1355,8,676,2578,30,200
+48922616648,569,2,787,1390,200,400
+48996852768,1210,5,961,2319,30,400
+48516854441,746,18,63,1435,50,500
+48755279698,1814,15,536,3062,200,300
+48729976278,185,6,44,1552,200,300
+48786995213,568,0,420,2165,30,500
+48657453225,63,13,55,1989,100,300
+48456892847,834,19,683,2769,150,400
+48411778613,1766,13,378,2181,250,500
+48972631729,1012,16,382,2865,100, 
+48693565982,748,13,789,2076,200,300
+48428455557,957,19,340,1435,250, 
+48813926848,1812,1,18,2591,100, 
+48715494297,633,5,352,1851,50,500
+48386552288,166,9,791,1524,200,300
+48593697364,940,1,217,2128,150,400
+48629214247,543,5,976,2433,150,500
+48926128418,210,17,358,1305,200,200
+48925292836,1396,1,655,2288,100, 
+48665963729,915,15,652,2711,150,300
+48144782135,844,12,123,2751,30,400
+48784496219,183,14,401,1422,30,500
+48619116682,961,14,9,2660,150,200
+48129846385,41,9,822,1363,50,300
+48419352144,1547,8,63,3043,30,300
+48422614366,406,12,154,596,150,400
+48994272126,1926,5,22,3259,100,300
+48628527855,817,0,861,2487,200,500
+48978175824,462,10,825,1432,250,400
+48778949546,163,6,921,1438,150,400
+48466524967,1655,4,513,3525,200, 
+48639878133,262,10,703,1464,100, 
+48556893326,855,4,128,2562,20,200
+48427885176,1687,17,978,2996,30,500
+48571397138,435,8,93,2168,20,200
+48381616876,1969,14,814,3423,20,300
+48123877593,8,7,155,329,250,200
+48543128117,1252,7,584,3207,250,500
+48649498623,1270,0,256,2642,30,300
+48932832683,1798,17,357,2262,30,400
+48998896134,918,12,982,2886,20,200
+48961839685,398,14,280,1991,150, 
+48517669723,725,7,13,1574,50,500
+48171674876,1532,12,511,3259,50, 
+48927536858,1266,4,149,2973,30,200
+48336257745,1365,17,589,3204,200, 
+48876997854,52,14,702,1249,150, 
+48652389769,581,9,768,1536,30,400
+48484692815,207,17,384,1962,100,300
+48697733692,1474,11,110,2878,150,200
+48882227437,1968,16,46,3579,200,300
+48592194931,136,17,511,867,100,200
+48978476314,815,1,207,1286,100,500
+48585426915,571,15,393,1810,50, 
+48949725984,353,18,994,1495,200,500
+48888212291,1192,17,647,2998,100,200
+48821266567,14,19,323,1921,150,400
+48941963141,966,15,880,2222,100,200
+48778312282,1399,6,922,2532,30,300
+48947341771,687,9,552,1706,50,400
+48741532395,1207,1,470,1867,30,300
+48869471212,284,17,616,2034,100,500
+48412434149,1478,11,610,2238,250,200
+48499134558,731,11,853,2492,30,500
+48553926893,1520,2,755,2863,20,400
+48288791967,1560,17,710,2351,20,200
+48474855642,1477,13,227,2018,50,500
+48139497774,991,13,898,1985,50,500
+48528867419,1779,14,714,2819,200,300
+48519347467,257,8,434,2092,20,200
+48643584599,698,13,426,2452,150,500
+48432181454,225,4,623,2030,250,500
+48137462727,809,2,741,1744,100,400
+48625444942,966,0,581,2942,150,200
+48525952974,1113,9,645,1779,250,300
+48346567886,1293,18,997,2902,150,200
+48231821763,574,8,510,1141,100,300
+48335671961,1992,8,746,3559,100, 
+48252342958,257,11,416,2242,250, 
+48726232814,367,9,329,1265,20,300
+48785592799,782,5,334,1787,100, 
+48259793743,1886,2,711,3609,100,300
+48727616824,135,15,290,1181,200,200
+48523597434,1619,12,1000,3137,20,200
+48834452461,1801,4,629,3694,50,500
+48112523352,494,9,299,1564,20,300
+48384574628,368,10,62,1277,20,500
+48356114921,1189,14,815,2698,100,500
+48944885222,376,1,351,1844,50,200
+48773393228,1110,8,49,2473,150,400
+48381246866,1703,5,951,3441,250, 
+48452262545,860,13,445,2543,50,200
+48455576611,1254,19,974,2540,200,500
+48527236487,883,0,707,1766,30,500
+48887868223,1773,6,379,2364,250,200
+48641489848,1398,18,85,3000,100, 
+48543684272,594,3,562,2388,20, 
+48258529198,300,15,652,1843,200,300
+48844235393,1930,9,977,2988,30,300
+48198967772,1964,17,458,3716,150,300
+48893177477,1884,1,634,3233,50,400
+48359346669,1794,1,665,3780,100,400
+48661379975,4,5,707,1902,250,200
+48666574785,736,4,390,1899,20,400
+48588359431,337,13,857,1316,200,200
+48821352795,1562,9,818,2612,250,200
+48949414889,200,12,790,1732,50,400
+48283951575,1281,0,242,2518,200, 
+48581443394,1028,4,861,2074,50,300
+48793478255,1464,19,674,3062,100,500
+48361168927,1840,4,235,2258,30,300
+48873887513,267,7,449,2266,20,200
+48315577447,1080,12,534,2302,30,500
+48993583671,517,9,646,1632,50,200
+48625451744,397,16,646,2302,20,200
+48497548718,1713,16,363,2285,150,400
+48777474883,1157,1,588,1814,50, 
+48646785275,393,8,383,1721,200,200
+48638932867,691,4,258,2071,200,500
+48965842328,1624,18,599,3559,250, 
+48189453934,747,4,815,2169,20,200
+48374699664,1484,14,759,2273,150,400
+48296684521,535,3,170,843,20,300
+48741515991,1286,13,318,2720,200, 
+48961823621,1170,8,567,2471,150, 
+48112789886,79,10,119,2024,250,200
+48288752287,1433,5,528,2958,200, 
+48259948612,1963,18,381,3240,100,500
+48158835139,885,5,69,1375,250,500
+48337198329,1883,4,999,3013,20,300
+48264967788,476,6,828,2158,50,300
+48485119616,1620,3,171,1860,50,200
+48446483881,1915,3,952,3506,30,300
+48845596421,419,3,429,1585,20,500
+48337947662,1813,17,891,3328,20, 
+48362692317,1077,13,360,1930,150, 
+48835368396,1321,5,605,2409,50,300
+48388698875,1779,1,731,2896,20,400
+48558679336,1682,5,810,3032,100,500
+48264132435,171,14,643,836,20,300
+48631439848,1656,13,415,3064,30,500
+48826646944,1998,3,80,2851,150,400
+48728299561,1297,13,37,2363,200, 
+48825114325,474,12,890,1773,100,500
+48583461848,1159,0,619,2247,200,400
+48182673128,1011,1,79,1652,50, 
+48526177495,168,8,838,1139,100,400
+48643213582,39,2,140,823,100,500
+48827442638,312,1,944,1862,200,500
+48674239875,1926,9,492,2483,100,300
+48895545862,936,15,649,1630,150,400
+48282837574,1702,8,277,3520,20,500
+48584411583,198,7,840,1884,20,200
+48342612924,1775,9,713,2569,30,400
+48127879851,1103,4,374,2851,30,200
+48667676339,1856,9,387,2904,250,500
+48597148425,600,18,168,1099,100,500
+48117971221,1280,3,776,2520,150,300
+48452246692,607,7,596,1498,30,500
+48335124215,373,2,588,1478,250, 
+48918187586,516,13,442,1354,200,500
+48969772982,322,9,932,1539,20, 
+48877845458,1249,13,586,2830,30,500
+48183691176,422,2,748,1628,200,300
+48658724158,320,4,693,2258,50,300
+48229388863,335,0,887,1488,100,500
+48615925385,491,4,431,1646,200,400
+48235256458,1761,2,300,3067,200,200
+48414766663,1832,0,68,3550,20, 
+48529699284,85,8,132,366,100,200
+48938127613,1161,11,677,3059,20,300
+48744528999,928,7,546,2061,30,500
+48123285277,810,15,754,2685,150,300
+48516385884,1416,14,795,2509,250, 
+48964241587,576,3,958,1913,50,300
+48371244458,1013,18,709,2619,50,300
+48924672333,334,3,965,1432,150,200
+48191539951,998,18,908,2256,250,300
+48625443359,1806,9,691,3384,30,400
+48485164254,512,17,815,1865,20,400
+48194947854,835,5,485,2410,200,500
+48312741751,1993,8,699,3290,20,400
+48336177939,1169,12,734,3019,50, 
+48748474157,1231,5,775,2536,250,300
+48115317928,1156,17,301,1876,30,400
+48364341616,911,8,768,2246,150,400
+48396667818,292,18,560,854,50,200
+48712762246,1428,13,712,3408,200,400
+48196138189,1650,19,74,3172,20,500
+48594262475,1476,13,619,3109,150,400
+48655762223,108,13,558,1152,20,200
+48593574356,311,10,449,1776,250,400
+48459627124,1994,19,538,3798,100,300
+48712881821,1317,1,784,3034,200, 
+48513334583,12,0,187,1150,150,300
+48261593934,1205,1,446,2499,100, 
+48781321638,1266,10,449,2333,100, 
+48416671398,306,6,359,1289,200, 
+48719634645,601,0,360,2013,30,200
+48435641995,431,2,135,1869,250,400
+48953675142,718,15,689,2448,250,300
+48117715638,1430,14,267,2396,30,200
+48676651114,119,2,901,2075,20, 
+48966223637,344,6,262,843,20,500
+48133755679,1064,4,574,1941,200,500
+48771423596,1330,13,945,3209,150,200
+48138347317,514,17,745,2180,100,300
+48998224776,362,9,373,1268,150,200
+48926481314,1475,7,231,2781,20, 
+48657688847,712,3,697,2363,150, 
+48515175145,294,10,255,2230,150,200
+48549874489,1643,14,908,3235,100, 
+48465516177,323,15,697,2097,20,200
+48393771649,481,14,890,1422,200, 
+48291963721,384,1,221,2368,50, 
+48992568349,517,0,476,1519,30,500
+48965147438,1172,14,353,3126,20,300
+48856898267,119,7,94,2078,50,400
+48619915185,1309,5,688,3110,100,300
+48228945555,1990,2,50,3789,250, 
+48774533426,186,1,835,1356,150, 
+48399571922,1189,10,86,1742,200,200
+48657545448,1223,16,127,1355,100,500
+48412186561,1871,7,486,3320,100,400
+48223785857,534,16,234,935,20,500
+48394349989,811,5,480,1689,150,500
+48981175553,1934,19,482,3921,150,400
+48542717948,1442,14,111,2297,250,200
+48692448924,1483,13,975,3452,250,400
+48248871932,730,11,583,1461,50,200
+48373338165,1229,16,987,2462,150,400
+48652577933,101,18,119,1244,50,500
+48599293883,1134,9,442,2587,50,300
+48793852541,1510,7,935,3338,250,500
+48942795411,621,10,137,1165,150, 
+48989644446,1721,4,717,3158,250, 
+48712873769,647,15,673,1678,20,400
+48519257899,1836,16,139,3720,30,300
+48132446591,993,3,345,1520,250,300
+48784235398,106,14,303,409,100,300
+48638419919,416,7,78,999,20,500
+48528795141,143,1,881,1383,250,500
+48279499794,761,1,321,1134,150,400
+48375957737,79,19,717,1716,20, 
+48741529495,706,0,63,1521,30,500
+48328114423,1363,15,315,2983,50, 
+48513364152,593,10,313,2231,200,400
+48195459557,398,13,191,598,200, 
+48698251315,1660,10,605,3629,200,500
+48558671658,1042,9,795,2833,200, 
+48257195644,198,11,326,1349,100,300
+48792155953,1984,18,111,3229,50,200
+48285749516,632,8,71,1508,50,300
+48253283825,1125,13,181,1577,100, 
+48898548921,528,19,999,1794,30,300
+48958917513,1512,9,409,2627,30,200
+48212766419,1588,8,330,2625,20,500
+48694587491,765,13,641,2342,250,200
+48754517358,1062,0,378,2559,250,200
+48766935352,462,13,867,2294,30,200
+48928929674,1880,6,327,2826,150,200
+48935715794,1372,3,140,1590,50,300
+48685216252,247,7,471,1487,50,500
+48737319339,1435,7,165,3416,250,400
+48758474671,509,2,667,1449,30,400
+48131379214,1238,19,156,1615,30, 
+48894128525,928,16,626,2688,200,300
+48182434212,1203,17,517,2809,100,400
+48875667422,1105,6,583,2924,30,200
+48154616273,11,18,75,196,20,300
+48442895399,535,1,368,2404,200,200
+48359572715,1273,3,191,2314,250,500
+48756314615,1378,2,38,3356,100, 
+48977825929,1874,16,300,2722,20,500
+48417949889,796,2,811,1960,200, 
+48511665134,600,14,85,1190,20,500
+48357684323,68,16,120,395,150,500
+48137912978,1722,13,442,3331,200,300
+48239383925,108,1,231,2059,200,200
+48743839377,1042,16,800,2345,250, 
+48519337188,1484,15,215,3364,250,300
+48753515763,296,18,818,1380,150,400
+48855555826,1834,0,192,3581,50,300
+48847757992,189,2,298,589,100,500
+48783477681,1177,15,328,2837,250,400
+48452364579,1215,15,264,2765,250,300
+48387955926,615,10,515,2343,200,400
+48866745698,236,7,935,1274,100,300
+48147284595,1632,13,596,3051,30,400
+48751356567,765,9,546,2443,30,400
+48361528629,418,19,496,1388,30,400
+48124522379,796,8,302,2259,200,300
+48623131493,1393,19,590,3334,100, 
+48844398275,307,1,851,1371,50,400
+48174486686,1939,0,629,2629,20,200
+48978967247,629,7,84,1594,200,500
+48612598843,740,16,827,2645,30,200
+48981195119,559,19,579,2536,100,500
+48711299994,1666,16,581,3265,100,300
+48916719136,843,2,680,2428,150,500
+48913645449,1721,12,327,2579,20,200
+48838171241,791,2,616,2282,250,200
+48925614619,1487,15,301,3222,30, 
+48587292271,1956,4,935,3584,100,300
+48777457721,1411,9,268,2655,50,200
+48374916256,637,11,220,1151,150, 
+48317875771,730,2,423,1448,250,400
+48316424187,667,8,61,1442,30,300
+48527951755,1316,1,512,2152,100, 
+48846778621,32,3,70,1033,50,400
+48963422525,1046,0,131,1434,100,400
+48362268736,1822,10,953,2948,20,400
+48798813412,959,17,961,2244,200,400
+48348246482,522,8,978,2305,50,300
+48725419921,1836,2,301,2357,50, 
+48123417782,142,11,687,958,250,200
+48434996787,1006,3,794,2848,150,500
+48438877747,779,8,864,1868,50,400
+48538178371,814,15,421,2779,150,500
+48246137588,245,1,371,1406,50,400
+48177259328,1212,15,97,2170,100,500
+48341416543,831,1,504,1729,200,300
+48919322816,1242,17,349,1621,150, 
+48346338434,1928,0,1000,3246,30,200
+48673367399,195,7,71,1645,150,500
+48362491213,1686,7,421,2396,20,500
+48399372519,1363,6,53,2913,200,500
+48799464177,818,11,71,1959,20,400
+48818277638,571,5,881,2172,50,200
+48477882221,1538,1,161,2913,150,400
+48435587869,1478,1,376,2880,200,400
+48432733629,1946,18,503,2507,150,200
+48849925748,1234,15,128,3206,250,200
+48492611748,1229,19,665,2273,30,400
+48928831715,149,3,311,1322,50, 
+48744623554,829,15,494,1662,50, 
+48243255855,1418,16,876,3330,200,500
+48399966376,1197,4,395,2492,150,300
+48885472128,618,10,41,1599,30,400
+48742479797,1286,17,861,2956,30,400
+48792314977,1037,2,219,2385,20,200
+48164457621,1770,1,947,2852,150,200
+48862953562,1277,2,15,1863,250,300
+48213188917,885,8,289,2070,250,200
+48789341646,736,13,772,1905,150,200
+48512391794,1978,15,606,3363,200,200
+48354499193,1926,3,934,3337,30,200
+48629696733,1421,18,259,2099,100,400
+48266749798,943,12,426,1689,100, 
+48711423875,1035,1,868,2561,50,200
+48352174164,283,17,672,1194,250, 
+48363265588,1437,14,47,2404,100,300
+48241176538,279,10,214,1596,30,500
+48425111681,414,18,365,1867,150,400
+48113398752,917,15,634,2193,250, 
+48371971432,1149,17,853,2127,150, 
+48288197487,1008,9,275,1727,50,400
+48848568796,1993,10,769,2863,20,400
+48391584656,1634,17,582,3439,30, 
+48828761416,1748,4,391,3436,200,200
+48473196596,324,17,423,1415,250,300
+48832661234,1114,1,696,1914,50,300
+48566535848,351,1,167,1222,200,500
+48217678367,984,0,516,1527,30,300
+48166185691,1843,15,819,3063,200,300
+48469143857,1541,13,988,3249,200, 
+48342413339,1208,0,46,3183,30,300
+48717521588,53,0,463,708,200,200
+48428433648,1382,0,542,2833,100,400
+48795547341,1817,1,211,2861,200,200
+48866676559,591,15,298,2174,150, 
+48818819339,806,2,328,1384,200, 
+48449731434,339,7,886,1999,30,400
+48898483796,1564,9,630,3184,100,200
+48783966475,1264,15,679,3005,200,400
+48867594312,1241,13,377,2269,200,300
+48517988211,1049,17,411,2711,150,500
+48189124779,698,12,636,2645,200,200
+48825837648,659,5,584,1966,100,400
+48752123378,1999,7,10,2078,250,300
+48183158119,312,9,161,1267,50,400
+48157553753,461,8,899,1792,100,200
+48312591271,1533,13,40,2006,100,200
+48942958579,1762,18,901,3313,150, 
+48544792953,907,12,925,2310,150,200
+48225721623,1629,15,604,3015,250,200
+48791984188,214,5,17,973,100,500
+48824264297,1498,14,643,3093,150,200
+48332473492,1830,3,621,3754,30,400
+48511525813,535,0,90,1716,100,400
+48672474145,409,13,743,1951,30, 
+48514941271,313,10,129,1747,100,500
+48352186477,88,7,257,1000,100, 
+48289619653,78,14,503,1996,20,200
+48615827791,393,15,894,1792,50, 
+48449282366,352,9,964,1757,200,200
+48336214634,1270,12,347,2056,30,200
+48769626391,164,0,203,1378,150,300
+48876349157,519,11,666,1613,100,200
+48899773573,1817,7,435,2681,30,300
+48558584148,492,8,581,1771,50, 
+48926476513,1157,16,849,2160,20,200
+48774989794,1451,11,541,3415,50,300
+48883912243,1677,9,880,2973,100,500
+48197161194,1342,1,862,3009,100, 
+48827983747,1038,18,849,2798,20,300
+48851755128,1543,3,255,3021,250,400
+48265464696,1005,10,764,1836,150,500
+48892638756,486,10,462,2300,30,500
+48688784916,408,18,743,1685,200, 
+48594273969,1760,4,58,2274,100, 
+48297784314,946,13,953,2627,100, 
+48648245694,923,15,965,2316,50,300
+48284998738,1506,7,213,2210,30,300
+48467467269,1719,10,302,2504,250,500
+48847385368,1639,0,205,2106,20,300
+48287697323,846,11,274,1803,100,500
+48473269634,861,2,37,2257,50, 
+48674977948,1882,7,516,3804,200,200
+48538885464,1046,19,606,1844,150,300
+48626221496,712,4,964,2179,50,500
+48582861949,1677,11,923,3487,250,200
+48127134946,1919,13,273,3749,150, 
+48564263334,986,2,971,2251,200,400
+48513547798,691,15,947,2240,20, 
+48431871322,332,12,220,1169,30,200
+48642369235,704,13,173,2177,100,300
+48375118557,836,17,686,2302,30,500
+48251938783,614,9,637,1866,20,500
+48634148837,1127,1,798,2905,200,500
+48846141233,1792,5,450,3563,30,400
+48634396786,334,8,665,1082,200,500
+48974991528,1605,17,334,3535,250,500
+48751752854,892,8,478,2548,250,500
+48656233581,1640,5,272,3197,150,400
+48428978936,345,0,269,877,100,400
+48492231621,880,13,141,2576,50,200
+48759738215,1678,11,182,2871,200,200
+48241556772,1123,5,51,3009,100,500
+48654798752,1602,7,215,1976,150, 
+48145717738,960,1,659,2842,30,500
+48969166679,1584,0,653,2969,50, 
+48494542158,1325,9,709,2711,200,200
+48298526569,1355,19,208,2126,50,200
+48469437578,1199,3,782,2890,100, 
+48298978196,812,10,580,2608,200,500
+48399552856,1339,4,308,1870,50,400
+48651657346,1297,11,348,2732,250,200
+48284346254,1360,18,908,2460,150,500
+48111815525,426,17,684,1282,20,200
+48311196973,1247,12,254,2578,150,500
+48739986375,609,7,209,1358,20,500
+48147955481,738,17,689,2309,20,200
+48876973753,1554,11,494,2258,20,300
+48822565724,337,10,383,2160,50, 
+48656772582,1167,7,692,2315,150,200
+48672115518,924,11,181,1173,20,300
+48546158173,212,7,632,1977,100,200
+48346982383,208,10,427,1838,100,400
+48426316127,130,16,184,1274,30,400
+48362978823,1412,18,779,2938,100,300
+48927364133,1089,8,109,1279,150,400
+48149165955,116,4,765,1503,30,500
+48192649873,1060,3,757,2667,50,400
+48563945227,1988,3,974,3588,250, 
+48896147481,1429,2,489,3255,200,500
+48913977318,1412,4,753,2669,150,500
+48148769148,206,0,780,1944,50,400
+48331115175,1712,0,892,3175,20, 
+48142934171,1556,6,813,2917,20,500
+48174472314,1288,13,979,2994,200, 
+48566237976,431,14,795,2233,100, 
+48786671625,283,13,349,1456,250,300
+48326961767,1291,4,171,3078,250,200
+48196178252,653,13,73,2268,150, 
+48634317484,261,13,919,2212,50, 
+48782894261,14,15,606,865,100, 
+48228356943,396,15,37,1121,250, 
+48797156228,870,5,980,1859,150, 
+48632356148,847,13,438,2328,30, 
+48396838925,1772,0,692,3678,250, 
+48514198863,388,12,849,2055,100, 
+48358135695,1998,2,382,3468,50,200
+48746184716,1210,17,915,3054,200,200
+48525121117,669,1,645,2140,200, 
+48613836848,1083,17,409,1676,20,300
+48542261821,387,18,814,1616,100, 
+48513522724,407,6,825,2212,30,500
+48429797118,1587,17,564,2752,100,300
+48495898588,1194,18,850,2404,200,500
+48882643277,728,15,217,2644,50,500
+48497758573,662,17,655,2013,30,200
+48566946998,297,4,300,749,150, 
+48828611898,963,3,466,1985,200,400
+48885715992,84,1,590,1359,100, 
+48851636358,550,8,784,1542,150,500
+48285246191,1706,13,183,3413,100,400
+48483379412,1510,5,251,3188,250,500
+48223463495,1635,15,624,2984,30,300
+48445782528,751,19,316,1991,200, 
+48991235164,829,0,524,2593,200,200
+48291415293,31,16,949,1787,20,400
+48697697589,466,16,299,1599,250,300
+48925244452,107,17,583,2092,30,500
+48755581389,1370,2,675,3353,30,200
+48779989592,1796,1,870,3248,150, 
+48974481527,1466,12,650,3268,30,500
+48985883153,359,12,609,1814,50, 
+48459555183,1171,18,116,1637,100,300
+48965679682,1359,4,638,2032,150,200
+48188139497,488,18,791,2115,150,300
+48846773259,103,4,259,1589,250,400
+48526372847,1734,14,320,2910,30,500
+48729946659,496,17,962,1903,30, 
+48887471738,545,1,929,1793,200,500
+48688995293,1658,12,602,3561,30,500
+48358678813,1230,10,215,2243,250,300
+48933353862,34,0,106,1210,100,500
+48684543811,893,4,857,2591,150,200
+48281118562,1813,8,503,2687,20,200
+48314356426,1057,1,698,2491,30,300
+48365964935,336,10,681,1666,100,200
+48232919274,1794,18,178,2289,150,500
+48977253643,1486,4,331,2249,50,500
+48369592748,1186,0,289,3124,100,400
+48869171835,1752,2,483,3217,30, 
+48329748296,1231,3,490,2670,150,300
+48991236567,1228,19,410,2710,150, 
+48485683839,1077,16,56,2087,100,500
+48512437141,1630,18,776,3244,20,200
+48156117133,183,11,955,1589,50,400
+48213976158,1197,19,137,1568,30,500
+48761252476,1415,10,307,1858,200, 
+48749847418,852,10,370,2245,150,200
+48773813585,1211,3,241,2616,30,200
+48735436438,1825,9,567,2732,100,200
+48786846325,380,2,272,1982,100,500
+48926899371,229,10,103,1182,50, 
+48445519656,673,10,223,1554,50,300
+48267284618,14,19,441,1027,30,200
+48466433781,1379,18,861,2718,100,500
+48349877654,1240,14,567,2995,50,400
+48538844877,1351,5,356,3319,250,300
+48637179744,1642,11,804,3599,20,300
+48836576144,1289,3,398,2256,100,300
+48862865237,675,8,13,1850,30,300
+48139962875,991,18,439,2991,250,300
+48662821222,158,2,304,1023,150,400
+48287779691,1390,15,506,2793,200,200
+48876871933,971,17,449,2897,50, 
+48686283368,237,4,833,1831,250,300
+48858954282,819,18,221,1061,100,300
+48826392316,166,17,421,649,250,300
+48317997227,1881,5,534,2643,250,400
+48937615419,1907,12,81,2764,50,300
+48821377675,1004,4,137,2241,100,300
+48571462137,357,4,787,1513,150,300
+48849732935,644,2,725,1680,200,400
+48318285174,1993,17,497,3110,150,500
+48553887782,48,2,802,862,100,200
+48367514623,799,11,344,2242,150,500
+48359132533,1301,19,84,1712,50,400
+48189537541,862,2,922,1922,100,400
+48888943653,1058,9,912,2311,150,300
+48541626774,1297,15,946,3287,250,300
+48546477746,547,12,364,2481,200, 
+48863522158,451,9,518,2316,200,400
