i_id, i_name, i_bandwidth, i_expiration_date, i_launch_date
0,200Mb,200,2,5
0,1000Mb,1000,5,8
0,1000Mb,1000,7,3
1,1000Mb,1000,2,2
2,1000Mb,1000,6,4
3,500Mb,500,10,8
4,500Mb,500,2,0
5,500Mb,500,2,9
6,500Mb,500,7,10
7,1000Mb,1000,8,0
8,500Mb,500,4,2
9,1000Mb,1000,7,1
10,1000Mb,1000,2,9
11,1000Mb,1000,0,6
12,500Mb,500,0,9
13,500Mb,500,10,3
14,500Mb,500,5,8
15,500Mb,500,9,5
16,500Mb,500,8,1
17,500Mb,500,9,2
18,500Mb,500,4,0
19,500Mb,500,7,10
20,200Mb,200,1,3
21,200Mb,200,7,6
22,1000Mb,1000,9,0
23,1000Mb,1000,4,3
24,1000Mb,1000,6,1
25,500Mb,500,1,6
26,1000Mb,1000,3,1
27,1000Mb,1000,4,7
28,500Mb,500,4,10
29,1000Mb,1000,9,7
30,1000Mb,1000,8,0
31,500Mb,500,6,2
32,1000Mb,1000,2,1
33,200Mb,200,8,4
34,200Mb,200,9,9
35,200Mb,200,9,6
36,1000Mb,1000,9,0
37,200Mb,200,2,2
38,1000Mb,1000,5,7
39,1000Mb,1000,1,4
40,200Mb,200,6,7
41,500Mb,500,4,9
42,500Mb,500,7,0
43,1000Mb,1000,10,5
44,200Mb,200,6,1
45,1000Mb,1000,4,4
46,500Mb,500,1,2
47,1000Mb,1000,2,4
48,500Mb,500,7,9
49,200Mb,200,5,3
50,200Mb,200,10,10
51,200Mb,200,10,4
52,200Mb,200,6,2
53,1000Mb,1000,10,6
54,1000Mb,1000,8,6
55,500Mb,500,10,5
56,500Mb,500,3,1
57,500Mb,500,5,1
58,200Mb,200,2,5
59,1000Mb,1000,0,4
60,200Mb,200,5,8
61,200Mb,200,6,7
62,500Mb,500,6,0
63,200Mb,200,2,1
64,1000Mb,1000,6,8
65,500Mb,500,2,10
66,1000Mb,1000,0,7
67,500Mb,500,5,6
68,200Mb,200,4,2
69,500Mb,500,6,0
70,1000Mb,1000,5,7
71,500Mb,500,3,0
72,200Mb,200,5,0
73,500Mb,500,9,5
74,200Mb,200,1,9
75,1000Mb,1000,4,8
76,1000Mb,1000,9,10
77,500Mb,500,3,7
78,1000Mb,1000,1,10
79,1000Mb,1000,2,7
80,200Mb,200,7,9
81,1000Mb,1000,4,2
82,500Mb,500,6,3
83,500Mb,500,3,8
84,1000Mb,1000,4,10
85,200Mb,200,4,7
86,200Mb,200,4,5
87,200Mb,200,10,5
88,500Mb,500,5,6
89,200Mb,200,9,2
90,200Mb,200,5,8
91,1000Mb,1000,10,10
92,500Mb,500,7,9
93,500Mb,500,3,2
94,200Mb,200,6,0
95,1000Mb,1000,7,0
96,200Mb,200,4,4
97,200Mb,200,0,4
98,1000Mb,1000,6,8
99,200Mb,200,7,6
100,1000Mb,1000,0,9
101,1000Mb,1000,1,7
102,500Mb,500,8,10
103,1000Mb,1000,3,2
104,500Mb,500,5,4
105,200Mb,200,2,0
106,200Mb,200,3,6
107,200Mb,200,3,6
108,1000Mb,1000,1,3
109,1000Mb,1000,9,10
110,1000Mb,1000,1,5
111,200Mb,200,2,10
112,500Mb,500,7,10
113,1000Mb,1000,5,7
114,1000Mb,1000,3,0
115,200Mb,200,8,8
116,500Mb,500,4,6
117,200Mb,200,9,0
118,500Mb,500,7,6
119,200Mb,200,5,5
120,200Mb,200,9,0
121,200Mb,200,2,0
122,200Mb,200,7,2
123,1000Mb,1000,7,9
124,200Mb,200,7,0
125,500Mb,500,2,2
126,500Mb,500,9,9
127,500Mb,500,5,2
128,200Mb,200,1,5
129,1000Mb,1000,4,5
130,500Mb,500,7,0
131,1000Mb,1000,1,8
132,200Mb,200,3,8
133,200Mb,200,1,0
134,1000Mb,1000,2,7
135,500Mb,500,7,1
136,1000Mb,1000,9,6
137,1000Mb,1000,8,3
138,1000Mb,1000,7,2
139,500Mb,500,0,7
140,500Mb,500,0,1
141,500Mb,500,9,2
142,1000Mb,1000,3,6
143,500Mb,500,9,7
144,1000Mb,1000,6,1
145,500Mb,500,7,2
146,500Mb,500,8,7
147,1000Mb,1000,2,5
148,200Mb,200,6,6
149,500Mb,500,0,9
150,1000Mb,1000,4,0
151,1000Mb,1000,2,4
152,200Mb,200,4,10
153,200Mb,200,3,5
154,500Mb,500,0,10
155,500Mb,500,10,9
156,1000Mb,1000,7,2
157,500Mb,500,4,4
158,1000Mb,1000,3,8
159,200Mb,200,5,8
160,500Mb,500,0,4
161,200Mb,200,10,3
162,500Mb,500,10,7
163,1000Mb,1000,6,9
164,1000Mb,1000,4,0
165,200Mb,200,1,7
166,1000Mb,1000,0,4
167,500Mb,500,9,1
168,1000Mb,1000,8,2
169,1000Mb,1000,6,7
170,200Mb,200,1,1
171,1000Mb,1000,0,3
172,1000Mb,1000,10,6
173,1000Mb,1000,1,4
174,500Mb,500,6,4
175,200Mb,200,7,7
176,500Mb,500,2,2
177,1000Mb,1000,10,4
178,500Mb,500,5,6
179,200Mb,200,0,7
180,200Mb,200,2,6
181,200Mb,200,1,4
182,1000Mb,1000,9,8
183,500Mb,500,1,6
184,1000Mb,1000,5,6
185,500Mb,500,4,3
186,500Mb,500,2,2
187,200Mb,200,9,4
188,200Mb,200,6,9
189,500Mb,500,0,5
190,1000Mb,1000,3,4
191,200Mb,200,4,6
192,500Mb,500,9,4
193,1000Mb,1000,10,0
194,500Mb,500,4,10
195,500Mb,500,9,1
196,1000Mb,1000,8,8
197,500Mb,500,1,0
198,200Mb,200,9,4
199,500Mb,500,4,8
200,500Mb,500,2,1
201,200Mb,200,0,3
202,1000Mb,1000,5,4
203,1000Mb,1000,6,8
204,1000Mb,1000,3,5
205,500Mb,500,1,7
206,200Mb,200,6,2
207,500Mb,500,10,4
208,1000Mb,1000,7,9
209,500Mb,500,0,6
210,200Mb,200,7,3
211,1000Mb,1000,5,5
212,200Mb,200,10,2
213,200Mb,200,4,2
214,500Mb,500,5,9
215,1000Mb,1000,2,2
216,200Mb,200,4,10
217,200Mb,200,7,2
218,1000Mb,1000,0,6
219,200Mb,200,2,3
220,500Mb,500,1,4
221,500Mb,500,4,4
222,1000Mb,1000,3,2
223,500Mb,500,3,3
224,200Mb,200,10,9
225,200Mb,200,0,1
226,200Mb,200,3,7
227,200Mb,200,8,2
228,200Mb,200,2,5
229,1000Mb,1000,10,8
230,1000Mb,1000,3,8
231,500Mb,500,8,8
232,200Mb,200,3,3
233,500Mb,500,10,9
234,1000Mb,1000,8,6
235,1000Mb,1000,3,0
236,200Mb,200,2,3
237,200Mb,200,8,7
238,1000Mb,1000,4,4
239,500Mb,500,1,3
240,500Mb,500,5,8
241,500Mb,500,2,6
242,1000Mb,1000,0,3
243,1000Mb,1000,6,8
244,200Mb,200,1,8
245,1000Mb,1000,8,7
246,1000Mb,1000,4,5
247,500Mb,500,3,7
248,200Mb,200,10,7
249,500Mb,500,3,5
250,200Mb,200,8,5
251,200Mb,200,2,6
252,500Mb,500,3,8
253,1000Mb,1000,6,0
254,1000Mb,1000,0,5
255,200Mb,200,2,1
256,200Mb,200,6,0
257,200Mb,200,2,5
258,500Mb,500,6,0
259,200Mb,200,7,2
260,1000Mb,1000,1,5
261,500Mb,500,1,1
262,500Mb,500,1,3
263,1000Mb,1000,1,8
264,1000Mb,1000,4,0
265,500Mb,500,0,10
266,1000Mb,1000,9,2
267,1000Mb,1000,1,8
268,200Mb,200,8,1
269,500Mb,500,0,1
270,1000Mb,1000,6,4
271,1000Mb,1000,2,3
272,200Mb,200,4,6
273,500Mb,500,8,0
274,200Mb,200,5,2
275,500Mb,500,7,0
276,1000Mb,1000,1,5
277,1000Mb,1000,4,1
278,1000Mb,1000,3,8
279,500Mb,500,6,10
280,200Mb,200,4,10
281,500Mb,500,9,3
282,500Mb,500,2,1
283,1000Mb,1000,0,1
284,500Mb,500,4,8
285,500Mb,500,1,7
286,500Mb,500,1,10
287,1000Mb,1000,8,6
288,500Mb,500,10,1
289,200Mb,200,10,5
290,500Mb,500,1,4
291,200Mb,200,8,6
292,1000Mb,1000,0,2
293,1000Mb,1000,6,6
294,500Mb,500,0,9
295,1000Mb,1000,3,4
296,200Mb,200,8,3
297,1000Mb,1000,4,9
298,500Mb,500,7,8
299,500Mb,500,7,2
300,1000Mb,1000,4,6
301,1000Mb,1000,6,0
302,500Mb,500,9,5
303,200Mb,200,9,10
304,1000Mb,1000,10,4
305,500Mb,500,10,2
306,500Mb,500,6,7
307,1000Mb,1000,0,5
308,200Mb,200,2,9
309,1000Mb,1000,0,9
310,200Mb,200,5,1
311,500Mb,500,1,4
312,200Mb,200,8,0
313,500Mb,500,7,3
314,500Mb,500,6,4
315,500Mb,500,5,1
316,200Mb,200,7,5
317,200Mb,200,0,3
318,200Mb,200,0,6
319,1000Mb,1000,8,2
320,500Mb,500,0,4
321,1000Mb,1000,2,6
322,500Mb,500,4,10
323,1000Mb,1000,8,4
324,200Mb,200,9,9
325,200Mb,200,5,10
326,200Mb,200,10,2
327,500Mb,500,5,0
328,200Mb,200,8,4
329,200Mb,200,9,7
330,1000Mb,1000,10,8
331,1000Mb,1000,0,3
332,200Mb,200,9,10
333,500Mb,500,8,1
334,500Mb,500,1,8
335,200Mb,200,2,8
336,1000Mb,1000,5,3
337,1000Mb,1000,7,1
338,1000Mb,1000,10,1
339,200Mb,200,7,9
340,200Mb,200,3,6
341,200Mb,200,5,8
342,1000Mb,1000,4,7
343,1000Mb,1000,8,9
344,200Mb,200,2,8
345,500Mb,500,9,7
346,1000Mb,1000,9,1
347,1000Mb,1000,6,5
348,200Mb,200,8,7
349,500Mb,500,4,8
350,500Mb,500,10,6
351,500Mb,500,4,2
352,500Mb,500,0,1
353,200Mb,200,0,8
354,1000Mb,1000,10,0
355,1000Mb,1000,8,8
356,500Mb,500,8,8
357,500Mb,500,9,10
358,1000Mb,1000,9,6
359,200Mb,200,2,10
360,200Mb,200,2,0
361,500Mb,500,5,3
362,500Mb,500,10,5
363,500Mb,500,4,5
364,200Mb,200,1,0
365,500Mb,500,1,9
366,500Mb,500,1,10
367,1000Mb,1000,9,10
368,200Mb,200,6,6
369,200Mb,200,9,6
370,200Mb,200,1,1
371,1000Mb,1000,4,1
372,1000Mb,1000,1,8
373,500Mb,500,8,10
374,200Mb,200,6,6
375,500Mb,500,2,1
376,200Mb,200,3,4
377,1000Mb,1000,2,9
378,500Mb,500,8,6
379,500Mb,500,6,10
380,500Mb,500,5,5
381,1000Mb,1000,8,5
382,1000Mb,1000,2,3
383,200Mb,200,0,5
384,200Mb,200,4,5
385,1000Mb,1000,8,6
386,1000Mb,1000,4,8
387,200Mb,200,7,5
388,200Mb,200,6,10
389,500Mb,500,9,1
390,200Mb,200,6,8
391,1000Mb,1000,10,0
392,200Mb,200,10,7
393,500Mb,500,7,9
394,1000Mb,1000,1,2
395,200Mb,200,8,4
396,200Mb,200,10,6
397,200Mb,200,8,3
398,500Mb,500,0,7
399,200Mb,200,5,4
400,500Mb,500,6,6
401,1000Mb,1000,1,10
402,500Mb,500,0,9
403,500Mb,500,4,9
404,200Mb,200,7,8
405,200Mb,200,3,6
406,500Mb,500,1,10
407,1000Mb,1000,0,9
408,200Mb,200,2,5
409,200Mb,200,9,0
410,1000Mb,1000,10,7
411,1000Mb,1000,7,5
412,1000Mb,1000,4,3
413,1000Mb,1000,9,8
414,500Mb,500,9,8
415,200Mb,200,8,1
416,1000Mb,1000,9,3
417,200Mb,200,7,8
418,200Mb,200,1,4
419,500Mb,500,3,5
420,200Mb,200,3,9
421,200Mb,200,3,8
422,500Mb,500,10,4
423,1000Mb,1000,10,7
424,1000Mb,1000,4,6
425,500Mb,500,6,6
426,500Mb,500,10,3
427,500Mb,500,2,0
428,1000Mb,1000,5,6
429,200Mb,200,8,2
430,200Mb,200,6,6
431,1000Mb,1000,10,6
432,500Mb,500,6,10
433,200Mb,200,5,8
434,1000Mb,1000,7,7
435,500Mb,500,8,2
436,1000Mb,1000,6,6
437,200Mb,200,1,3
438,500Mb,500,5,4
439,1000Mb,1000,6,8
440,200Mb,200,4,9
441,1000Mb,1000,7,10
442,1000Mb,1000,8,6
443,1000Mb,1000,5,0
444,500Mb,500,6,3
445,500Mb,500,3,3
446,500Mb,500,8,9
447,1000Mb,1000,5,1
448,1000Mb,1000,0,1
449,200Mb,200,1,8
450,1000Mb,1000,2,7
451,500Mb,500,7,6
452,200Mb,200,4,10
453,200Mb,200,1,9
454,1000Mb,1000,1,2
455,1000Mb,1000,7,2
456,500Mb,500,10,7
457,1000Mb,1000,9,3
458,200Mb,200,7,3
459,200Mb,200,3,10
460,1000Mb,1000,3,6
461,1000Mb,1000,2,8
462,1000Mb,1000,7,10
463,500Mb,500,2,1
464,1000Mb,1000,5,0
465,1000Mb,1000,7,10
466,500Mb,500,9,6
467,1000Mb,1000,3,2
468,1000Mb,1000,8,9
469,500Mb,500,8,3
470,200Mb,200,10,0
471,200Mb,200,9,1
472,500Mb,500,7,2
473,1000Mb,1000,1,0
474,500Mb,500,1,0
475,200Mb,200,6,4
476,200Mb,200,4,9
477,1000Mb,1000,5,10
478,500Mb,500,3,10
479,200Mb,200,1,10
480,1000Mb,1000,8,6
481,200Mb,200,10,4
482,200Mb,200,1,4
483,500Mb,500,10,7
484,500Mb,500,2,4
485,1000Mb,1000,5,1
486,1000Mb,1000,9,2
487,1000Mb,1000,7,4
488,200Mb,200,2,2
489,500Mb,500,7,0
490,1000Mb,1000,8,0
491,1000Mb,1000,8,4
492,200Mb,200,5,2
493,1000Mb,1000,1,3
494,1000Mb,1000,9,3
495,200Mb,200,8,2
496,500Mb,500,6,4
497,200Mb,200,9,0
498,200Mb,200,10,10
499,500Mb,500,0,0
500,200Mb,200,8,2
501,1000Mb,1000,2,2
502,1000Mb,1000,5,8
503,1000Mb,1000,8,7
504,200Mb,200,4,7
505,200Mb,200,8,8
506,500Mb,500,4,4
507,1000Mb,1000,10,10
508,200Mb,200,5,6
509,500Mb,500,3,8
510,200Mb,200,4,7
511,1000Mb,1000,1,6
512,200Mb,200,3,4
513,200Mb,200,5,1
514,1000Mb,1000,3,5
515,500Mb,500,9,10
516,500Mb,500,9,9
517,200Mb,200,7,10
518,200Mb,200,6,8
519,500Mb,500,5,3
520,200Mb,200,10,8
521,1000Mb,1000,9,6
522,200Mb,200,9,10
523,200Mb,200,10,0
524,1000Mb,1000,1,0
525,200Mb,200,3,1
526,1000Mb,1000,10,5
527,200Mb,200,7,8
528,200Mb,200,2,0
529,500Mb,500,9,5
530,500Mb,500,7,8
531,500Mb,500,6,10
532,1000Mb,1000,8,3
533,200Mb,200,7,0
534,1000Mb,1000,5,2
535,200Mb,200,8,7
536,200Mb,200,4,10
537,200Mb,200,0,0
538,1000Mb,1000,3,8
539,200Mb,200,4,0
540,200Mb,200,6,5
541,500Mb,500,7,3
542,1000Mb,1000,4,6
543,1000Mb,1000,9,2
544,1000Mb,1000,2,10
545,200Mb,200,7,6
546,1000Mb,1000,0,8
547,1000Mb,1000,3,3
548,200Mb,200,1,6
549,200Mb,200,2,10
550,200Mb,200,8,1
551,1000Mb,1000,6,6
552,1000Mb,1000,4,7
553,200Mb,200,9,0
554,1000Mb,1000,2,4
555,1000Mb,1000,5,3
556,200Mb,200,1,2
557,200Mb,200,5,3
558,500Mb,500,8,5
559,1000Mb,1000,4,9
560,200Mb,200,8,8
561,200Mb,200,10,5
562,500Mb,500,0,8
563,500Mb,500,1,10
564,500Mb,500,0,6
565,200Mb,200,1,1
566,500Mb,500,4,10
567,500Mb,500,2,1
568,500Mb,500,7,7
569,500Mb,500,6,4
570,1000Mb,1000,2,4
571,500Mb,500,4,5
572,500Mb,500,9,3
573,1000Mb,1000,10,2
574,200Mb,200,1,0
575,500Mb,500,7,0
576,200Mb,200,1,3
577,200Mb,200,8,5
578,200Mb,200,1,8
579,500Mb,500,4,9
580,500Mb,500,5,10
581,200Mb,200,0,7
582,500Mb,500,9,3
583,500Mb,500,0,0
584,500Mb,500,3,3
585,500Mb,500,7,1
586,200Mb,200,5,8
587,200Mb,200,6,9
588,500Mb,500,6,1
589,200Mb,200,7,10
590,1000Mb,1000,1,2
591,200Mb,200,3,5
592,200Mb,200,7,5
593,500Mb,500,2,5
594,500Mb,500,0,10
595,1000Mb,1000,1,3
596,1000Mb,1000,0,5
597,200Mb,200,7,10
598,1000Mb,1000,2,7
599,1000Mb,1000,0,0
600,500Mb,500,9,7
601,500Mb,500,7,3
602,1000Mb,1000,1,9
603,500Mb,500,8,4
604,500Mb,500,10,8
605,200Mb,200,10,6
606,200Mb,200,9,2
607,500Mb,500,10,2
608,500Mb,500,10,8
609,200Mb,200,10,4
610,200Mb,200,4,6
611,500Mb,500,3,3
612,200Mb,200,8,9
613,500Mb,500,9,10
614,200Mb,200,3,3
615,200Mb,200,5,8
616,500Mb,500,3,3
617,200Mb,200,10,2
618,500Mb,500,7,5
619,1000Mb,1000,10,10
620,1000Mb,1000,8,4
621,200Mb,200,5,8
622,500Mb,500,1,10
623,500Mb,500,10,7
624,1000Mb,1000,2,0
625,1000Mb,1000,1,9
626,200Mb,200,4,7
627,500Mb,500,9,4
628,500Mb,500,2,3
629,200Mb,200,10,4
630,500Mb,500,0,5
631,500Mb,500,4,3
632,200Mb,200,7,3
633,500Mb,500,0,5
634,1000Mb,1000,7,9
635,200Mb,200,10,3
636,500Mb,500,6,4
637,1000Mb,1000,6,2
638,1000Mb,1000,3,8
639,500Mb,500,6,6
640,500Mb,500,9,8
641,200Mb,200,3,8
642,200Mb,200,1,4
643,200Mb,200,7,2
644,200Mb,200,7,9
645,1000Mb,1000,0,6
646,1000Mb,1000,3,10
647,1000Mb,1000,9,3
648,500Mb,500,9,5
649,200Mb,200,8,7
650,1000Mb,1000,8,6
651,500Mb,500,10,6
652,500Mb,500,8,3
653,1000Mb,1000,8,1
654,500Mb,500,2,7
655,1000Mb,1000,4,0
656,200Mb,200,4,4
657,500Mb,500,2,6
658,200Mb,200,3,5
659,500Mb,500,6,3
660,500Mb,500,5,1
661,1000Mb,1000,9,10
662,200Mb,200,10,5
663,1000Mb,1000,6,9
664,1000Mb,1000,0,0
665,500Mb,500,7,3
666,1000Mb,1000,3,7
667,500Mb,500,6,8
668,1000Mb,1000,0,8
669,1000Mb,1000,1,7
670,200Mb,200,7,8
671,500Mb,500,2,2
672,1000Mb,1000,6,3
673,1000Mb,1000,7,0
674,1000Mb,1000,1,6
675,1000Mb,1000,4,6
676,1000Mb,1000,0,1
677,1000Mb,1000,3,8
678,200Mb,200,3,0
679,1000Mb,1000,9,9
680,1000Mb,1000,2,6
681,1000Mb,1000,5,1
682,1000Mb,1000,9,1
683,500Mb,500,5,7
684,200Mb,200,9,6
685,1000Mb,1000,8,2
686,1000Mb,1000,2,6
687,500Mb,500,1,0
688,500Mb,500,4,5
689,1000Mb,1000,10,0
690,200Mb,200,10,10
691,1000Mb,1000,0,3
692,1000Mb,1000,5,7
693,500Mb,500,7,4
694,1000Mb,1000,10,5
695,200Mb,200,3,3
696,500Mb,500,2,1
697,200Mb,200,5,8
698,1000Mb,1000,1,1
699,200Mb,200,4,7
700,500Mb,500,8,6
701,200Mb,200,1,7
702,1000Mb,1000,6,7
703,200Mb,200,4,10
704,200Mb,200,2,7
705,1000Mb,1000,2,9
706,500Mb,500,9,3
707,500Mb,500,5,5
708,500Mb,500,8,8
709,1000Mb,1000,8,8
710,500Mb,500,2,6
711,500Mb,500,0,0
712,500Mb,500,2,1
713,1000Mb,1000,2,3
714,200Mb,200,0,0
715,500Mb,500,8,10
716,500Mb,500,9,7
717,200Mb,200,3,1
718,200Mb,200,7,6
719,200Mb,200,4,8
720,200Mb,200,2,6
721,500Mb,500,3,3
722,1000Mb,1000,3,0
723,500Mb,500,2,3
724,500Mb,500,3,0
725,500Mb,500,5,4
726,500Mb,500,4,2
727,1000Mb,1000,2,2
728,500Mb,500,6,2
729,200Mb,200,3,0
730,200Mb,200,0,5
731,200Mb,200,5,1
732,1000Mb,1000,1,10
733,1000Mb,1000,6,4
734,200Mb,200,9,7
735,200Mb,200,3,2
736,1000Mb,1000,6,6
737,200Mb,200,4,5
738,200Mb,200,4,1
739,1000Mb,1000,5,8
740,500Mb,500,2,5
741,500Mb,500,10,0
742,200Mb,200,9,5
743,1000Mb,1000,9,8
744,200Mb,200,9,5
745,500Mb,500,8,3
746,500Mb,500,1,5
747,1000Mb,1000,6,6
748,500Mb,500,8,3
749,1000Mb,1000,5,7
750,1000Mb,1000,4,5
751,1000Mb,1000,10,9
752,500Mb,500,9,10
753,1000Mb,1000,2,3
754,500Mb,500,0,4
755,500Mb,500,8,2
756,1000Mb,1000,7,1
757,200Mb,200,4,1
758,500Mb,500,5,7
759,200Mb,200,0,9
760,200Mb,200,7,1
761,500Mb,500,4,8
762,500Mb,500,8,5
763,200Mb,200,4,0
764,200Mb,200,9,2
765,200Mb,200,9,8
766,1000Mb,1000,8,1
767,200Mb,200,8,9
768,200Mb,200,0,1
769,1000Mb,1000,3,7
770,500Mb,500,2,2
771,500Mb,500,10,9
772,1000Mb,1000,0,4
773,200Mb,200,8,9
774,200Mb,200,4,8
775,1000Mb,1000,0,6
776,500Mb,500,1,3
777,500Mb,500,8,5
778,200Mb,200,6,3
779,500Mb,500,0,9
780,1000Mb,1000,1,4
781,200Mb,200,9,9
782,500Mb,500,0,6
783,1000Mb,1000,6,10
784,200Mb,200,10,7
785,1000Mb,1000,9,8
786,500Mb,500,6,2
787,1000Mb,1000,10,6
788,1000Mb,1000,7,9
789,1000Mb,1000,2,9
790,500Mb,500,7,5
791,1000Mb,1000,6,7
792,500Mb,500,1,7
793,500Mb,500,1,1
794,200Mb,200,6,1
795,200Mb,200,10,5
796,200Mb,200,10,5
797,200Mb,200,0,1
798,200Mb,200,4,8
799,500Mb,500,1,3
800,1000Mb,1000,9,9
801,1000Mb,1000,3,1
802,500Mb,500,8,4
803,200Mb,200,6,10
804,1000Mb,1000,8,10
805,1000Mb,1000,7,8
806,500Mb,500,2,4
807,500Mb,500,0,8
808,200Mb,200,6,5
809,500Mb,500,10,3
810,1000Mb,1000,7,9
811,1000Mb,1000,4,7
812,1000Mb,1000,5,8
813,200Mb,200,5,7
814,1000Mb,1000,2,1
815,200Mb,200,3,0
816,200Mb,200,9,4
817,1000Mb,1000,0,7
818,500Mb,500,1,6
819,200Mb,200,10,3
820,500Mb,500,0,5
821,1000Mb,1000,0,9
822,200Mb,200,7,4
823,1000Mb,1000,8,5
824,1000Mb,1000,0,8
825,500Mb,500,0,6
826,200Mb,200,6,6
827,200Mb,200,0,4
828,1000Mb,1000,9,0
829,1000Mb,1000,3,7
830,1000Mb,1000,0,8
831,1000Mb,1000,10,9
832,200Mb,200,0,7
833,200Mb,200,1,8
834,200Mb,200,5,1
835,500Mb,500,0,3
836,500Mb,500,4,5
837,500Mb,500,5,7
838,500Mb,500,6,2
839,200Mb,200,7,0
840,500Mb,500,2,4
841,500Mb,500,9,7
842,1000Mb,1000,4,8
843,500Mb,500,8,6
844,1000Mb,1000,1,4
845,1000Mb,1000,7,6
846,1000Mb,1000,8,9
847,1000Mb,1000,5,2
848,200Mb,200,1,10
849,1000Mb,1000,1,6
850,200Mb,200,0,5
851,1000Mb,1000,2,2
852,200Mb,200,7,6
853,500Mb,500,7,1
854,500Mb,500,5,6
855,1000Mb,1000,2,10
856,200Mb,200,2,6
857,1000Mb,1000,6,6
858,1000Mb,1000,2,6
859,500Mb,500,2,9
860,500Mb,500,1,8
861,200Mb,200,6,10
862,1000Mb,1000,7,4
863,1000Mb,1000,1,5
864,500Mb,500,4,10
865,1000Mb,1000,10,2
866,200Mb,200,3,0
867,200Mb,200,3,0
868,500Mb,500,8,3
869,200Mb,200,6,10
870,1000Mb,1000,5,3
871,1000Mb,1000,9,0
872,200Mb,200,1,7
873,1000Mb,1000,2,2
874,200Mb,200,5,8
875,1000Mb,1000,8,0
876,500Mb,500,5,7
877,200Mb,200,3,0
878,1000Mb,1000,9,8
879,1000Mb,1000,10,9
880,500Mb,500,8,1
881,200Mb,200,7,5
882,500Mb,500,2,7
883,200Mb,200,2,3
884,1000Mb,1000,10,0
885,200Mb,200,4,10
886,200Mb,200,7,8
887,500Mb,500,2,0
888,500Mb,500,3,9
889,1000Mb,1000,3,3
890,200Mb,200,3,8
891,500Mb,500,8,4
892,1000Mb,1000,2,9
893,200Mb,200,4,1
894,200Mb,200,2,2
895,500Mb,500,9,0
896,200Mb,200,2,3
897,200Mb,200,7,4
898,500Mb,500,1,7
899,500Mb,500,5,2
900,1000Mb,1000,5,2
901,200Mb,200,1,0
902,1000Mb,1000,1,10
903,200Mb,200,5,10
904,200Mb,200,4,4
905,200Mb,200,1,2
906,200Mb,200,8,8
907,200Mb,200,3,7
908,1000Mb,1000,1,10
909,200Mb,200,3,1
910,200Mb,200,7,6
911,200Mb,200,3,2
912,500Mb,500,10,0
913,200Mb,200,1,9
914,1000Mb,1000,4,0
915,1000Mb,1000,2,3
916,200Mb,200,5,3
917,500Mb,500,1,1
918,200Mb,200,9,6
919,500Mb,500,8,0
920,500Mb,500,5,0
921,200Mb,200,0,4
922,200Mb,200,7,9
923,200Mb,200,6,0
924,200Mb,200,8,3
925,500Mb,500,7,3
926,200Mb,200,0,5
927,500Mb,500,5,2
928,500Mb,500,7,2
929,500Mb,500,7,4
930,1000Mb,1000,5,9
931,1000Mb,1000,4,4
932,1000Mb,1000,0,0
933,200Mb,200,0,0
934,1000Mb,1000,10,1
935,200Mb,200,2,3
936,500Mb,500,10,9
937,200Mb,200,9,6
938,1000Mb,1000,5,2
939,500Mb,500,9,8
940,200Mb,200,9,1
941,1000Mb,1000,3,6
942,500Mb,500,7,5
943,500Mb,500,7,4
944,1000Mb,1000,1,3
945,500Mb,500,0,7
946,500Mb,500,1,0
947,200Mb,200,0,4
948,500Mb,500,7,10
949,500Mb,500,5,3
950,200Mb,200,0,0
951,200Mb,200,3,0
952,500Mb,500,2,5
953,500Mb,500,8,3
954,1000Mb,1000,6,5
955,500Mb,500,5,9
956,200Mb,200,9,5
957,200Mb,200,0,6
958,500Mb,500,9,7
959,500Mb,500,3,0
960,500Mb,500,1,10
961,500Mb,500,5,8
962,500Mb,500,8,2
963,500Mb,500,3,3
964,200Mb,200,8,5
965,500Mb,500,5,4
966,1000Mb,1000,1,7
967,500Mb,500,5,8
968,200Mb,200,7,5
969,1000Mb,1000,9,5
970,1000Mb,1000,7,9
971,200Mb,200,9,10
972,500Mb,500,2,5
973,500Mb,500,4,1
974,200Mb,200,6,2
975,200Mb,200,4,9
976,1000Mb,1000,1,2
977,500Mb,500,0,4
978,500Mb,500,6,6
979,200Mb,200,1,3
980,500Mb,500,5,10
981,1000Mb,1000,7,3
982,1000Mb,1000,1,9
983,1000Mb,1000,5,3
984,200Mb,200,10,10
985,500Mb,500,7,9
986,200Mb,200,8,8
987,200Mb,200,2,8
988,1000Mb,1000,2,4
989,1000Mb,1000,3,1
990,500Mb,500,3,4
991,1000Mb,1000,10,3
992,1000Mb,1000,5,5
993,1000Mb,1000,1,6
994,1000Mb,1000,5,3
995,200Mb,200,7,2
996,200Mb,200,8,3
997,500Mb,500,5,10
998,500Mb,500,4,10
999,500Mb,500,9,10
1000,200Mb,200,3,2
1001,1000Mb,1000,9,4
1002,500Mb,500,4,3
1003,1000Mb,1000,8,0
1004,500Mb,500,0,4
1005,1000Mb,1000,5,6
1006,500Mb,500,1,2
1007,1000Mb,1000,2,8
1008,1000Mb,1000,8,7
1009,200Mb,200,6,7
1010,1000Mb,1000,3,0
1011,500Mb,500,1,10
1012,500Mb,500,3,6
1013,1000Mb,1000,9,0
1014,200Mb,200,0,1
1015,500Mb,500,9,0
1016,200Mb,200,5,5
1017,1000Mb,1000,0,0
1018,1000Mb,1000,10,6
1019,200Mb,200,4,9
1020,1000Mb,1000,4,0
1021,500Mb,500,2,9
1022,200Mb,200,10,7
1023,1000Mb,1000,9,5
1024,1000Mb,1000,6,7
1025,500Mb,500,6,2
1026,500Mb,500,3,1
1027,200Mb,200,1,4
1028,500Mb,500,9,9
1029,500Mb,500,9,2
1030,1000Mb,1000,0,6
1031,1000Mb,1000,7,4
1032,200Mb,200,6,9
1033,200Mb,200,6,9
1034,200Mb,200,6,0
1035,200Mb,200,8,3
1036,500Mb,500,1,10
1037,200Mb,200,5,5
1038,1000Mb,1000,6,6
1039,1000Mb,1000,5,4
1040,200Mb,200,4,8
1041,1000Mb,1000,2,4
1042,500Mb,500,6,1
1043,1000Mb,1000,6,10
1044,500Mb,500,7,10
1045,1000Mb,1000,0,0
1046,200Mb,200,4,3
1047,500Mb,500,4,2
1048,1000Mb,1000,4,7
1049,500Mb,500,6,3
1050,1000Mb,1000,5,7
1051,200Mb,200,4,9
1052,200Mb,200,3,10
1053,500Mb,500,8,6
1054,200Mb,200,5,7
1055,200Mb,200,1,5
1056,200Mb,200,0,1
1057,200Mb,200,9,1
1058,500Mb,500,0,8
1059,1000Mb,1000,9,8
1060,200Mb,200,8,6
1061,200Mb,200,5,0
1062,200Mb,200,9,4
1063,1000Mb,1000,1,2
1064,1000Mb,1000,6,8
1065,1000Mb,1000,2,3
1066,500Mb,500,1,4
1067,500Mb,500,10,9
1068,1000Mb,1000,8,3
1069,200Mb,200,7,4
1070,200Mb,200,9,10
1071,500Mb,500,7,9
1072,1000Mb,1000,9,1
1073,200Mb,200,5,9
1074,500Mb,500,8,5
1075,200Mb,200,3,1
1076,200Mb,200,7,1
1077,500Mb,500,10,5
1078,1000Mb,1000,7,8
1079,200Mb,200,6,7
1080,500Mb,500,1,10
1081,500Mb,500,3,10
1082,200Mb,200,5,8
1083,500Mb,500,0,4
1084,1000Mb,1000,3,2
1085,200Mb,200,9,0
1086,1000Mb,1000,7,4
1087,200Mb,200,3,7
1088,200Mb,200,4,3
1089,200Mb,200,9,3
1090,500Mb,500,8,10
1091,500Mb,500,9,3
1092,1000Mb,1000,6,4
1093,500Mb,500,10,8
1094,200Mb,200,5,6
1095,1000Mb,1000,8,9
1096,500Mb,500,3,2
1097,200Mb,200,1,6
1098,1000Mb,1000,1,1
1099,1000Mb,1000,6,8
1100,200Mb,200,3,2
1101,500Mb,500,1,8
1102,200Mb,200,6,10
1103,1000Mb,1000,9,6
1104,200Mb,200,5,0
1105,1000Mb,1000,3,9
1106,500Mb,500,4,9
1107,500Mb,500,3,3
1108,1000Mb,1000,8,8
1109,200Mb,200,5,3
1110,200Mb,200,4,6
1111,500Mb,500,6,6
1112,200Mb,200,5,4
1113,500Mb,500,2,9
1114,1000Mb,1000,5,2
1115,1000Mb,1000,7,2
1116,200Mb,200,0,3
1117,500Mb,500,3,3
1118,500Mb,500,5,6
1119,500Mb,500,8,3
1120,200Mb,200,0,2
1121,1000Mb,1000,9,7
1122,500Mb,500,6,7
1123,1000Mb,1000,3,6
1124,200Mb,200,3,5
1125,200Mb,200,0,6
1126,1000Mb,1000,8,9
1127,1000Mb,1000,2,10
1128,1000Mb,1000,3,1
1129,1000Mb,1000,1,2
1130,500Mb,500,1,1
1131,200Mb,200,9,1
1132,1000Mb,1000,0,8
1133,200Mb,200,9,0
1134,1000Mb,1000,8,9
1135,1000Mb,1000,9,0
1136,200Mb,200,5,4
1137,500Mb,500,3,2
1138,500Mb,500,5,9
1139,500Mb,500,4,0
1140,1000Mb,1000,1,3
1141,1000Mb,1000,5,8
1142,500Mb,500,5,2
1143,500Mb,500,6,1
1144,1000Mb,1000,6,9
1145,1000Mb,1000,5,0
1146,1000Mb,1000,3,0
1147,500Mb,500,10,4
1148,200Mb,200,3,4
1149,1000Mb,1000,1,6
1150,1000Mb,1000,0,0
1151,200Mb,200,4,7
1152,500Mb,500,9,1
1153,500Mb,500,6,3
1154,1000Mb,1000,0,5
1155,1000Mb,1000,9,5
1156,1000Mb,1000,5,1
1157,500Mb,500,2,10
1158,1000Mb,1000,6,2
1159,200Mb,200,5,7
1160,200Mb,200,4,2
1161,200Mb,200,1,10
1162,500Mb,500,9,3
1163,200Mb,200,1,1
1164,200Mb,200,1,6
1165,200Mb,200,5,0
1166,200Mb,200,7,0
1167,500Mb,500,4,10
1168,200Mb,200,2,3
1169,200Mb,200,0,10
1170,1000Mb,1000,9,7
1171,200Mb,200,2,10
1172,500Mb,500,8,8
1173,500Mb,500,3,6
1174,200Mb,200,8,8
1175,1000Mb,1000,4,7
1176,1000Mb,1000,8,8
1177,1000Mb,1000,6,2
1178,200Mb,200,4,1
1179,500Mb,500,10,5
1180,1000Mb,1000,6,9
1181,1000Mb,1000,7,2
1182,1000Mb,1000,10,0
1183,200Mb,200,9,8
1184,200Mb,200,3,9
1185,500Mb,500,6,4
1186,500Mb,500,3,8
1187,200Mb,200,2,7
1188,1000Mb,1000,7,3
1189,200Mb,200,8,10
1190,200Mb,200,5,1
1191,1000Mb,1000,10,10
1192,200Mb,200,5,1
1193,200Mb,200,2,7
1194,200Mb,200,6,0
1195,200Mb,200,4,8
1196,1000Mb,1000,5,9
1197,1000Mb,1000,5,2
1198,200Mb,200,5,0
1199,1000Mb,1000,4,0
1200,1000Mb,1000,10,7
1201,500Mb,500,8,5
1202,1000Mb,1000,0,2
1203,500Mb,500,6,3
1204,1000Mb,1000,5,10
1205,1000Mb,1000,7,0
1206,1000Mb,1000,5,9
1207,500Mb,500,0,6
1208,1000Mb,1000,7,3
1209,200Mb,200,10,0
1210,200Mb,200,10,10
1211,500Mb,500,7,1
1212,1000Mb,1000,2,10
1213,1000Mb,1000,3,2
1214,1000Mb,1000,3,0
1215,200Mb,200,5,1
1216,200Mb,200,0,8
1217,1000Mb,1000,7,0
1218,500Mb,500,1,3
1219,200Mb,200,3,2
1220,200Mb,200,1,0
1221,200Mb,200,6,2
1222,500Mb,500,5,6
1223,1000Mb,1000,5,4
1224,200Mb,200,1,2
1225,200Mb,200,3,4
1226,500Mb,500,10,2
1227,1000Mb,1000,4,2
1228,200Mb,200,4,4
1229,500Mb,500,4,8
1230,500Mb,500,9,1
1231,1000Mb,1000,9,4
1232,1000Mb,1000,10,5
1233,200Mb,200,1,10
1234,1000Mb,1000,4,0
1235,1000Mb,1000,6,1
1236,1000Mb,1000,5,2
1237,1000Mb,1000,2,5
1238,200Mb,200,2,9
1239,200Mb,200,7,8
1240,200Mb,200,4,2
1241,1000Mb,1000,0,8
1242,1000Mb,1000,1,3
1243,1000Mb,1000,0,0
1244,200Mb,200,0,9
1245,1000Mb,1000,10,2
1246,1000Mb,1000,3,8
1247,1000Mb,1000,10,2
1248,1000Mb,1000,3,9
1249,1000Mb,1000,4,2
1250,500Mb,500,6,9
1251,500Mb,500,0,1
1252,500Mb,500,10,6
1253,200Mb,200,2,6
1254,1000Mb,1000,1,8
1255,200Mb,200,2,1
1256,500Mb,500,5,3
1257,1000Mb,1000,2,1
1258,1000Mb,1000,8,5
1259,500Mb,500,4,8
1260,500Mb,500,2,2
1261,500Mb,500,9,9
1262,500Mb,500,7,0
1263,200Mb,200,2,0
1264,1000Mb,1000,7,1
1265,500Mb,500,8,3
1266,200Mb,200,10,6
1267,200Mb,200,8,0
1268,200Mb,200,4,8
1269,500Mb,500,6,3
1270,200Mb,200,0,3
1271,200Mb,200,5,0
1272,200Mb,200,0,8
1273,500Mb,500,9,2
1274,200Mb,200,8,6
1275,500Mb,500,1,1
1276,200Mb,200,10,0
1277,1000Mb,1000,5,8
1278,1000Mb,1000,3,8
1279,1000Mb,1000,2,9
1280,200Mb,200,3,10
1281,500Mb,500,9,7
1282,1000Mb,1000,4,9
1283,500Mb,500,5,5
1284,1000Mb,1000,9,2
1285,500Mb,500,4,6
1286,1000Mb,1000,0,6
1287,200Mb,200,8,10
1288,500Mb,500,1,2
1289,1000Mb,1000,4,5
1290,1000Mb,1000,10,2
1291,200Mb,200,5,6
1292,500Mb,500,6,4
1293,200Mb,200,4,7
1294,200Mb,200,0,10
1295,200Mb,200,7,0
1296,500Mb,500,3,1
1297,200Mb,200,1,6
1298,1000Mb,1000,6,1
1299,1000Mb,1000,7,10
1300,1000Mb,1000,0,5
1301,1000Mb,1000,2,2
1302,500Mb,500,1,8
1303,500Mb,500,3,6
1304,500Mb,500,2,7
1305,500Mb,500,0,4
1306,1000Mb,1000,4,6
1307,1000Mb,1000,0,0
1308,200Mb,200,6,0
1309,200Mb,200,1,3
1310,500Mb,500,9,7
1311,200Mb,200,5,1
1312,1000Mb,1000,1,6
1313,200Mb,200,10,10
1314,200Mb,200,7,6
1315,200Mb,200,1,7
1316,200Mb,200,7,7
1317,1000Mb,1000,7,6
1318,500Mb,500,10,5
1319,1000Mb,1000,6,8
1320,1000Mb,1000,10,5
1321,200Mb,200,2,7
1322,200Mb,200,1,6
1323,1000Mb,1000,4,0
1324,1000Mb,1000,3,0
1325,500Mb,500,10,2
1326,200Mb,200,7,10
1327,500Mb,500,0,6
1328,1000Mb,1000,7,6
1329,200Mb,200,10,3
1330,200Mb,200,1,5
1331,200Mb,200,6,8
1332,500Mb,500,3,2
1333,200Mb,200,10,8
1334,500Mb,500,0,6
1335,200Mb,200,7,7
1336,200Mb,200,7,9
1337,200Mb,200,4,8
1338,1000Mb,1000,2,5
1339,500Mb,500,5,8
1340,200Mb,200,3,3
1341,200Mb,200,1,5
1342,200Mb,200,6,10
1343,200Mb,200,4,4
1344,500Mb,500,4,9
1345,1000Mb,1000,7,2
1346,500Mb,500,7,0
1347,1000Mb,1000,1,2
1348,1000Mb,1000,8,1
1349,200Mb,200,10,0
1350,200Mb,200,10,10
1351,1000Mb,1000,6,6
1352,200Mb,200,6,10
1353,200Mb,200,3,5
1354,1000Mb,1000,9,10
1355,500Mb,500,7,7
1356,200Mb,200,2,8
1357,200Mb,200,1,6
1358,1000Mb,1000,9,1
1359,500Mb,500,2,6
1360,1000Mb,1000,1,4
1361,500Mb,500,10,9
1362,1000Mb,1000,9,0
1363,1000Mb,1000,5,8
1364,500Mb,500,9,1
1365,500Mb,500,4,6
1366,200Mb,200,4,7
1367,500Mb,500,10,9
1368,1000Mb,1000,0,7
1369,500Mb,500,10,7
1370,200Mb,200,8,2
1371,1000Mb,1000,4,3
1372,500Mb,500,9,2
1373,1000Mb,1000,7,0
1374,500Mb,500,6,0
1375,500Mb,500,0,9
1376,1000Mb,1000,6,2
1377,1000Mb,1000,3,10
1378,500Mb,500,5,1
1379,200Mb,200,3,10
1380,200Mb,200,8,8
1381,200Mb,200,0,1
1382,500Mb,500,4,8
1383,200Mb,200,2,9
1384,200Mb,200,9,1
1385,200Mb,200,8,3
1386,200Mb,200,6,3
1387,500Mb,500,6,7
1388,500Mb,500,2,0
1389,200Mb,200,9,10
1390,1000Mb,1000,7,3
1391,500Mb,500,8,0
1392,500Mb,500,6,0
1393,200Mb,200,4,0
1394,200Mb,200,3,4
1395,200Mb,200,5,7
1396,1000Mb,1000,3,5
1397,500Mb,500,0,10
1398,500Mb,500,4,5
1399,500Mb,500,2,1
1400,500Mb,500,7,10
1401,200Mb,200,10,7
1402,500Mb,500,4,1
1403,500Mb,500,6,2
1404,500Mb,500,3,5
1405,500Mb,500,8,8
1406,200Mb,200,2,10
1407,200Mb,200,10,7
1408,200Mb,200,10,10
1409,200Mb,200,3,0
1410,200Mb,200,2,2
1411,200Mb,200,0,1
1412,1000Mb,1000,1,3
1413,200Mb,200,7,5
1414,200Mb,200,2,2
1415,500Mb,500,10,0
1416,1000Mb,1000,9,4
1417,200Mb,200,6,6
1418,1000Mb,1000,6,4
1419,500Mb,500,0,10
1420,200Mb,200,8,7
1421,500Mb,500,8,8
1422,500Mb,500,7,10
1423,1000Mb,1000,3,8
1424,1000Mb,1000,3,3
1425,500Mb,500,4,3
1426,200Mb,200,7,1
1427,1000Mb,1000,3,10
1428,1000Mb,1000,9,4
1429,500Mb,500,2,0
1430,200Mb,200,1,0
1431,500Mb,500,8,4
1432,1000Mb,1000,6,2
1433,1000Mb,1000,1,10
1434,200Mb,200,10,4
1435,500Mb,500,4,8
1436,500Mb,500,2,1
1437,1000Mb,1000,8,4
1438,500Mb,500,7,8
1439,1000Mb,1000,7,10
1440,500Mb,500,4,1
1441,200Mb,200,7,4
1442,500Mb,500,4,5
1443,1000Mb,1000,10,2
1444,200Mb,200,2,1
1445,200Mb,200,4,10
1446,1000Mb,1000,0,6
1447,500Mb,500,5,3
1448,1000Mb,1000,1,8
1449,500Mb,500,10,2
1450,1000Mb,1000,7,9
1451,500Mb,500,6,2
1452,500Mb,500,8,0
1453,500Mb,500,5,7
1454,500Mb,500,4,8
1455,500Mb,500,9,7
1456,200Mb,200,6,7
1457,200Mb,200,5,3
1458,500Mb,500,2,6
1459,500Mb,500,1,5
1460,200Mb,200,10,0
1461,500Mb,500,7,2
1462,500Mb,500,8,0
1463,1000Mb,1000,1,0
1464,500Mb,500,6,9
1465,200Mb,200,0,6
1466,200Mb,200,6,9
1467,500Mb,500,3,10
1468,1000Mb,1000,7,1
1469,500Mb,500,5,5
1470,200Mb,200,3,9
1471,1000Mb,1000,2,6
1472,500Mb,500,3,0
1473,200Mb,200,10,1
1474,1000Mb,1000,8,2
1475,500Mb,500,0,2
1476,1000Mb,1000,3,8
1477,1000Mb,1000,3,10
1478,500Mb,500,4,3
1479,200Mb,200,5,4
1480,500Mb,500,1,5
1481,200Mb,200,7,10
1482,500Mb,500,7,2
1483,500Mb,500,6,7
1484,200Mb,200,5,4
1485,200Mb,200,1,3
1486,1000Mb,1000,1,5
1487,200Mb,200,1,1
1488,1000Mb,1000,3,7
1489,1000Mb,1000,1,9
1490,200Mb,200,1,6
1491,200Mb,200,1,6
1492,200Mb,200,8,9
1493,500Mb,500,5,6
1494,200Mb,200,2,6
1495,1000Mb,1000,5,8
1496,500Mb,500,5,6
1497,1000Mb,1000,7,3
1498,200Mb,200,8,6
1499,500Mb,500,7,7
1500,500Mb,500,1,0
1501,200Mb,200,0,7
1502,1000Mb,1000,6,3
1503,200Mb,200,6,10
1504,1000Mb,1000,7,2
1505,500Mb,500,0,8
1506,1000Mb,1000,5,0
1507,500Mb,500,0,8
1508,1000Mb,1000,3,10
1509,1000Mb,1000,6,6
1510,500Mb,500,7,10
1511,1000Mb,1000,1,4
1512,200Mb,200,2,8
1513,500Mb,500,4,2
1514,1000Mb,1000,8,6
1515,200Mb,200,4,2
1516,200Mb,200,3,8
1517,500Mb,500,3,10
1518,1000Mb,1000,2,1
1519,500Mb,500,0,8
1520,200Mb,200,4,3
1521,200Mb,200,5,7
1522,500Mb,500,3,6
1523,500Mb,500,2,0
1524,1000Mb,1000,3,1
1525,1000Mb,1000,7,1
1526,1000Mb,1000,3,0
1527,1000Mb,1000,0,10
1528,1000Mb,1000,1,2
1529,200Mb,200,7,2
1530,200Mb,200,5,8
1531,500Mb,500,5,4
1532,1000Mb,1000,0,3
1533,200Mb,200,7,3
1534,200Mb,200,9,9
1535,1000Mb,1000,4,6
1536,200Mb,200,7,4
1537,1000Mb,1000,8,3
1538,1000Mb,1000,3,0
1539,1000Mb,1000,0,1
1540,500Mb,500,0,2
1541,200Mb,200,3,7
1542,500Mb,500,1,7
1543,200Mb,200,10,8
1544,200Mb,200,9,6
1545,1000Mb,1000,7,0
1546,500Mb,500,7,4
1547,200Mb,200,6,1
1548,200Mb,200,4,5
1549,1000Mb,1000,4,5
1550,1000Mb,1000,7,8
1551,1000Mb,1000,8,8
1552,200Mb,200,1,10
1553,200Mb,200,2,1
1554,200Mb,200,3,3
1555,1000Mb,1000,0,8
1556,1000Mb,1000,9,0
1557,500Mb,500,4,5
1558,500Mb,500,3,5
1559,1000Mb,1000,9,9
1560,1000Mb,1000,6,4
1561,1000Mb,1000,10,7
1562,500Mb,500,9,8
1563,1000Mb,1000,10,6
1564,500Mb,500,3,3
1565,200Mb,200,0,6
1566,1000Mb,1000,6,6
1567,200Mb,200,5,10
1568,200Mb,200,4,8
1569,500Mb,500,5,3
1570,200Mb,200,9,5
1571,1000Mb,1000,2,3
1572,500Mb,500,5,0
1573,1000Mb,1000,10,4
1574,1000Mb,1000,10,2
1575,1000Mb,1000,8,4
1576,500Mb,500,9,8
1577,500Mb,500,0,9
1578,1000Mb,1000,0,10
1579,200Mb,200,8,3
1580,500Mb,500,1,8
1581,1000Mb,1000,9,3
1582,500Mb,500,10,7
1583,200Mb,200,7,3
1584,200Mb,200,3,10
1585,1000Mb,1000,9,9
1586,1000Mb,1000,9,5
1587,200Mb,200,8,1
1588,1000Mb,1000,1,7
1589,1000Mb,1000,5,5
1590,500Mb,500,4,2
1591,200Mb,200,4,10
1592,1000Mb,1000,9,3
1593,200Mb,200,4,2
1594,500Mb,500,1,3
1595,1000Mb,1000,8,6
1596,500Mb,500,6,1
1597,200Mb,200,2,2
1598,500Mb,500,5,3
1599,1000Mb,1000,9,1
1600,500Mb,500,7,9
1601,200Mb,200,7,6
1602,500Mb,500,0,7
1603,1000Mb,1000,3,4
1604,200Mb,200,4,1
1605,1000Mb,1000,8,5
1606,500Mb,500,9,9
1607,500Mb,500,0,9
1608,200Mb,200,3,7
1609,1000Mb,1000,10,7
1610,500Mb,500,2,7
1611,1000Mb,1000,4,2
1612,500Mb,500,2,8
1613,1000Mb,1000,2,2
1614,1000Mb,1000,1,4
1615,200Mb,200,3,3
1616,500Mb,500,8,5
1617,200Mb,200,2,10
1618,500Mb,500,3,9
1619,200Mb,200,9,7
1620,500Mb,500,1,2
1621,500Mb,500,7,7
1622,200Mb,200,9,10
1623,1000Mb,1000,5,10
1624,200Mb,200,5,4
1625,1000Mb,1000,7,0
1626,200Mb,200,10,1
1627,1000Mb,1000,3,0
1628,1000Mb,1000,7,7
1629,1000Mb,1000,1,7
1630,500Mb,500,3,3
1631,1000Mb,1000,2,4
1632,1000Mb,1000,2,0
1633,1000Mb,1000,1,4
1634,1000Mb,1000,6,2
1635,1000Mb,1000,8,8
1636,1000Mb,1000,0,4
1637,500Mb,500,7,4
1638,200Mb,200,7,6
1639,1000Mb,1000,0,3
1640,500Mb,500,8,6
1641,1000Mb,1000,3,10
1642,500Mb,500,3,6
1643,1000Mb,1000,1,3
1644,200Mb,200,2,5
1645,500Mb,500,10,2
1646,200Mb,200,8,0
1647,1000Mb,1000,10,4
1648,200Mb,200,2,2
1649,200Mb,200,2,1
1650,1000Mb,1000,4,7
1651,200Mb,200,3,6
1652,500Mb,500,6,5
1653,1000Mb,1000,10,2
1654,200Mb,200,1,3
1655,500Mb,500,0,4
1656,1000Mb,1000,10,10
1657,200Mb,200,5,9
1658,200Mb,200,10,4
1659,500Mb,500,7,4
1660,1000Mb,1000,10,0
1661,500Mb,500,7,7
1662,1000Mb,1000,3,6
1663,200Mb,200,8,4
1664,500Mb,500,9,3
1665,1000Mb,1000,7,3
1666,200Mb,200,2,4
1667,200Mb,200,4,6
1668,1000Mb,1000,10,2
1669,500Mb,500,6,1
1670,1000Mb,1000,10,7
1671,500Mb,500,0,7
1672,200Mb,200,5,9
1673,500Mb,500,5,5
1674,500Mb,500,9,3
1675,500Mb,500,1,0
1676,1000Mb,1000,5,1
1677,200Mb,200,5,6
1678,200Mb,200,6,5
1679,200Mb,200,9,7
1680,200Mb,200,2,5
1681,1000Mb,1000,3,7
1682,200Mb,200,6,8
1683,200Mb,200,6,5
1684,1000Mb,1000,5,7
1685,500Mb,500,9,2
1686,1000Mb,1000,9,0
1687,200Mb,200,1,5
1688,200Mb,200,4,8
1689,1000Mb,1000,9,10
1690,500Mb,500,1,1
1691,200Mb,200,9,4
1692,500Mb,500,2,5
1693,200Mb,200,9,1
1694,1000Mb,1000,9,3
1695,500Mb,500,7,1
1696,500Mb,500,1,0
1697,1000Mb,1000,0,2
1698,500Mb,500,6,7
1699,500Mb,500,0,8
1700,200Mb,200,6,4
1701,1000Mb,1000,0,1
1702,200Mb,200,8,3
1703,1000Mb,1000,6,0
1704,500Mb,500,7,2
1705,200Mb,200,5,5
1706,500Mb,500,4,9
1707,500Mb,500,10,0
1708,1000Mb,1000,0,8
1709,500Mb,500,5,8
1710,200Mb,200,6,3
1711,1000Mb,1000,1,8
1712,500Mb,500,3,8
1713,200Mb,200,8,7
1714,500Mb,500,4,9
1715,500Mb,500,6,2
1716,1000Mb,1000,9,10
1717,1000Mb,1000,3,8
1718,500Mb,500,4,0
1719,200Mb,200,10,5
1720,1000Mb,1000,10,7
1721,200Mb,200,4,5
1722,200Mb,200,2,0
1723,200Mb,200,7,0
1724,1000Mb,1000,6,1
1725,1000Mb,1000,8,1
1726,200Mb,200,2,4
1727,200Mb,200,1,7
1728,1000Mb,1000,9,5
1729,1000Mb,1000,1,4
1730,1000Mb,1000,9,10
1731,500Mb,500,1,8
1732,1000Mb,1000,10,0
1733,200Mb,200,5,1
1734,200Mb,200,0,7
1735,200Mb,200,3,0
1736,500Mb,500,9,4
1737,500Mb,500,4,1
1738,1000Mb,1000,9,7
1739,500Mb,500,0,2
1740,500Mb,500,8,0
1741,1000Mb,1000,3,2
1742,500Mb,500,6,9
1743,500Mb,500,6,0
1744,200Mb,200,1,4
1745,1000Mb,1000,5,9
1746,500Mb,500,8,8
1747,200Mb,200,7,10
1748,200Mb,200,5,8
1749,1000Mb,1000,5,9
1750,1000Mb,1000,0,7
1751,1000Mb,1000,3,7
1752,1000Mb,1000,0,10
1753,1000Mb,1000,10,8
1754,1000Mb,1000,8,5
1755,200Mb,200,6,0
1756,1000Mb,1000,2,6
1757,200Mb,200,1,1
1758,200Mb,200,4,5
1759,1000Mb,1000,3,7
1760,1000Mb,1000,8,2
1761,500Mb,500,4,9
1762,500Mb,500,8,6
1763,200Mb,200,2,6
1764,200Mb,200,6,3
1765,1000Mb,1000,3,9
1766,200Mb,200,1,2
1767,500Mb,500,4,5
1768,1000Mb,1000,0,3
1769,1000Mb,1000,8,5
1770,1000Mb,1000,10,1
1771,1000Mb,1000,1,8
1772,200Mb,200,8,2
1773,200Mb,200,10,2
1774,1000Mb,1000,9,8
1775,200Mb,200,2,6
1776,200Mb,200,4,7
1777,200Mb,200,5,7
1778,200Mb,200,5,3
1779,500Mb,500,1,3
1780,500Mb,500,8,1
1781,500Mb,500,4,7
1782,1000Mb,1000,5,0
1783,200Mb,200,9,4
1784,500Mb,500,6,1
1785,500Mb,500,10,5
1786,500Mb,500,9,6
1787,1000Mb,1000,5,5
1788,1000Mb,1000,5,5
1789,500Mb,500,8,3
1790,500Mb,500,5,0
1791,200Mb,200,6,5
1792,1000Mb,1000,4,9
1793,200Mb,200,2,6
1794,500Mb,500,9,2
1795,500Mb,500,8,0
1796,1000Mb,1000,6,8
1797,200Mb,200,2,8
1798,1000Mb,1000,8,1
1799,1000Mb,1000,3,2
1800,500Mb,500,3,3
1801,500Mb,500,0,6
1802,500Mb,500,0,3
1803,1000Mb,1000,2,9
1804,500Mb,500,5,1
1805,500Mb,500,7,6
1806,500Mb,500,8,0
1807,500Mb,500,0,2
1808,200Mb,200,0,6
1809,1000Mb,1000,5,2
1810,200Mb,200,0,9
1811,200Mb,200,2,9
1812,200Mb,200,1,7
1813,500Mb,500,0,2
1814,200Mb,200,2,9
1815,200Mb,200,3,0
1816,200Mb,200,6,9
1817,200Mb,200,6,3
1818,1000Mb,1000,2,6
1819,500Mb,500,2,4
1820,1000Mb,1000,10,7
1821,500Mb,500,8,4
1822,1000Mb,1000,4,2
1823,500Mb,500,3,6
1824,500Mb,500,9,1
1825,500Mb,500,7,8
1826,1000Mb,1000,5,5
1827,500Mb,500,7,10
1828,1000Mb,1000,8,10
1829,500Mb,500,6,6
1830,1000Mb,1000,6,3
1831,200Mb,200,4,1
1832,200Mb,200,4,0
1833,1000Mb,1000,9,10
1834,500Mb,500,5,5
1835,200Mb,200,3,0
1836,500Mb,500,6,8
1837,500Mb,500,0,2
1838,500Mb,500,6,10
1839,500Mb,500,9,2
1840,500Mb,500,9,7
1841,200Mb,200,8,10
1842,1000Mb,1000,9,3
1843,200Mb,200,7,6
1844,500Mb,500,7,6
1845,500Mb,500,9,10
1846,500Mb,500,8,9
1847,1000Mb,1000,8,6
1848,500Mb,500,4,3
1849,1000Mb,1000,9,7
1850,200Mb,200,6,8
1851,1000Mb,1000,5,7
1852,1000Mb,1000,5,2
1853,1000Mb,1000,9,7
1854,1000Mb,1000,0,10
1855,500Mb,500,1,9
1856,200Mb,200,2,5
1857,1000Mb,1000,1,1
1858,500Mb,500,5,1
1859,1000Mb,1000,8,0
1860,1000Mb,1000,10,5
1861,1000Mb,1000,9,5
1862,200Mb,200,0,8
1863,1000Mb,1000,8,5
1864,200Mb,200,4,0
1865,500Mb,500,5,7
1866,500Mb,500,10,0
1867,1000Mb,1000,10,9
1868,500Mb,500,6,9
1869,500Mb,500,3,7
1870,200Mb,200,9,10
1871,200Mb,200,10,7
1872,200Mb,200,6,6
1873,200Mb,200,6,8
1874,500Mb,500,4,8
1875,500Mb,500,8,4
1876,1000Mb,1000,0,4
1877,500Mb,500,7,1
1878,500Mb,500,7,8
1879,200Mb,200,10,5
1880,500Mb,500,10,2
1881,500Mb,500,1,4
1882,500Mb,500,3,4
1883,200Mb,200,6,1
1884,200Mb,200,3,7
1885,1000Mb,1000,7,8
1886,500Mb,500,8,0
1887,500Mb,500,1,5
1888,200Mb,200,0,9
1889,500Mb,500,8,2
1890,500Mb,500,0,1
1891,1000Mb,1000,0,0
1892,500Mb,500,2,7
1893,200Mb,200,7,1
1894,1000Mb,1000,4,6
1895,1000Mb,1000,4,1
1896,500Mb,500,10,7
1897,200Mb,200,9,6
1898,1000Mb,1000,6,4
1899,500Mb,500,5,7
1900,500Mb,500,1,9
1901,500Mb,500,3,5
1902,1000Mb,1000,7,10
1903,200Mb,200,6,8
1904,500Mb,500,4,6
1905,500Mb,500,9,0
1906,500Mb,500,4,9
1907,500Mb,500,2,0
1908,200Mb,200,2,0
1909,500Mb,500,3,5
1910,1000Mb,1000,9,9
1911,500Mb,500,2,9
1912,200Mb,200,2,0
1913,1000Mb,1000,3,3
1914,1000Mb,1000,9,1
1915,200Mb,200,1,1
1916,200Mb,200,8,7
1917,200Mb,200,8,1
1918,500Mb,500,4,2
1919,500Mb,500,10,2
1920,200Mb,200,4,8
1921,1000Mb,1000,1,2
1922,1000Mb,1000,0,6
1923,1000Mb,1000,2,0
1924,500Mb,500,3,6
1925,1000Mb,1000,9,10
1926,1000Mb,1000,8,4
1927,200Mb,200,7,5
1928,1000Mb,1000,6,2
1929,500Mb,500,5,1
1930,200Mb,200,10,9
1931,200Mb,200,10,10
1932,500Mb,500,8,10
1933,200Mb,200,1,6
1934,1000Mb,1000,2,6
1935,200Mb,200,0,7
1936,500Mb,500,5,8
1937,500Mb,500,2,7
1938,200Mb,200,3,8
1939,200Mb,200,10,3
1940,200Mb,200,9,8
1941,1000Mb,1000,2,6
1942,200Mb,200,5,0
1943,200Mb,200,2,2
1944,500Mb,500,5,1
1945,200Mb,200,1,4
1946,200Mb,200,8,7
1947,1000Mb,1000,6,7
1948,500Mb,500,7,10
1949,1000Mb,1000,6,10
1950,200Mb,200,5,0
1951,200Mb,200,3,7
1952,500Mb,500,2,7
1953,1000Mb,1000,0,2
1954,200Mb,200,3,2
1955,500Mb,500,6,2
1956,1000Mb,1000,10,7
1957,500Mb,500,9,10
1958,1000Mb,1000,5,10
1959,500Mb,500,7,1
1960,1000Mb,1000,8,9
1961,1000Mb,1000,9,5
1962,500Mb,500,7,8
1963,1000Mb,1000,9,7
1964,500Mb,500,2,1
1965,200Mb,200,6,4
1966,200Mb,200,4,9
1967,1000Mb,1000,3,10
1968,1000Mb,1000,6,3
1969,200Mb,200,1,4
1970,500Mb,500,3,6
1971,200Mb,200,5,2
1972,500Mb,500,6,9
1973,500Mb,500,8,9
1974,1000Mb,1000,6,6
1975,500Mb,500,10,1
1976,200Mb,200,7,10
1977,500Mb,500,7,2
1978,1000Mb,1000,6,3
1979,200Mb,200,8,9
1980,500Mb,500,8,0
1981,200Mb,200,0,7
1982,200Mb,200,0,6
1983,500Mb,500,0,10
1984,500Mb,500,10,7
1985,500Mb,500,9,0
1986,1000Mb,1000,10,10
1987,1000Mb,1000,5,3
1988,1000Mb,1000,8,2
1989,500Mb,500,6,2
1990,1000Mb,1000,5,1
1991,200Mb,200,8,8
1992,200Mb,200,2,5
1993,1000Mb,1000,0,2
1994,500Mb,500,1,0
1995,200Mb,200,5,2
1996,200Mb,200,5,8
1997,500Mb,500,8,8
1998,500Mb,500,6,1
1999,500Mb,500,5,1
