+48396795194,20,2344,431,1060,200,600,300
+48519593639,18,1814,532,1316,250,400,500
+48974231688,15,2404,629,1053,200,800,100
+48461699185,20,604,684,931,400,800,100
+48316161934,18,2315,644,1126,400,800,400
+48268489993,16,1021,536,1167,250,700,100
+48438329361,20,1747,586,602,200,500,200
+48277569385,16,1574,502,974,200,700,300
+48244861449,14,2171,698,1183,200,700,100
+48925648683,19,1685,376,578,350,700,200
+48975332518,15,1804,540,1075,350,400,500
+48761612939,16,1144,402,1285,400, , 
+48172727791,16,1646,474,852,250, ,400
+48792863143,15,1534,622,821,400,800,200
+48389876543,17,1642,669,1114,250,700,100
+48482412143,19,1530,570,609,400,700, 
+48218351941,14,1962,525,784,200, , 
+48977221394,20,1661,435,691,200,500,400
+48555231545,18,1806,640,1348,250,700,100
+48796567955,20,1666,695,1010,200,700,500
+48957268633,17,579,546,1122,350,700,500
+48846951157,20,2349,388,755,400,700,400
+48211823145,18,1644,472,1115,200,600,300
+48715747225,14,1818,600,882,350,600,400
+48876354554,14,1908,550,1225,250,500,300
+48738248545,14,1879,427,736,400,800,200
+48777234997,16,677,463,622,250,600,500
+48638675826,19,1743,492,1162,400,700,500
+48499994425,17,2052,376,980,350,400,100
+48121656486,15,561,495,1009,200,700,300
+48262654912,14,2469,418,1319,250,700,300
+48564162234,18,480,466,666,350,600,300
+48799618447,16,1740,548,567,200,800,200
+48739657973,20,2200,458,1389,400,400,200
+48144493484,16,2272,586,601,250,500,300
+48753672447,14,267,525,897,250,800,400
+48863443858,16,1467,501,769,350,800,300
+48453159667,17,1655,680,872,250,800,100
+48685829595,20,1696,491,1399,350,400,400
+48835716893,16,1554,559,1381,200,500,200
+48265523916,18,1665,687,749,200,600,500
+48594559155,16,2354,389,459,350,400, 
+48645691227,14,1728,691,1228,250,400,100
+48434371627,14,2056,635,861,250,500,200
+48145456872,17,1341,532,1059,350, ,100
+48579729675,19,2115,692,712,350,600, 
+48534825427,17,1129,419,747,400,400,500
+48621745288,15,1999,469,1368,250,400,300
+48119611585,20,1198,631,843,200,500,200
+48534542424,19,1720,542,1238,400,500, 
+48328331632,14,1424,490,1331,350,600,400
+48825965765,19,2002,541,884,250,600,400
+48984117986,16,2281,434,1180,200,600,100
+48728344752,16,2488,576,1216,400,700,100
+48662384465,18,1241,601,907,350,500,200
+48384881298,17,1980,515,680,350,800,500
+48298133376,14,2050,565,1231,250,500,500
+48575313547,18,1873,523,587,250,700,400
+48849144669,20,2339,664,820,250,800,400
+48236341272,16,1778,702,773,350, ,300
+48297591758,16,2175,385,540,400,400, 
+48952645498,16,1617,662,669,400,500,400
+48221875216,14,1216,675,1178,400,800,300
+48364892663,14,1933,615,734,200,500,300
+48642254622,15,280,619,1069,350, ,100
+48576316371,16,1930,705,978,350, ,100
+48368491452,14,1650,475,883,350,800,200
+48378749172,19,2267,697,1185,350, , 
+48943921523,19,2257,428,997,200,800,500
+48923218891,16,711,459,897,250,400,300
+48478943756,20,1923,665,747,200,800,300
+48578799422,19,1600,430,1255,250,400,300
+48576863599,14,1605,553,602,250, ,300
+48898817344,16,2091,600,919,250,400,400
+48945673948,20,2254,664,786,400,400,300
+48663175586,16,636,715,939,250,600, 
+48783722553,15,2220,475,658,250, ,500
+48852158158,19,584,565,953,200, ,200
+48446868498,15,1838,563,702,400,400,200
+48435283383,18,1573,456,531,400,600,300
+48891721316,20,1255,449,660,200,700,100
+48797181853,15,1815,579,1357,250,600,300
+48489476621,19,1851,607,761,250,700,300
+48728379956,17,2039,380,769,350,800,500
+48762387699,14,1596,511,594,250,800, 
+48984834754,16,633,642,908,350,400,200
+48521132772,16,1836,488,860,350,800,400
+48957418963,16,1582,690,825,250,800, 
+48139896385,20,464,553,864,350, ,500
+48964279788,20,1192,464,1262,400,700, 
+48755866298,14,2332,536,793,250,800,400
+48678524589,18,2250,466,740,400, ,500
+48311561298,14,1715,688,954,200,600,100
+48215584762,16,1737,507,1326,200,500,500
+48571431358,19,2030,378,1368,400,600, 
+48327152592,14,417,379,636,400,600, 
+48755224359,17,2140,516,813,200,800,500
+48698449247,15,1428,373,1098,200,500,500
+48956999834,20,1408,519,558,200, ,200
+48556654537,18,2359,596,1336,250,800,200
+48711931812,20,1692,601,1218,350,800,200
+48397844955,18,1914,542,997,350,800,100
+48428252468,19,2425,483,639,400,400,200
+48266881226,14,2166,719,1075,400,500,100
+48415346657,17,818,419,633,400,600, 
+48571431358,17,2030,690,1181,400,500,500
+48977747643,18,1790,369,1316,350,700,300
+48787587876,20,2156,365,739,400,800,400
+48764826345,17,1542,449,770,350, , 
+48755329111,14,2036,399,1184,200, ,400
+48223796427,14,2028,416,1036,400,400,400
+48777291771,20,1292,567,746,200,700, 
+48799329587,19,1551,437,1321,250,800,300
+48425392272,15,447,525,1288,200,700,300
+48382694495,17,2025,609,1298,350,600,300
+48879437839,16,2094,451,535,250,600, 
+48995768541,14,1770,656,1067,350,500,500
+48814661125,19,1526,481,1150,400,500,300
+48895189827,18,2175,504,752,200,700, 
+48191817739,17,2055,478,656,350, , 
+48679278172,17,1722,447,978,250,600,100
+48789175438,15,66,471,1126,250,400,300
+48923821821,19,1922,700,1375,200, ,100
+48525756486,20,632,430,1092,350, ,500
+48371424174,17,1600,457,878,350,600, 
+48392647582,14,2309,703,871,200,800,300
+48845139617,20,1569,705,1358,400,600,100
+48226281929,14,1615,483,1142,200,800,200
+48342627932,17,1914,551,1297,400,400,300
+48196837212,18,1858,698,1147,200,500, 
+48588474572,20,1291,716,1111,250,600,100
+48371365873,17,1944,612,989,200,800,300
+48347532599,18,2197,387,652,400, , 
+48335198927,14,1754,578,1242,250, ,500
+48418297272,14,1932,489,1198,350,400,100
+48797181853,16,1815,648,686,400,400,200
+48588966831,17,2472,636,1398,400,800,400
+48746854782,16,1293,531,1204,250,800,100
+48755776745,14,1624,691,813,350,400,300
+48399634256,17,2041,371,585,400,700,400
+48616212988,16,2431,519,613,350,800,300
+48282825432,17,2320,418,875,200,800,500
+48982515736,18,1692,559,1284,400,600,500
+48271687195,18,2398,695,851,350,500,400
+48267666954,16,2420,444,829,200,500,300
+48846359744,14,2278,633,894,400,600,300
+48224784489,18,2493,431,963,200,800,500
+48585733179,17,2403,621,1045,400,600,200
+48869134431,18,1629,458,996,200,400,100
+48627884532,20,1573,579,825,400,400, 
+48738248545,14,1879,458,1024,400,400,200
+48199446367,17,2293,650,1027,400,500,300
+48663413382,18,2246,373,1060,400,400, 
+48863181932,14,226,633,743,400,700, 
+48726427139,18,1381,382,929,200, ,100
+48258994541,19,2336,390,735,250, ,200
+48828736992,16,1530,539,692,250,800,200
+48293767962,20,2431,561,706,400, ,500
+48582712482,16,2080,457,1364,400, ,300
+48367841368,20,2284,546,554,250, ,200
+48734288292,17,649,691,1324,250,700,400
+48477556869,20,1304,566,577,350,700,300
+48919174941,17,1659,589,1008,350,800,300
+48123732525,20,1505,388,565,400,600,100
+48783521558,16,906,461,899,400,500, 
+48832141298,20,1618,385,1136,350,600,500
+48455871489,15,1192,375,930,250,700,300
+48385541857,19,2441,523,1050,350, ,100
+48214654747,14,1637,394,899,350, ,500
+48274122762,15,760,421,1104,250,700,200
+48247968446,15,1484,577,853,250,700,500
+48813668312,18,1958,686,1098,200,400,300
+48443268223,16,2316,476,1373,350,800,100
+48426122943,17,1911,716,1359,400,600,300
+48649999972,16,2093,498,798,200,600,300
+48166382523,16,2234,390,461,200, ,200
+48886574137,20,1587,434,745,350,800,200
+48598785139,16,1682,618,1079,200, ,200
+48678342347,18,1089,708,1173,200,700,300
+48849779353,20,2433,680,783,250,800,200
+48164122456,18,1721,481,875,200,700, 
+48342122233,19,1517,548,954,400,400, 
+48719661442,20,2431,705,1071,250,500,100
+48167777573,20,784,719,982,400,500,200
+48799731651,19,2198,605,631,350, , 
+48359655813,15,1502,460,1001,400,800,200
+48779791428,16,1444,416,640,400,600,400
+48733279688,18,2243,649,1224,200, ,300
+48963466863,14,2192,632,1254,200,800,100
+48964264835,14,1853,418,811,350,400,300
+48674181923,18,1739,648,958,400,800,300
+48394153123,16,2145,572,828,250,500,500
+48778992946,14,2277,374,521,250,700,300
+48426841752,16,1605,529,947,350,600, 
+48873965749,16,2220,415,1064,350,800,500
+48499994425,20,2052,374,761,200,500, 
+48287669413,18,1920,386,712,200, ,400
+48876886366,18,1714,566,915,350,700,200
+48757422562,19,490,533,780,200,700,300
+48596571667,20,1748,692,1133,200, ,500
+48491124493,16,2206,374,594,350,700, 
+48634225277,17,525,478,1245,400,500,400
+48443794574,14,1934,589,1264,200,500,200
+48166675684,20,2498,608,1182,250,800,400
+48119827763,14,2452,646,1305,350, ,300
+48827833664,16,1866,573,1353,250,600,300
+48418297272,19,1932,484,636,200,800,200
+48894894415,19,2155,463,1299,200,800,500
+48331142534,20,2404,468,1252,200,600, 
+48475196559,20,2121,497,739,200,700,400
+48893933363,20,1611,693,969,350,400,300
+48477852217,16,2385,398,1214,350, ,100
+48615368797,17,385,625,945,350,600,400
+48892336331,14,1982,673,1201,250,700,100
+48288956743,19,1897,489,704,350,500,400
+48993243413,14,2098,581,1058,400,800,300
+48837335362,15,2242,368,443,250,500,400
+48851236957,18,2240,465,889,250,500,400
+48373814396,18,1661,568,865,400,700,400
+48192697252,15,2130,601,1330,200,800,200
+48173955993,17,2007,409,487,400,500,400
+48918932155,14,2017,578,1173,200, ,300
+48382694192,15,2018,425,445,400,600,400
+48594559155,19,2354,500,617,350,500,300
+48617991914,16,507,533,1141,250,400,400
+48663682341,14,1534,698,778,400, , 
+48861989419,17,695,627,731,200, ,500
+48766292433,14,2064,548,1361,350, ,500
+48691594125,15,1553,705,740,250,600,500
+48379387162,20,2391,675,1186,250,500,300
+48845734129,14,1000,643,1207,200,600,300
+48752972197,17,2244,451,503,200,500,100
+48411632132,16,1830,650,1066,400,700,300
+48574191858,20,1501,687,1373,250, , 
+48886953893,17,1410,624,772,200,500, 
+48768961911,19,2283,638,1003,400,800,300
+48176888992,18,1960,626,984,200,800,500
+48243831156,16,1954,491,930,400, ,500
+48656513264,16,2092,638,841,350,800,100
+48438822761,16,1506,604,613,200,600, 
+48156359244,16,2005,657,1180,400, ,400
+48535963899,14,678,684,833,200,600,500
+48781858389,18,2188,683,1331,200,700,400
+48126612776,17,2360,477,1038,350,700, 
+48728959118,19,1729,590,1192,400,400,300
+48315532255,18,2053,546,1298,200,800,100
+48571431358,16,2030,515,1014,250, ,200
+48736125833,20,938,591,1037,200,500,400
+48732881998,18,2082,556,734,250,600,400
+48976538252,18,493,421,465,350,700, 
+48933188555,18,744,563,650,400,800, 
+48611244593,14,2047,715,1181,200,500, 
+48937222383,20,2267,716,1040,400,700,300
+48123285433,20,2038,515,1319,350,500,400
+48474322544,15,1876,641,840,400,700,400
+48612991161,19,2231,402,798,200, , 
+48524272383,15,2419,672,844,200,600,100
+48978344661,16,1674,518,1388,200,600,500
+48546981165,16,1383,493,1199,250,600,500
+48275982561,20,1635,683,920,250,500,100
+48551638346,16,1647,558,1262,200,600,100
+48755597154,18,2228,397,651,250,400,500
+48974356984,15,2495,472,846,200,800,200
+48923894829,19,1570,455,901,400,700,300
+48324791822,16,1865,665,984,250,700,200
+48278448948,19,2497,659,865,250,700,400
+48688291197,19,1730,484,690,250,500,100
+48498952216,18,1166,583,1125,200,700,500
+48788113256,19,2403,565,1142,250,700,100
+48551621945,15,1708,571,923,200,800,300
+48425687913,17,310,627,1259,400,400,200
+48123551822,14,759,670,762,200,700,300
+48186383511,15,1806,702,1012,200,400,200
+48541384765,20,522,538,1027,200,800,200
+48477942633,14,799,450,816,350,700,500
+48823119127,19,1613,574,583,250,500,500
+48714767532,20,1891,678,1233,350,700,400
+48255771842,19,757,560,1191,250,700, 
+48139956862,19,326,470,761,400,500,300
+48111647626,15,2329,524,776,350,500,400
+48867771671,17,1472,523,859,200,400,500
+48565419868,18,1780,462,650,250,700,400
+48644645819,14,434,386,987,250,400,300
+48525359421,17,1516,637,695,400,800,500
+48432637679,16,1754,546,957,250,700,400
+48798728399,17,1706,607,1371,350,600,300
+48668657535,18,2021,674,1158,400,600,100
+48924973166,14,2213,505,944,200,600,300
+48846164259,19,1613,532,780,200,800,300
+48732489915,14,1719,675,1017,200,600,400
+48656135445,20,2199,538,1354,350,600, 
+48799618447,19,1740,621,1089,350, ,300
+48841493588,16,1612,594,1096,250,700,300
+48298426387,16,1682,541,1319,400,700,100
+48968228229,19,2232,495,1013,400,500,100
+48749279362,16,2485,692,936,250,400,300
+48268717679,18,2009,642,695,250,400,400
+48612456716,18,2325,495,609,400,800,500
+48839162769,18,1985,468,854,400,500,400
+48153143457,18,2299,666,1375,200,600,100
+48829597592,20,1802,688,1075,250,400, 
+48724136665,16,1064,374,1269,250,500,200
+48219762874,17,1517,556,900,250,800,300
+48544897227,20,2190,384,524,200,800,200
+48274688822,14,82,555,944,200,400,200
+48974941497,20,1751,561,1241,200,500,200
+48257345471,19,2049,507,1046,250,500,400
+48794126941,15,2491,617,765,400, ,500
+48313534977,15,541,700,1111,400, ,500
+48292422943,14,131,580,904,200,700,200
+48444289926,18,2333,646,1396,250,700,500
+48688291197,16,1730,548,1397,250,700,200
+48948773283,15,2123,588,1204,200,500, 
+48196837212,15,1858,582,582,350,500, 
+48433191117,16,2261,496,1179,250,800,400
+48921425263,15,1039,662,1032,250,500,300
+48382744574,14,2091,677,821,250, ,500
+48581485932,14,1124,569,930,200,800,500
+48878924746,16,2085,648,915,250,500,200
+48722195711,16,1621,555,1131,350,800, 
+48338732392,14,1004,679,1361,250, ,400
+48865273829,18,2071,589,762,400,600, 
+48899732522,16,1826,491,1181,400,600,300
+48715921498,18,1281,455,934,350,600, 
+48283698148,14,836,509,612,350,800,200
+48159889736,18,675,615,881,350,600,500
+48316417254,14,1837,708,716,400,700, 
+48676889398,17,1862,646,1177,350, ,200
+48475364342,14,1853,539,884,200,500,200
+48665618421,18,2192,629,637,350,500,100
+48868841979,15,2237,544,578,250,400,500
+48857521784,19,2292,370,814,250,700,200
+48248948986,15,2011,491,1080,350,500,200
+48524734274,19,1492,581,1277,400,800,200
+48526437697,20,2147,466,1302,400,800,400
+48267648336,15,1693,654,1226,350,700, 
+48942573244,17,2167,423,908,200,800,200
+48846544195,15,1548,706,752,250,700, 
+48144735839,16,1338,606,965,400, ,300
+48129562193,16,1859,554,1385,350,800,400
+48942624276,17,540,550,1311,400, ,300
+48445761117,14,1577,581,962,400,700,100
+48253587574,17,2433,516,1185,250,800, 
+48977747643,15,1790,488,926,250,700,200
+48217354691,18,1541,366,1143,400,600,500
+48247936797,19,1527,540,1391,400,800,400
+48549651248,16,1895,427,1038,200,500,100
+48752617829,16,2101,511,1026,250,500,200
+48353495468,17,35,554,1305,200, ,100
+48377947298,18,1269,632,893,350,400,500
+48593843832,18,2115,549,1102,200,700,300
+48864312483,20,684,476,904,250,400, 
+48572474321,17,2398,590,1036,350,800,200
+48582523887,17,2075,606,1141,200,700,200
+48794513878,18,2409,566,629,200,400,200
+48789461881,20,1965,515,1231,200,800,400
+48352883449,17,2259,368,937,350, ,400
+48817414915,16,2333,425,1025,200,800,100
+48149952659,19,1649,720,797,400,600,500
+48947589418,20,2212,412,868,350,400,200
+48237495979,15,1827,564,825,350,700,300
+48738965977,16,1855,615,1151,250,600, 
+48324461733,14,2365,690,694,200, ,400
+48963466863,15,2192,665,720,250, , 
+48338327474,17,2270,568,1399,200, ,100
+48618599177,20,41,549,838,250,500,400
+48518479911,18,929,602,1130,250,700, 
+48457494998,14,1597,368,423,400, , 
+48453159667,17,1655,386,1229,200,600,500
+48559674717,14,430,544,1090,250,800,500
+48438822761,20,1506,555,975,350,700,300
+48552498682,19,1989,563,779,350,700,100
+48892747754,14,757,622,1157,350,500,100
+48569463429,14,1594,707,1307,250,500,300
+48352484786,16,2018,581,635,250,400,200
+48893694881,18,1507,608,1023,200, , 
+48769282339,20,2486,715,932,400,700,300
+48146676291,15,2056,637,1218,400, , 
+48899447767,15,1973,682,949,250,500,400
+48869243495,15,2135,656,1329,350,600, 
+48245861595,18,1724,380,416,250, , 
+48256431449,14,2028,699,1271,350,600, 
+48273947183,15,1628,523,834,200,600,400
+48148843225,20,2067,581,1208,250,700,300
+48593745295,20,2491,533,1195,350,400,100
+48881615117,14,999,710,1323,400,600, 
+48821139787,16,1965,368,968,350,500,500
+48845785648,16,139,582,590,400,400,100
+48829668782,20,838,498,1218,200,700,400
+48768961911,14,2283,588,1382,200,700,200
+48644198917,15,1776,534,1076,350,500,400
+48511668998,20,1758,595,895,250,800,300
+48322126564,19,152,687,880,350,400,300
+48468993143,17,1928,660,853,250,700, 
+48425487257,20,1946,602,1071,400,700,500
+48595818111,14,35,694,1382,200,400,500
+48682317154,15,1327,700,957,200,400,100
+48782548691,15,2157,589,1067,250, ,400
+48644624977,20,1601,647,801,400,700,200
+48432438427,20,2346,716,1304,200,400,200
+48259795985,15,1939,674,969,400,700,200
+48385581435,15,1349,518,613,400,400, 
+48374245984,15,2407,584,652,250,600,300
+48372727866,15,1222,511,638,200, ,200
+48915578696,16,2165,446,804,350,600,100
+48296552475,16,1979,609,899,400,400,200
+48723278224,17,2072,532,683,350, , 
+48818468545,16,1702,424,1303,350,600,100
+48871433748,16,1942,514,1140,250, , 
+48361652933,17,1178,559,1313,250,700,200
+48471286296,20,2127,535,1133,350,600,400
+48141721992,18,1812,516,1243,200,800,300
+48851437845,19,574,381,550,400,700, 
+48487656641,19,2424,369,598,250,600,100
+48942771488,19,1902,475,1050,200, ,200
+48322915816,16,1510,490,1273,400,400,200
+48285351711,15,1549,628,684,400,600,400
+48458711311,18,1579,457,1127,200,500,400
+48832267862,20,1726,451,1148,350,800,400
+48316417254,15,1837,390,1165,250,400,300
+48963849459,16,1769,715,735,200,500,500
+48144653351,16,1539,651,1152,350,400,200
+48627523167,20,2436,539,1070,200,400,300
+48315298389,14,2032,536,675,250,600,100
+48397844955,17,1914,408,827,200,800,500
+48196741429,18,1981,374,954,250,500,300
+48377688237,14,1670,476,540,400, ,100
+48831777822,16,1725,549,915,350,600, 
+48239689845,18,1813,512,1153,200, ,500
+48813851457,16,1656,615,1105,350, ,500
+48491357665,20,1507,706,826,250,700,100
+48851236957,14,2240,662,1007,200,500,500
+48191435685,14,1025,556,1359,400,600,500
+48138955551,20,577,602,805,400,500, 
+48181349781,15,331,575,757,350,800,500
+48396674143,18,2120,447,1175,200,800,100
+48849779353,16,2433,632,736,400,700,300
+48339316967,16,1552,507,788,400,600,100
+48127886722,15,1545,548,1352,200,600,100
+48177826657,17,1133,415,730,400,800,100
+48433582722,14,2069,690,1037,400,600,500
+48513486641,20,2248,520,1392,250, ,100
+48132812576,15,2058,573,574,200, , 
+48194412855,20,1690,686,944,250,600,300
+48573715885,18,1807,392,1034,200,400,400
+48879236497,18,660,697,1324,350, ,100
+48455568634,18,2067,623,1260,350,700,300
+48488855251,20,1690,613,1323,350,400,300
+48245927559,15,682,701,710,250,700,200
+48331898696,15,1859,464,1222,250,700, 
+48571843726,19,1385,500,998,350,500,400
+48716354877,15,1571,475,908,250,800,400
+48124689287,19,2013,381,1337,200,800,300
+48534827222,18,2294,589,907,350,700,300
+48159536752,19,1465,524,864,200,800,400
+48427892971,14,2060,486,1247,350,800,100
+48595914136,14,2070,647,997,250,500,200
+48542863949,14,2075,425,889,250,800,200
+48269549569,18,2248,512,858,200,700,300
+48787657457,14,2364,643,968,350,500, 
+48798121262,20,1852,638,809,350, ,500
+48923875121,17,2309,497,1035,250,400,100
+48877643779,20,1851,516,554,350,400, 
+48626264532,14,2019,489,1301,200, ,300
+48436413713,20,522,451,1383,200,800,200
+48574218391,18,919,366,658,250, ,300
+48218355146,18,2363,382,1030,200, ,100
+48866978262,18,2472,618,917,200,600,300
+48286265362,17,2066,720,1235,400,600,400
+48476829783,18,1509,629,714,200,600,500
+48655491593,14,1904,576,823,200,400, 
+48522473315,16,2066,471,1139,400,400,100
+48757758383,15,2069,389,702,350,500,300
+48271694725,19,1828,413,1276,400,400,100
+48847884414,20,1819,695,979,200,400,200
+48564953575,16,1939,472,616,350,700, 
+48496856381,17,1295,430,1207,350,600,200
+48484425819,18,1390,511,591,350,500, 
+48555256999,14,2395,706,1293,350,400,200
+48394693991,19,1304,587,1173,250,400,200
+48961414439,18,1617,452,1153,400,700,300
+48387672321,14,1845,627,1053,400,500, 
+48925485746,16,2403,391,915,350,800,200
+48658446469,16,1505,521,1246,400, ,200
+48451975723,19,35,491,950,400,600,100
+48475311375,17,2301,378,1280,200,500,500
+48733191655,19,33,394,1002,250, ,300
+48769951662,18,2438,594,1141,250, , 
+48718345225,19,2313,542,1294,200,700,200
+48575313547,18,1873,382,1313,400, , 
+48774437477,15,1175,443,1263,350,600,500
+48557358991,19,1361,719,1169,350, ,400
+48739912433,14,1996,684,742,200,500,400
+48467618526,20,106,549,684,250,400,200
+48627899977,19,2370,653,1136,350,500,200
+48381615565,20,2116,669,748,200,400,400
+48811454526,14,2485,557,1143,350,500, 
+48264711629,14,1787,377,1263,350,700, 
+48657847199,20,1653,466,1212,200,500,300
+48436556374,20,1860,651,957,250,400,100
+48828582187,16,620,473,902,250, ,100
+48815937247,20,1972,632,1157,200,400,200
+48813283147,19,1554,455,1047,350,700,100
+48469259191,15,1413,680,859,250,500,100
+48236652983,15,2472,395,1182,350,500,300
+48399927214,20,2051,614,1297,350,700, 
+48579792765,17,2110,506,647,200,400,300
+48463148471,20,2015,612,1078,350,600, 
+48813363644,15,1828,486,565,200, ,400
+48967786672,18,2245,600,1282,250,400,100
+48999549871,17,2343,547,908,200,800,200
+48596128616,16,2468,472,560,200,400,400
+48523115292,19,918,394,430,200,400,300
+48263844824,16,2190,715,888,200,700, 
+48884967367,17,1301,588,1221,250,400,100
+48699953956,15,2384,537,670,400, ,100
+48258438451,17,1499,688,1344,400,500,300
+48526437697,14,2147,379,834,200,600,100
+48976914432,16,702,669,1395,200,500,400
+48832171832,20,1976,456,1367,400,500,400
+48276765722,15,2256,512,586,250,400,500
+48178152517,20,1839,592,1356,200,500,300
+48135216861,16,2144,579,967,350,600, 
+48946253821,17,2451,635,1273,350,600,300
+48732583927,18,1902,650,995,250,700,400
+48529119317,18,1506,386,1014,200, , 
+48985514643,14,2263,517,746,200,400,300
+48189966227,18,2366,444,1183,250,500,300
+48377627918,15,2368,544,1188,350,700,100
+48694779912,20,1576,525,1009,250, ,300
+48555878346,16,2453,494,638,350,800,100
+48714497875,19,1529,631,1095,250,800,100
+48375827717,19,474,403,551,200,700,300
+48999353351,19,2429,717,1288,350,700,200
+48658668842,16,1798,521,1274,250,700,200
+48786676983,20,1021,493,801,350,500,200
+48368491452,18,1650,671,850,200, ,200
+48248773686,16,506,500,1289,250,500,400
+48338132139,17,204,521,1214,250,700,300
+48446129855,17,2093,642,1017,400,400,100
+48289787138,18,1709,603,1010,350,500,400
+48455871489,15,1192,413,1164,350,500, 
+48769985763,17,322,587,989,350,500,100
+48257152797,16,627,720,808,400,400,200
+48911155975,14,1656,398,498,350,400, 
+48582594877,20,2474,614,1331,400,800,400
+48167792525,17,1877,515,803,250,800,400
+48886151581,17,1554,585,597,400,400,200
+48261619518,14,2034,445,933,400,500,200
+48662275352,15,1184,611,971,200,600,500
+48357439714,15,1948,474,570,250,500,400
+48924829616,15,2189,445,549,200, ,100
+48584983481,19,233,627,1121,250,600,400
+48434948534,16,792,688,1215,400,400,200
+48331221344,16,180,514,921,250,400,200
+48451873147,17,2358,565,771,350,700,400
+48257799387,19,95,646,1057,250,600,300
+48954736448,16,1877,572,975,350,700,300
+48657875263,19,1818,392,1286,400,800, 
+48316668567,15,1052,460,820,200,800,300
+48177481918,16,218,437,523,250,600,200
+48437644835,19,940,611,1065,200,700,500
+48182742918,16,1634,412,1170,400,500,100
+48646925248,19,1502,661,1281,400,400, 
+48873912412,20,2274,519,1371,400,400, 
+48248948986,16,2011,471,756,250,400,100
+48696778257,20,1663,692,781,250,400, 
+48142766563,19,432,560,1141,400,800,500
+48183181399,18,1086,493,747,350, ,200
+48534643334,20,628,453,737,400,500, 
+48995768541,19,1770,652,1165,200,600,300
+48421582844,17,1915,421,1357,200,600,100
+48876886366,14,1714,448,682,350,700, 
+48382366256,20,1901,442,613,250, ,500
+48798121262,18,1852,495,942,250,800,100
+48124853253,20,2344,653,1244,400,400,400
+48934126967,18,13,442,576,200,600,100
+48125445955,17,1274,486,802,400,700,500
+48219541721,17,1884,601,1238,200,800,400
+48532758598,19,2499,660,1058,350,500,300
+48933696325,20,1715,414,1338,200,400,200
+48761819776,16,1150,640,746,250,800, 
+48458484973,17,2127,641,1186,350, ,100
+48855446119,16,2383,415,545,200, ,100
+48969282361,17,1989,581,1117,350,400,200
+48532696816,17,1877,671,714,200,600,500
+48951821441,14,366,435,1224,400,400,200
+48737285952,20,1461,431,515,350,500,300
+48735853113,17,2266,425,825,200, ,200
+48163333114,18,2460,612,1286,350, ,400
+48421616592,14,1834,565,671,200,400,400
+48221147787,18,2478,530,1242,200,600,200
+48587583748,17,1792,452,1220,350,600,500
+48752313253,16,1623,476,825,250,700,100
+48616922855,17,482,591,1277,200,400,100
+48153547912,20,1542,455,1036,400,800,400
+48869444332,20,830,640,1075,200, ,400
+48227256813,14,1107,540,1250,350,500, 
+48676886585,16,141,671,1278,200,500,400
+48722195711,19,1621,719,911,200, , 
+48955191854,17,2205,468,785,350, ,200
+48798121262,18,1852,503,798,400,700,400
+48866372152,14,202,698,1262,250, ,200
+48211792621,16,1691,577,848,400,800,300
+48666252354,19,1550,588,1250,350,500,500
+48698219127,20,1543,606,1087,350, ,500
+48148252385,19,1809,419,1123,200, ,400
+48877392775,20,1719,586,1141,250,500,500
+48579729675,16,2115,692,919,250, , 
+48271994413,16,891,640,1103,250,800,300
+48586214369,18,1098,481,1016,350,500, 
+48282419681,15,278,612,726,350,500,100
+48813792967,17,1541,650,669,350,500,500
+48329447726,18,1707,479,1023,200,600, 
+48976835979,14,1910,636,757,400,500,300
+48562991622,20,2464,713,1386,200,700,300
+48445163619,16,2019,393,1085,200,500,100
+48898887654,20,1692,517,1222,400,500,500
+48141137237,18,253,641,748,400,700,200
+48211638414,20,1780,410,1057,250,500,300
+48689198659,18,1029,668,1195,350,500,300
+48727537981,20,1823,401,705,400,800,300
+48176619118,20,1905,577,1172,250,700,400
+48297675528,18,1512,455,636,400, ,200
+48131169135,17,1852,532,1106,400, ,300
+48131716852,20,2013,561,1179,200,600,400
+48866287393,18,2393,454,1167,400,700,400
+48583726721,18,568,595,1241,250, ,400
+48936815254,14,2275,397,1119,250, ,200
+48332159141,17,737,500,1389,400, ,400
+48446323537,20,49,629,785,400,800,500
+48744191561,18,2175,581,1345,200, , 
+48127769923,17,2209,399,785,400,500,200
+48327754167,20,2202,406,1201,250,400,100
+48389559895,14,1767,626,1131,200,700,400
+48579819494,17,1555,570,1144,250,600,200
+48474699213,14,1433,407,978,350,400, 
+48426774135,18,2296,460,904,200,500,300
+48334285685,20,1686,493,1025,250, ,400
+48997642586,17,2455,720,1076,200,600,400
+48551436162,17,1475,471,595,200,600,500
+48689165672,17,2456,430,852,200,800,100
+48173891519,15,1558,631,1179,250,700,400
+48397249432,19,2196,653,773,250, ,200
+48912314671,14,2440,571,600,350,700,200
+48196837212,15,1858,538,1247,200,400,400
+48695694163,18,2361,435,1088,350,600,400
+48463512741,14,1648,393,841,250,400,200
+48644644651,20,2237,593,840,350,400,200
+48658668842,17,1798,715,1091,200,500,100
+48818468545,15,1702,468,865,200,800,200
+48597262552,20,2142,663,933,350,600,300
+48658668842,18,1798,443,592,350,800,500
+48989773134,20,2148,543,737,350,800, 
+48212385611,17,619,624,987,350,600,100
+48969282361,17,1989,572,1345,400,800,200
+48855111117,14,1762,397,416,250,700,300
+48791479421,20,2194,445,1182,400, ,400
+48744771461,20,2367,488,585,200,700,400
+48878843375,14,2106,522,1379,250, ,100
+48388327693,15,2317,514,1140,200,600, 
+48617547349,18,1793,632,1213,350,800,200
+48381463343,19,2434,369,629,200,600,100
+48659628453,15,2332,662,841,250,600,300
+48174175182,19,2411,444,1091,350,600,100
+48463222987,16,2139,669,828,250,800,500
+48438364854,18,2355,393,993,200, ,200
+48136683724,20,731,572,1157,250,400,400
+48123874577,20,2161,716,799,350,600,300
+48673971749,16,1752,392,1104,250,600,500
+48579916369,17,1499,646,824,350,600,200
+48915851527,19,1518,387,669,250,400,100
+48797181853,16,1815,568,712,250, ,400
+48266152369,20,2344,580,610,350, ,100
+48319777398,17,2475,664,828,400,700,400
+48475785628,15,2388,494,1122,250,400,200
+48234693823,20,1532,396,1309,200,500,100
+48889894979,18,2026,429,450,400,800,300
+48319777398,15,2475,582,1253,200,500,100
+48715876177,17,2339,415,1099,250,700,100
+48388286255,20,2129,664,1319,350, ,100
+48161691867,20,2405,655,941,200,400, 
+48778335961,17,2265,373,1239,400,800,300
+48143292692,16,1785,455,1337,200,500,100
+48314869179,14,1997,717,1219,250, ,300
+48264711629,18,1787,699,767,350,600,500
+48923821821,20,1922,664,1213,200,800,300
+48156359244,19,2005,458,1079,200,400,500
+48874522735,19,1919,614,675,400, , 
+48584675274,17,1578,609,621,350,500,500
+48797747326,17,1638,378,1141,350,500,400
+48533379157,14,1561,437,514,250,700,200
+48324737478,15,1197,466,913,200,700,100
+48694165757,17,2078,447,546,350,500,100
+48383927593,17,12,423,1273,350,400,200
+48432771177,20,1706,606,802,250,700, 
+48881847324,18,1069,512,1028,250, ,100
+48231866989,17,2216,598,958,400,800,200
+48515224959,18,1725,640,1167,250, ,300
+48987227572,14,2485,661,700,400,400,400
+48452764791,18,2261,448,1267,350,400,300
+48369262951,17,1984,608,775,200, , 
+48263546968,19,1701,675,1292,400,500, 
+48959871138,20,1735,673,809,250,700,500
+48581675996,14,1561,631,1382,350,800,400
+48479295623,19,769,444,599,350,800,200
+48644624977,14,1601,621,1148,350,700,500
+48137968756,17,482,718,1354,400,600,200
+48683323538,17,1454,541,903,250,600,100
+48521132772,17,1836,714,1238,400,600,100
+48489853848,16,2117,708,935,400,500,300
+48663617874,16,2014,668,1272,250,700,200
+48585269243,20,2307,718,1029,400,700,300
+48231226848,18,2429,535,1123,200,400,400
+48543273429,14,2156,425,941,400,700,100
+48529873476,15,2366,552,752,350, ,400
+48312317781,15,150,556,574,350,600,100
+48162971444,19,1976,593,1292,400,600,200
+48268412514,16,1889,585,1294,200,600,200
+48921852438,20,2470,415,868,400,600,400
+48559368339,15,1703,570,868,250,800,100
+48562527667,15,1841,481,785,400,600,200
+48991982565,14,1574,445,1189,250,500,300
+48549829196,18,1693,366,934,400,800,300
+48341457339,14,1573,462,876,250,700,400
+48425727342,19,1657,453,787,250, ,400
+48524538742,16,1783,641,846,400, ,400
+48524822183,20,2384,404,877,400,400, 
+48947589418,18,2212,505,743,350,700,500
+48552498682,18,1989,448,831,200,700,200
+48267795833,19,1782,586,601,200,500,300
+48899528483,14,1842,429,851,400,400,100
+48832267862,14,1726,450,1151,400, ,100
+48467746851,16,1220,427,891,200,400,200
+48162161689,20,2090,535,1385,200,800,100
+48817984388,16,406,623,1198,350,800,200
+48744997714,14,1267,443,908,350,400,200
+48658446469,20,1505,720,1021,350,400,500
+48832267862,15,1726,663,1194,350,500,500
+48571431358,14,2030,594,774,200, ,200
+48915753795,20,2407,684,1344,400,500,500
+48416228877,20,252,558,648,200, ,300
+48561217181,16,1520,370,1034,250,800,500
+48637691137,20,1935,662,1108,350,700,200
+48244162388,18,1685,367,730,200,400,500
+48892675319,20,1888,461,918,400,800,400
+48914789379,17,792,683,1263,400,700,400
+48519778737,18,2385,477,1193,400,400, 
+48459773813,18,1581,415,1229,400,600,200
+48879522696,15,1580,688,706,400, ,100
+48257296346,17,2237,413,786,250,400, 
+48684698594,17,880,502,806,250, ,200
+48388286255,18,2129,545,1166,200,600,100
+48549496397,18,1717,400,668,200, , 
+48699811711,17,1616,455,546,400,400,200
+48796858185,15,2393,370,1129,250,400,400
+48316949543,19,2441,420,653,350,400,500
+48156836447,19,1906,555,1155,200,700,200
+48483858113,17,1971,498,631,250,400,300
+48976353642,20,1992,380,443,400,600,200
+48732881998,15,2082,618,1228,250,400,400
+48155784966,15,2051,494,986,250,600,200
+48651449862,16,2402,531,1006,350,600,300
+48757728114,18,2494,569,572,350,700,400
+48478395225,14,1771,418,1329,350,600,400
+48328336592,18,524,600,1105,200,800,100
+48719682784,18,49,526,1373,350,400, 
+48225218543,18,2313,556,1025,250, ,100
+48718254515,15,1906,688,983,250,600,200
+48494953513,16,1651,521,1396,350,600, 
+48795581334,17,2053,621,940,400,400,500
+48612456716,15,2325,374,557,250,800,500
+48365388253,17,2306,524,1226,250,800, 
+48849187759,15,1648,716,973,350,400,500
+48399634256,20,2041,563,988,250,600,300
+48798854576,18,1911,423,791,400,800,500
+48155952496,15,1982,436,703,200,700, 
+48946815578,16,2122,431,466,400, ,500
+48777291771,16,1292,624,714,350,400,500
+48631625485,14,2469,458,560,200,800,500
+48344337291,14,1767,456,869,200,700,400
+48343824124,20,2450,555,855,250,800,400
+48287337568,20,2216,513,1087,250,400,400
+48941165534,18,1938,553,1008,350,800, 
+48378281425,14,1843,646,712,250, ,300
+48215157495,15,1586,400,468,250,700,100
+48984526255,17,2346,672,1346,400,800,400
+48912769125,15,2204,492,1216,350,700,100
+48873965749,14,2220,552,822,200,400, 
+48755669943,15,2447,394,809,350, ,300
+48711824165,17,2098,708,835,400,700, 
+48814661125,16,1526,642,647,350, , 
+48597611516,17,761,482,856,350,600,500
+48871376361,16,2340,539,669,200,400,500
+48256246468,18,1688,616,1166,250, ,400
+48846359744,16,2278,582,903,400,600, 
+48739862323,16,1450,574,631,400,800,200
+48352322845,16,543,555,863,400,500,100
+48298511749,14,1663,640,719,400,500,200
+48194412855,20,1690,412,1167,200,500,500
+48132794931,16,2154,417,810,200,600,500
+48298556326,15,2294,586,967,250,600,100
+48392271739,17,1152,376,692,400,600,300
+48989376762,15,574,677,755,250,400,200
+48292823165,18,1594,469,1071,200,700,200
+48868558944,17,1403,609,643,250,600,300
+48469386166,16,2337,375,464,400,800, 
+48376158522,15,2476,665,1214,400,500,300
+48728949472,20,2088,411,931,400,700,500
+48555967799,20,477,553,784,400,400,400
+48428422445,20,2141,469,999,200,600,400
+48328331632,19,1424,709,937,350, ,400
+48723296568,16,1698,552,859,400,600,200
+48668524646,14,1578,570,921,200,700,500
+48557821641,16,53,574,1240,350,800,100
+48321524894,19,2434,464,1299,250,800,100
+48153143457,14,2299,597,612,400,600,500
+48399495857,19,1531,530,1174,200,800,300
+48636189536,14,1993,385,949,400,400,300
+48625478122,16,120,434,1279,350,600,200
+48537174415,15,1781,446,854,200, ,300
+48712698526,16,2117,685,924,350, , 
+48654629273,17,1847,375,1029,250,400,200
+48364892663,18,1933,652,1011,200,800,300
+48659319681,19,2463,382,945,400,400,500
+48451363258,15,2290,470,1354,400,400,300
+48341654928,19,1571,708,1290,200,400,300
+48338327474,18,2270,463,682,400,700, 
+48498872485,16,1830,658,760,200,400,500
+48489332669,14,1919,445,999,400,400,200
+48275982561,15,1635,658,744,250,800,300
+48144493484,17,2272,691,1128,250,400,100
+48114435824,17,2308,446,1000,250,700,200
+48528277534,15,1445,667,1235,400,500,500
+48571638855,17,387,678,1109,400,800,100
+48236438552,20,1988,403,553,350,500,300
+48297735959,17,1832,421,1230,350,400,100
+48623891265,15,2308,666,1322,350,700,500
+48913715167,18,29,685,1285,400,400,100
+48611533934,17,1777,401,1279,200,800,500
+48989722827,20,621,573,740,250,600, 
+48192336278,19,183,564,1279,400,500,400
+48236652983,15,2472,456,651,350,500,500
+48655854888,14,1940,542,1216,200,600,300
+48542368976,19,702,564,652,250,800,200
+48194771138,15,1975,716,1347,400,400,200
+48991512493,17,1987,414,650,350,400,300
+48587595926,18,2451,698,794,250,700,200
+48572221357,16,2304,504,924,400, ,500
+48125628691,18,2139,401,1317,350,600,300
+48228267467,15,1651,597,1104,250,500,200
+48325229185,14,448,419,1324,200,700,400
+48342755761,18,1355,621,1135,400,600,200
+48831899436,16,1640,523,702,400,500,500
+48312794877,17,418,460,675,200,700,100
+48973278677,17,2446,467,1011,350, ,500
+48117382456,20,1967,518,971,400, ,400
+48297689691,16,1565,598,985,350,500,400
+48215389746,19,1207,597,1318,400,500, 
+48376151281,17,1660,557,585,200, ,300
+48168225311,20,2426,505,1362,250,800,100
+48998662863,16,2445,681,1382,350,600,100
+48935982453,18,1747,631,827,200,400,200
+48959871138,15,1735,430,547,200,800,300
+48845734129,16,1000,638,998,200, ,500
+48776579877,18,1739,456,906,350,800,200
+48419115851,19,1731,693,948,400,500, 
+48647183878,14,86,610,748,350,400,100
+48434692189,16,2105,383,1366,250,500,100
+48543273429,20,2156,532,895,350,400, 
+48256431449,20,2028,389,1122,350,400,300
+48358981372,15,1639,407,777,350,700,300
+48656582596,17,2186,614,719,200,700, 
+48356293651,17,1909,686,1089,250,500,100
+48216945285,19,422,711,1098,250,700,300
+48464753461,18,2462,662,1214,250,600,300
+48651365959,19,2081,621,1282,250,700,500
+48194413374,18,63,573,630,250,600, 
+48896442388,15,2357,430,1183,350, ,300
+48853252718,19,2209,634,877,200, ,200
+48555231545,14,1806,507,1040,400,800,400
+48315532255,17,2053,614,1110,200,700,300
+48974643194,19,21,704,953,250,400, 
+48397516812,16,2458,583,1143,400,600, 
+48645845711,18,2134,448,1045,400,700,100
+48345931223,14,2118,474,687,250,500,300
+48667431248,15,2065,509,601,250,700,300
+48753386434,15,2218,640,1090,350,800,200
+48362766818,14,2468,539,1032,250,500,400
+48477188868,16,2090,618,678,350,800, 
+48579516366,18,2491,491,865,250,400,200
+48233673192,14,171,679,1018,200,500,400
+48353788185,18,312,367,473,250,600,200
+48359219154,19,1430,406,494,400, ,400
+48642148987,20,1476,627,713,350,500,300
+48239814624,18,2406,483,800,200, , 
+48726712142,16,2345,403,646,200, ,500
+48993422947,19,2110,373,1356,350,600,500
+48491124493,15,2206,386,1048,200,800,100
+48276912271,17,2086,437,775,350, , 
+48149952659,20,1649,670,1335,400,700,300
+48778678258,18,1249,383,1254,400,800,300
+48466145844,17,573,696,990,200,400,200
+48965443438,18,1983,507,890,200,400,100
+48592114469,17,683,633,1207,250,400,200
+48748261172,20,175,583,954,350,600,100
+48758674126,15,1903,592,867,400,700,100
+48946641541,14,1662,389,928,400,400,400
+48233127163,16,2043,605,623,350,500,100
+48419822767,18,2224,717,750,350,400,300
+48548839155,18,743,550,945,400, , 
+48171978561,16,2346,653,1294,250,600,100
+48226126957,19,1710,619,835,350,700,400
+48267884246,15,2324,424,694,350,800,400
+48699956554,15,1777,481,1243,250,400,200
+48174175182,20,2411,680,895,200,700,400
+48429359248,19,1193,486,958,250,400, 
+48433191117,19,2261,629,731,250, ,200
+48542322744,19,1810,518,1365,400,700,500
+48465556463,18,2111,555,890,400, , 
+48959871138,14,1735,651,1086,400,500,300
+48532749778,20,1967,649,932,250,600, 
+48687578249,15,1943,400,1352,350,400, 
+48666921327,19,2463,706,1197,400,800,200
+48967432334,17,2222,543,1348,250,700,200
+48794513878,14,2409,628,1022,250, ,300
+48645845711,15,2134,487,1235,400,700,500
+48978344661,20,1674,548,1280,400,800,500
+48113834132,14,2294,489,975,350,800,300
+48786484346,14,927,478,626,350,700,400
+48562991622,19,2464,498,670,250,400,400
+48126864755,18,2286,438,1163,400,500, 
+48133495931,18,581,471,1175,200,700,500
+48899848264,19,2415,447,1142,200,800,500
+48999725192,15,1588,368,1386,400,700,300
+48685621539,19,1986,508,1274,350, ,100
+48357787412,18,2421,401,1378,400, ,200
+48768952837,19,1207,495,921,250, ,300
+48166577364,16,2107,454,1237,250,400, 
+48921392712,20,2249,679,1251,400,500,100
+48518479911,18,929,538,1309,400,600,500
+48734393793,20,1355,373,651,250,800, 
+48438115966,14,1864,636,1130,250,500,200
+48832538918,17,1622,693,990,200,500,400
+48317265845,18,1548,612,635,400,500,500
+48818245965,16,1652,659,1269,400,800,300
+48228698517,18,2426,670,1267,250, ,500
+48825812292,17,1914,380,1083,400,600,500
+48215584762,18,1737,515,801,400,600,300
+48888434149,18,2396,640,1040,200,600, 
+48881615117,16,999,662,1373,200,600,500
+48921555691,15,1795,603,821,350,700,100
+48393596937,20,1700,599,938,250,800,400
+48772173884,17,1847,434,1342,350,500,400
+48683522831,20,2322,499,1214,200, ,200
+48944469416,16,2137,665,1321,400,600,500
+48659679416,17,2370,433,606,350,600,100
+48725565586,20,1679,686,1109,400,500,300
+48951747437,17,1582,536,898,400,500,300
+48839974416,17,443,551,806,250,500,500
+48767374486,14,2093,473,1263,200,500,400
+48389524412,20,1835,386,555,350, ,100
+48468922171,15,39,473,1145,250,400,200
+48163333114,16,2460,501,800,250,600,500
+48135675128,20,1649,601,786,200, ,100
+48528572476,15,1729,676,1063,200,500,100
+48241265736,15,2178,431,1224,250,500, 
+48711626488,15,1761,713,890,350,500,200
+48735657842,17,2006,708,1395,250,500,400
+48895189827,16,2175,582,1373,400, ,300
+48667431248,20,2065,468,1333,250,800,400
+48594776142,19,1616,570,1267,200,600, 
+48532692363,16,1740,517,1012,250,600,400
+48949465724,20,2025,691,880,350,500,400
+48439499819,17,1640,534,1241,200,600,200
+48427874458,15,2057,385,1300,400,700,500
+48443764715,16,130,717,990,400,700,500
+48968316368,14,1001,449,1139,200, , 
+48488852878,18,1671,442,491,250,500,400
+48523259275,16,1847,384,1376,200,400,200
+48886848811,20,2098,715,848,350, ,500
+48144976977,16,17,399,1025,200,600,200
+48673895433,16,1938,480,1300,200, ,200
+48998836252,16,2379,386,539,400, ,500
+48853252718,18,2209,606,809,250,400,200
+48629472951,15,2423,490,503,200,400,400
+48493871917,18,1007,710,1129,350,800,100
+48593774627,18,2394,390,534,400,500,100
+48812848587,19,1854,575,736,250,700,300
+48644213153,18,1405,596,998,400, ,400
+48974356984,16,2495,465,1100,350,800,500
+48781858389,19,2188,600,955,250, , 
+48923643164,20,385,504,1098,250, , 
+48792863143,19,1534,644,1034,200, ,400
+48755224359,14,2140,424,562,400,800,200
+48637691137,15,1935,611,1026,250,600,400
+48346379831,15,2275,673,1307,350, ,400
+48719116928,17,1371,557,744,200,800,300
+48463512741,18,1648,557,1285,200,500, 
+48946815578,15,2122,499,1226,250,400,500
+48353788185,14,312,507,710,400,600,300
+48668181537,16,2454,699,1242,350, ,400
+48475472417,19,139,423,1242,400, ,300
+48997582673,18,936,478,1182,200,400, 
